index,dateCrawled,name,seller,offerType,price,abtest,vehicleType,yearOfRegistration,gearbox,powerPS,model,kilometer,monthOfRegistration,fuelType,brand,notRepairedDamage,dateCreated,nrOfPictures,postalCode,lastSeen
348986,2016-03-25 19:57:53,Opel_Calibra,privat,Angebot,10000,test,coupe,1992,manuell,0,calibra,150000,10,benzin,opel,nein,2016-03-25 00:00:00,0,94269,2016-04-05 00:17:25
183474,2016-04-04 15:56:41,Mercedes_Benz_C180_Kombi,privat,Angebot,850,test,kombi,1998,manuell,122,c_klasse,150000,11,benzin,mercedes_benz,,2016-04-04 00:00:00,0,68526,2016-04-04 15:56:41
367615,2016-03-24 20:58:52,Auto_an_Bastler,privat,Angebot,150,test,,2000,manuell,0,almera,150000,0,,nissan,,2016-03-24 00:00:00,0,17213,2016-04-03 14:47:37
32810,2016-03-24 12:57:58,Audi_A3_1.6_Ambiente,privat,Angebot,3398,test,limousine,2003,manuell,102,a3,150000,3,benzin,audi,nein,2016-03-24 00:00:00,0,36043,2016-04-07 04:45:42
342339,2016-03-29 08:55:03,Verkaufe_Mercedes_Benz_C_180.,privat,Angebot,1400,control,limousine,1996,manuell,0,c_klasse,150000,6,benzin,mercedes_benz,,2016-03-29 00:00:00,0,38162,2016-04-05 18:18:29
102774,2016-03-15 15:36:44,Biete_meinen_Polo_6N_an_Bastler,privat,Angebot,400,control,kleinwagen,1996,manuell,45,polo,150000,1,benzin,volkswagen,nein,2016-03-15 00:00:00,0,56112,2016-03-15 18:26:28
96723,2016-03-16 19:47:10,Opel_Corsa_Swing,privat,Angebot,0,test,kleinwagen,1996,automatik,60,corsa,150000,7,benzin,opel,ja,2016-03-16 00:00:00,0,72131,2016-04-01 08:16:37
206349,2016-03-12 18:53:47,Volkswagen_Polo_1.4_CrossPolo,privat,Angebot,6900,test,kleinwagen,2006,manuell,80,polo,70000,7,benzin,volkswagen,nein,2016-03-12 00:00:00,0,22941,2016-03-16 00:47:02
337351,2016-03-08 14:48:42,Volvo_940_GL,privat,Angebot,1600,test,kombi,1992,automatik,131,andere,150000,3,benzin,volvo,nein,2016-03-08 00:00:00,0,28844,2016-03-08 14:48:42
6932,2016-03-10 20:37:01,Mercedes_Benz_C_200_T_Classic,privat,Angebot,1100,test,kombi,1996,manuell,136,c_klasse,150000,5,benzin,mercedes_benz,nein,2016-03-10 00:00:00,0,85748,2016-04-06 19:18:11
30512,2016-03-11 21:40:50,Alfa_Romeo_Spider_2000_Veloce_Fastback,privat,Angebot,12900,test,cabrio,1979,manuell,126,spider,20000,4,benzin,alfa_romeo,nein,2016-03-11 00:00:00,0,47475,2016-04-06 05:46:30
67641,2016-03-13 14:51:20,Audi_A4_1.8T_Avant_quattro_208ps_vollausstattung,privat,Angebot,3500,test,kombi,1998,manuell,208,a4,150000,0,benzin,audi,nein,2016-03-13 00:00:00,0,46238,2016-03-15 17:46:54
224130,2016-03-14 16:43:47,Mercedes_Benz_C_180_Elegance,privat,Angebot,2700,test,limousine,2001,manuell,122,c_klasse,150000,1,benzin,mercedes_benz,nein,2016-03-14 00:00:00,0,45884,2016-03-23 16:48:49
355676,2016-04-04 19:57:31,Opel_Astra_Cabrio_2.2_16V,privat,Angebot,4200,test,cabrio,2003,manuell,147,astra,125000,4,benzin,opel,nein,2016-04-04 00:00:00,0,47551,2016-04-06 22:17:14
136014,2016-03-26 14:52:22,Passat_Variant_2.0_TDI_BlueMotion_Technology_Highline,privat,Angebot,10000,control,kombi,2013,manuell,140,passat,40000,6,diesel,volkswagen,nein,2016-03-26 00:00:00,0,10115,2016-03-26 14:52:22
155434,2016-03-21 12:37:50,Verkauf_meinen_Fiat_ducato,privat,Angebot,1400,control,bus,1996,manuell,69,ducato,150000,3,diesel,fiat,,2016-03-21 00:00:00,0,14478,2016-03-25 08:45:44
27243,2016-03-21 17:56:01,Vw_Kaefer.__1300._Zum_Restaurieren.,privat,Angebot,1999,control,kleinwagen,1971,,0,kaefer,125000,0,,volkswagen,,2016-03-21 00:00:00,0,94036,2016-03-24 07:18:30
60939,2016-04-03 14:06:22,Suche_X5_E53_3_0d,privat,Angebot,5000,control,,2005,,0,x_reihe,150000,0,,bmw,,2016-04-03 00:00:00,0,65599,2016-04-06 20:19:45
185473,2016-03-19 23:59:20,PEUGEOT_306_zuverkaufen.,privat,Angebot,400,control,limousine,2001,manuell,75,andere,150000,7,,peugeot,ja,2016-03-19 00:00:00,0,37242,2016-04-05 12:21:15
238405,2016-04-04 21:36:55,Citroën_C3_Picasso_VTi_95_Selection,privat,Angebot,12500,test,bus,2014,manuell,95,c3,20000,3,benzin,citroen,nein,2016-04-04 00:00:00,0,74927,2016-04-07 00:15:24
203356,2016-03-07 15:54:59,Mercedes_Benz_C_180,privat,Angebot,2800,control,limousine,2001,manuell,129,c_klasse,150000,3,benzin,mercedes_benz,nein,2016-03-07 00:00:00,0,4105,2016-04-05 12:16:19
306595,2016-03-27 14:51:55,Opel_Corsa_1.0_12V,privat,Angebot,800,control,kleinwagen,2001,manuell,58,corsa,150000,6,benzin,opel,nein,2016-03-27 00:00:00,0,25779,2016-04-07 11:45:09
58139,2016-03-26 12:50:37,BMW_525d_touring_Edition_Exclusive,privat,Angebot,5800,control,kombi,2003,manuell,163,5er,150000,3,diesel,bmw,nein,2016-03-26 00:00:00,0,86679,2016-03-31 07:46:03
321741,2016-03-12 20:49:52,Mercedes_Benz_CE_220,privat,Angebot,4000,test,coupe,1994,manuell,150,andere,150000,4,,mercedes_benz,nein,2016-03-12 00:00:00,0,45478,2016-03-18 01:16:26
209580,2016-03-11 10:48:04,Opel_Corsa_1.2_16V_Sport,privat,Angebot,1900,test,kleinwagen,2003,manuell,75,corsa,150000,8,benzin,opel,nein,2016-03-11 00:00:00,0,55276,2016-03-28 17:48:13
84819,2016-03-21 17:46:26,Ford_Escort,privat,Angebot,3300,control,limousine,1978,manuell,54,escort,70000,2,benzin,ford,nein,2016-03-21 00:00:00,0,63607,2016-04-04 16:17:47
169359,2016-04-01 17:06:26,Ford_Focus_Coupe_Cabriolet_2.0_16V_Aut.,privat,Angebot,12500,test,cabrio,2010,automatik,145,focus,80000,5,benzin,ford,nein,2016-04-01 00:00:00,0,65479,2016-04-07 12:44:37
260711,2016-03-07 16:36:16,Bmw_E38_750_V12,privat,Angebot,1050,control,limousine,1996,automatik,0,7er,150000,5,benzin,bmw,,2016-03-07 00:00:00,0,6766,2016-03-09 11:45:43
19018,2016-03-09 15:37:43,Ford_Mondeo_Turnier_1.8_Benzin,privat,Angebot,2999,control,,2017,manuell,125,mondeo,150000,11,,ford,nein,2016-03-09 00:00:00,0,78664,2016-03-23 01:17:49
8546,2016-03-31 18:36:56,Volkswagen_Golf_Plus_2.0_TDI_DPF_DSG_Life,privat,Angebot,15600,control,bus,2013,automatik,140,golf,40000,12,diesel,volkswagen,nein,2016-03-31 00:00:00,0,59069,2016-04-02 13:47:46
233702,2016-03-16 14:37:05,Ford_S_Max_Titanium__Garantie_bis_2018,privat,Angebot,30000,test,bus,2015,automatik,239,s_max,5000,8,benzin,ford,nein,2016-03-16 00:00:00,0,22301,2016-03-24 06:16:27
23504,2016-03-17 15:38:53,BMW_520d_Touring,privat,Angebot,7400,test,kombi,2007,manuell,150,5er,150000,1,diesel,bmw,nein,2016-03-17 00:00:00,0,66578,2016-03-17 15:38:53
269241,2016-03-28 20:39:50,Volkswagen_Golf_5_GTI,privat,Angebot,8300,control,coupe,2005,manuell,200,golf,150000,3,benzin,volkswagen,nein,2016-03-28 00:00:00,0,73557,2016-04-01 06:15:28
296134,2016-03-21 10:41:47,Subaru_Justy_mit_TÜV_bis_09/16_fahrbereit,privat,Angebot,250,test,,2016,manuell,85,justy,150000,0,,subaru,,2016-03-21 00:00:00,0,1705,2016-03-21 10:41:47
172464,2016-04-01 15:48:52,Seat_Arosa,privat,Angebot,800,test,kleinwagen,2001,manuell,0,,150000,0,benzin,seat,ja,2016-04-01 00:00:00,0,50171,2016-04-07 13:50:06
240504,2016-03-08 15:46:07,Fiat_Palio_Weekend_16V___guter_Zustand,privat,Angebot,600,test,kombi,1999,manuell,101,andere,100000,0,benzin,fiat,nein,2016-03-08 00:00:00,0,91522,2016-04-06 10:44:36
266408,2016-03-24 16:46:24,GOLF_1_CABRIO_WOLFSBURG_EDITION_SONDERMODELL_KARMANN,privat,Angebot,5850,control,cabrio,1994,manuell,92,golf,150000,1,benzin,volkswagen,nein,2016-02-09 00:00:00,0,22549,2016-04-06 04:44:21
79721,2016-03-19 17:25:41,Bmw_e_36_320_cabrio,privat,Angebot,2990,test,cabrio,1994,manuell,150,3er,150000,8,benzin,bmw,ja,2016-03-19 00:00:00,0,35586,2016-04-06 00:16:59
362101,2016-04-04 23:50:34,Sehr_schoenen_Renault_megane_abzugeben,privat,Angebot,1800,control,coupe,2003,manuell,113,megane,150000,0,benzin,renault,nein,2016-04-04 00:00:00,0,46537,2016-04-07 08:46:56
325584,2016-04-04 13:38:03,Porsche_911__997__Carrera_4_S_Cabrio_blau/blau/blau,privat,Angebot,49997,control,cabrio,2007,manuell,355,911,100000,1,benzin,porsche,nein,2016-04-04 00:00:00,0,86551,2016-04-06 14:45:05
318378,2016-03-06 01:56:48,Mercedes_Benz_C_180_T_Kompressor_Classic,privat,Angebot,5900,control,kombi,2006,manuell,143,c_klasse,150000,12,benzin,mercedes_benz,nein,2016-03-06 00:00:00,0,15757,2016-03-11 20:15:34
330370,2016-03-20 12:49:25,MINI_Cooper_S_Clubman,privat,Angebot,7995,test,kombi,2008,manuell,175,clubman,150000,6,benzin,mini,nein,2016-03-20 00:00:00,0,41564,2016-04-06 12:46:30
210914,2016-04-07 00:36:33,"*AKTION*_Opel_Astra_G_Coupe_1.8__79TKM__Schwarz_17""ALU_Wert_4900€",privat,Angebot,2500,test,coupe,2003,manuell,125,astra,80000,7,benzin,opel,nein,2016-04-07 00:00:00,0,10245,2016-04-07 00:36:33
171168,2016-03-28 22:43:31,Astra_mach_mir_Angebote_?,privat,Angebot,3250,control,kombi,2005,manuell,125,,5000,5,benzin,opel,nein,2016-03-28 00:00:00,0,48336,2016-03-30 14:45:38
271799,2016-03-22 16:25:19,Audi_A6_Avant_3.0_TDI_DPF_S_line_quattro_tiptronic,privat,Angebot,8900,test,kombi,2007,automatik,232,a6,150000,12,diesel,audi,nein,2016-03-22 00:00:00,0,60437,2016-04-06 15:44:13
60264,2016-03-24 09:54:17,Verkaufe_ein_Renault_Twingo__Tuev_Neu__,privat,Angebot,1500,control,kleinwagen,2000,manuell,58,twingo,150000,7,benzin,renault,nein,2016-03-24 00:00:00,0,32547,2016-03-24 10:46:00
193072,2016-03-22 08:52:12,Ford_Focus_Turnier_1.6_Ti_VCT_Titanium,privat,Angebot,12000,control,kombi,2012,manuell,105,focus,90000,6,benzin,ford,,2016-03-22 00:00:00,0,96215,2016-04-05 20:46:31
173900,2016-03-27 10:52:33,A_KLASSE_1_6_Benziner_mit_Motorschaden,privat,Angebot,350,control,,2016,manuell,0,a_klasse,150000,0,benzin,mercedes_benz,ja,2016-03-27 00:00:00,0,46414,2016-03-27 11:41:38
47723,2016-03-27 22:58:39,Sparsamer_Stadtflitzer_Seat_Arosa,privat,Angebot,950,test,kleinwagen,2001,manuell,50,arosa,150000,3,benzin,seat,nein,2016-03-27 00:00:00,0,93437,2016-04-06 07:45:01
323937,2016-03-30 16:54:18,Renault_Twingo_abzugeben_wegen_Neuanschaffung,privat,Angebot,3900,test,limousine,2011,manuell,75,twingo,90000,8,benzin,renault,nein,2016-03-30 00:00:00,0,57223,2016-04-07 08:16:44
346782,2016-04-02 08:21:36,328i_ci__TÜV_bis_02/2017_Festpreis_2500€,privat,Angebot,2700,control,coupe,1999,automatik,0,3er,150000,5,benzin,bmw,,2016-04-01 00:00:00,0,65201,2016-04-06 20:17:43
184587,2016-03-11 13:48:30,A_160_Automatik_mit_geringer_km_Leistung,privat,Angebot,3950,test,kleinwagen,2002,automatik,102,a_klasse,50000,12,benzin,mercedes_benz,nein,2016-03-11 00:00:00,0,7554,2016-03-14 10:17:38
153445,2016-03-14 13:51:41,Ford_Fiesta_1.6_Ti_VCT_Sport,privat,Angebot,8200,test,kleinwagen,2010,manuell,120,fiesta,90000,3,benzin,ford,nein,2016-03-14 00:00:00,0,86931,2016-03-16 03:45:10
149658,2016-03-14 17:37:57,BMW_530d,privat,Angebot,9850,test,limousine,2003,manuell,218,5er,150000,7,diesel,bmw,nein,2016-03-14 00:00:00,0,93057,2016-03-15 12:17:39
237486,2016-03-15 17:58:58,E36_Compact_Harlekin_Daily,privat,Angebot,400,control,coupe,1994,manuell,102,3er,150000,6,benzin,bmw,nein,2016-03-15 00:00:00,0,34379,2016-03-17 13:44:25
210231,2016-03-25 17:49:48,Volkswagen_Passat_Variant_2.0_TDI_Highline,privat,Angebot,8800,test,kombi,2005,manuell,140,passat,150000,6,diesel,volkswagen,nein,2016-03-25 00:00:00,0,4779,2016-04-06 23:16:08
207311,2016-03-10 14:54:10,Mercedes_Benz_C_240_4Matic,privat,Angebot,5500,test,limousine,2003,automatik,170,c_klasse,70000,7,benzin,mercedes_benz,nein,2016-03-10 00:00:00,0,51545,2016-03-17 23:15:52
131669,2016-03-20 11:57:32,Mitsubishi_Pajero_Pinin_1.8_Motion_4WD,privat,Angebot,3500,test,suv,2004,manuell,114,andere,150000,7,benzin,mitsubishi,nein,2016-03-20 00:00:00,0,17335,2016-03-20 11:57:32
275298,2016-04-04 19:45:46,Der_hingucker_auf_der_Strasse!,privat,Angebot,8000,test,,2005,manuell,120,1er,30000,12,,bmw,nein,2016-04-04 00:00:00,0,45731,2016-04-06 21:46:58
371137,2016-03-30 13:50:31,Hyundai_i30cw_1.4_Classic,privat,Angebot,7990,test,kombi,2011,manuell,109,i_reihe,80000,8,benzin,hyundai,nein,2016-03-30 00:00:00,0,94051,2016-04-07 04:44:50
91371,2016-03-19 19:51:54,Ab_in_den_Urlaub!,privat,Angebot,14950,control,bus,1997,manuell,102,transporter,150000,2,diesel,volkswagen,nein,2016-03-19 00:00:00,0,58285,2016-03-26 00:45:19
227037,2016-03-09 14:47:12,Audi_A6_3.0_Automatik_Facelift_Modell,privat,Angebot,1750,test,limousine,2001,automatik,220,a6,150000,9,benzin,audi,ja,2016-03-09 00:00:00,0,90765,2016-03-12 13:16:01
40613,2016-04-04 14:38:18,Fiat_Seicento_1.1,privat,Angebot,1949,test,kleinwagen,2002,manuell,54,seicento,125000,12,benzin,fiat,nein,2016-04-04 00:00:00,0,24879,2016-04-04 14:38:18
61820,2016-03-13 16:38:39,Beschreibung,privat,Angebot,7500,test,limousine,2003,automatik,224,e_klasse,150000,5,lpg,mercedes_benz,,2016-03-13 00:00:00,0,53721,2016-04-04 16:15:34
255567,2016-03-16 11:38:18,ich_biete_fuer_Bastler_/_zum_Ausschlachten_Opel_Corsa_B,privat,Angebot,200,test,kleinwagen,1996,manuell,60,corsa,150000,0,benzin,opel,ja,2016-03-16 00:00:00,0,29348,2016-03-28 04:45:10
112690,2016-04-03 22:50:01,Verkaufe_Golf_4_1.4l_Rentnerfahrzeug,privat,Angebot,1650,control,kleinwagen,1999,manuell,75,golf,125000,4,benzin,volkswagen,nein,2016-04-03 00:00:00,0,19395,2016-04-06 00:45:18
238058,2016-04-03 17:55:11,BMW_318i_Cabrio_*_Leder_*_elekt._Verdeck_*_GEPFLEGT_*_KAT_*,privat,Angebot,1799,test,cabrio,1994,manuell,116,3er,150000,10,benzin,bmw,nein,2016-04-03 00:00:00,0,44629,2016-04-05 18:17:45
91522,2016-03-17 22:57:40,Fiat_Giannini_500_TV_MonteCarlo___Bj._1968,privat,Angebot,18500,test,kleinwagen,1968,manuell,33,500,5000,3,benzin,fiat,nein,2016-03-17 00:00:00,0,71229,2016-04-05 20:18:53
163480,2016-03-07 21:38:39,Mercedes_Benz_E270_Automatik__Avantgarde_Vol_Leder,privat,Angebot,7200,control,limousine,2004,automatik,177,e_klasse,150000,12,diesel,mercedes_benz,nein,2016-03-07 00:00:00,0,90439,2016-03-26 12:16:19
234684,2016-03-23 15:41:38,Ford_Focus_Futura_Limousine,privat,Angebot,2999,test,limousine,2000,manuell,116,focus,80000,8,benzin,ford,nein,2016-03-23 00:00:00,0,22043,2016-03-29 09:47:21
111169,2016-03-30 16:45:25,Renault_Twingo_klein_und_Sparsam,privat,Angebot,180,test,kleinwagen,1997,manuell,0,,150000,5,benzin,renault,nein,2016-03-30 00:00:00,0,49504,2016-03-30 16:45:25
306331,2016-04-03 10:56:51,Opel_Astra_Coupe_2.2_16V_Top_Zustand,privat,Angebot,2699,control,coupe,2001,,147,astra,150000,3,benzin,opel,nein,2016-04-03 00:00:00,0,13585,2016-04-03 11:40:50
80404,2016-04-05 00:46:10,Volkswagen_Golf_2.0_GTI__Edition__Colour_Concept,privat,Angebot,950,control,limousine,1995,manuell,116,golf,150000,3,benzin,volkswagen,nein,2016-04-04 00:00:00,0,70839,2016-04-07 08:15:34
362782,2016-03-06 10:38:42,Passat_35i_1.8_90ps_Kombi_frisch_lackiert_!,privat,Angebot,99999999,test,,1995,,0,passat,150000,0,benzin,volkswagen,,2016-03-06 00:00:00,0,1809,2016-03-20 08:18:07
184344,2016-03-27 22:48:44,Volkswagen_Golf_2.0_R,privat,Angebot,23990,test,limousine,2011,manuell,271,golf,30000,9,benzin,volkswagen,nein,2016-03-27 00:00:00,0,31185,2016-03-27 23:43:12
116314,2016-03-10 19:44:07,Zum_verkaufen_Seat_Cordoba_Vario,privat,Angebot,1100,control,kombi,2002,manuell,75,cordoba,150000,5,benzin,seat,nein,2016-03-10 00:00:00,0,24791,2016-03-13 01:45:15
231986,2016-03-10 20:53:56,Verkaufe_Opel_Vectra_2.2_Kombi,privat,Angebot,1100,test,kombi,2004,manuell,155,vectra,150000,8,benzin,opel,ja,2016-03-10 00:00:00,0,87600,2016-03-15 16:18:14
29488,2016-03-29 21:06:20,Vectra__c.____1_9_cdti,privat,Angebot,2400,control,kombi,2004,manuell,118,vectra,150000,8,diesel,opel,,2016-03-29 00:00:00,0,35415,2016-04-04 11:16:58
6247,2016-03-16 23:55:57,Volkswagen_Golf,privat,Angebot,4700,test,kleinwagen,2007,manuell,140,golf,150000,8,diesel,volkswagen,nein,2016-03-16 00:00:00,0,18311,2016-03-20 07:46:38
260667,2016-03-13 09:41:23,BMW_525d_Touring_Aut.,privat,Angebot,6400,control,kombi,2004,automatik,177,5er,150000,12,diesel,bmw,nein,2016-03-13 00:00:00,0,85055,2016-03-30 02:45:52
109764,2016-03-18 12:48:08,320_d_~_M_PAKET_II,privat,Angebot,3000,control,limousine,2004,,0,3er,150000,0,diesel,bmw,,2016-03-18 00:00:00,0,51065,2016-03-18 12:48:08
8897,2016-03-26 16:37:16,Opel_Corsa_C,privat,Angebot,2350,control,kleinwagen,2002,manuell,75,corsa,80000,6,benzin,opel,nein,2016-03-26 00:00:00,0,71522,2016-04-06 04:45:16
184982,2016-03-23 20:50:12,Golf_4_+_zum__Aufbau_oder_Schlachtfest,privat,Angebot,1800,test,kleinwagen,2002,manuell,101,golf,150000,2,diesel,volkswagen,ja,2016-03-23 00:00:00,0,98724,2016-03-23 20:50:12
353481,2016-04-02 16:48:44,Ford_Mondeo_MK3_Ghia,privat,Angebot,1200,control,kombi,2001,manuell,125,mondeo,150000,12,,ford,nein,2016-04-02 00:00:00,0,33818,2016-04-06 16:15:41
56168,2016-03-25 17:51:01,Zum_aus_schlachten__oder_Teile_bedarf,privat,Angebot,0,test,kleinwagen,1990,manuell,55,golf,150000,1,benzin,volkswagen,,2016-03-25 00:00:00,0,26532,2016-03-28 17:45:21
157186,2016-03-17 00:49:54,Audi_A3_2.0_TDI_Sportback_Ambition_8_Fach_Bereift,privat,Angebot,7490,test,kombi,2005,manuell,140,a3,150000,6,diesel,audi,nein,2016-03-16 00:00:00,0,82229,2016-04-06 01:49:07
252130,2016-03-08 16:37:22,neu_tuev_ford_cougar,privat,Angebot,500,test,coupe,2000,manuell,170,andere,150000,9,benzin,ford,,2016-03-08 00:00:00,0,46325,2016-03-16 17:48:52
363470,2016-03-30 13:54:08,Alfa_Romeo_156_sport,privat,Angebot,499,test,limousine,1998,manuell,0,156,150000,1,benzin,alfa_romeo,,2016-03-30 00:00:00,0,12045,2016-03-30 13:54:08
99682,2016-03-21 22:44:49,Mercedes_Benz_C_250_Prime_Edition_Vollausstattung,privat,Angebot,16250,control,limousine,2008,manuell,204,c_klasse,125000,9,diesel,mercedes_benz,nein,2016-03-21 00:00:00,0,45711,2016-04-07 03:15:32
286371,2016-04-07 13:25:37,Seat_Ibiza_ST_1.6_TDI_CR_Style_mit_Klima,privat,Angebot,4900,control,kombi,2011,manuell,90,ibiza,150000,8,diesel,seat,nein,2016-04-07 00:00:00,0,65549,2016-04-07 13:25:37
238166,2016-04-03 22:54:10,Renault_Kangoo_5_Tuerig_Anhaenger_Kupplung._Tausch_gegen_Smart,privat,Angebot,1799,control,,2016,manuell,75,kangoo,150000,5,benzin,renault,nein,2016-04-03 00:00:00,0,30459,2016-04-06 22:36:37
21974,2016-03-17 10:36:43,Golf_150_tdi_Edition_4motion,privat,Angebot,1600,test,kleinwagen,2002,,0,golf,20000,0,diesel,volkswagen,,2016-03-17 00:00:00,0,51065,2016-03-17 10:36:43
152103,2016-03-25 18:48:25,Ford_Ka_Tuev_01.2018_Klima_/Alu/_Winterreifen_2.te__Hand,privat,Angebot,950,test,kleinwagen,2003,manuell,67,,150000,0,benzin,ford,nein,2016-03-25 00:00:00,0,27570,2016-03-27 06:45:18
245128,2016-03-27 13:46:22,Opel_Zafira_1.9_CDTI_Cosmo,privat,Angebot,3200,test,bus,2006,manuell,120,zafira,150000,7,diesel,opel,nein,2016-03-27 00:00:00,0,48432,2016-03-27 13:46:22
100279,2016-03-10 14:54:50,Volkswagen_Polo_50_Tuev_Neu,privat,Angebot,890,test,kleinwagen,1998,manuell,50,polo,150000,3,benzin,volkswagen,nein,2016-03-10 00:00:00,0,73054,2016-03-16 01:16:03
120100,2016-03-07 15:37:34,Audi_A6_1.8_T,privat,Angebot,1550,control,limousine,2000,manuell,150,a6,150000,2,benzin,audi,nein,2016-03-07 00:00:00,0,68535,2016-03-07 15:37:34
198586,2016-03-27 13:48:47,Honda_Civic_ED6_1.5_16V_TÜF_10/17,privat,Angebot,0,test,kleinwagen,1990,manuell,94,,125000,1,,honda,nein,2016-03-27 00:00:00,0,67731,2016-04-07 09:46:11
80544,2016-03-24 20:54:10,Audi_A3_2.0_TDI_Sportback_S_line_Sportpaket,privat,Angebot,26990,test,kombi,2013,manuell,150,a3,40000,8,diesel,audi,nein,2016-03-24 00:00:00,0,86381,2016-03-24 21:41:35
260960,2016-03-22 11:57:32,Mitsubishi_Colt__2te_Hand,privat,Angebot,179,control,kleinwagen,1999,manuell,75,colt,150000,3,benzin,mitsubishi,nein,2016-03-22 00:00:00,0,21365,2016-03-22 12:42:29
265996,2016-03-26 10:36:56,Opel_Corsa_1_2l_____top_zustand______Tausch_moeglich,privat,Angebot,530,test,kleinwagen,1996,manuell,75,corsa,150000,7,benzin,opel,,2016-03-26 00:00:00,0,10557,2016-03-26 11:44:26
113405,2016-03-05 15:50:45,Ford_KA_mit_Tuev_bis_Mai_16_VB,privat,Angebot,100,control,kleinwagen,2005,manuell,60,ka,100000,4,benzin,ford,,2016-03-05 00:00:00,0,96237,2016-03-05 15:50:45
213781,2016-03-22 08:51:09,"BMW__523i___""""""""8_Fach_Alu""""""""",privat,Angebot,1600,control,limousine,1997,manuell,170,5er,150000,8,benzin,bmw,nein,2016-03-22 00:00:00,0,89537,2016-03-29 10:45:06
37221,2016-03-12 09:57:30,Auto_Mercedes_A_Klasse_170_CDI_L,privat,Angebot,2100,control,,2005,manuell,95,a_klasse,150000,12,,mercedes_benz,,2016-03-12 00:00:00,0,50129,2016-03-13 01:44:52
180754,2016-03-07 14:59:13,Alfa_Romeo_156,privat,Angebot,150,control,,2016,manuell,120,156,100000,0,,alfa_romeo,,2016-03-07 00:00:00,0,88682,2016-03-09 19:15:47
63168,2016-03-24 13:52:44,Golf_2_Rat_look_TÜV_NEU_TOP_ZUSTAND_4_tuerer_mit_schiebedach,privat,Angebot,1250,control,limousine,1988,manuell,55,golf,125000,11,benzin,volkswagen,nein,2016-03-24 00:00:00,0,71665,2016-04-07 05:17:31
369605,2016-04-02 15:25:21,Volkswagen_Polo_/_Panoramadach_/_103tkm,privat,Angebot,1999,test,kleinwagen,2001,manuell,60,polo,125000,5,benzin,volkswagen,ja,2016-04-02 00:00:00,0,35440,2016-04-05 21:47:44
297847,2016-03-13 23:37:41,Honda_Civic_1.4i_mit_Tuev_10/16_und_Tuning,privat,Angebot,600,test,limousine,1997,manuell,90,civic,150000,12,benzin,honda,nein,2016-03-13 00:00:00,0,40723,2016-03-17 17:44:50
269569,2016-04-03 21:41:31,Audi_100_c4_rot_auf_Alufelgen_tuev_bis_juni_16,privat,Angebot,0,test,limousine,1991,manuell,116,100,150000,6,,audi,ja,2016-04-03 00:00:00,0,27798,2016-04-05 22:18:38
270579,2016-04-02 11:51:16,Audi_A4_1.8_Avant,privat,Angebot,2250,test,kombi,2000,manuell,125,a4,150000,6,,audi,,2016-04-02 00:00:00,0,86343,2016-04-06 09:46:06
137730,2016-03-16 01:00:25,Renault_laguna_dci,privat,Angebot,1800,test,kombi,2003,,120,laguna,30000,0,diesel,renault,nein,2016-03-15 00:00:00,0,77652,2016-04-05 23:45:33
182685,2016-03-29 11:53:32,Golf_5_GTI_DSG_zu_verkaufen_!_Vollausstattung_!_Notverkauf,privat,Angebot,8000,test,limousine,2005,automatik,200,golf,90000,6,benzin,volkswagen,ja,2016-03-29 00:00:00,0,59192,2016-03-31 04:46:05
232458,2016-03-26 18:37:59,BMW_120d,privat,Angebot,7499,test,limousine,2006,manuell,163,1er,150000,8,diesel,bmw,nein,2016-03-26 00:00:00,0,45770,2016-04-06 07:44:36
2532,2016-03-21 20:56:30,Audi_A4_Avant_Ambition_1.8TFSI_160PS_BiXenon_MMI_SDCard_Navi_LED,privat,Angebot,15150,control,kombi,2010,manuell,160,a4,90000,5,benzin,audi,nein,2016-03-21 00:00:00,0,57368,2016-04-07 00:44:41
77827,2016-03-22 14:38:55,Suche_einen_guenstigen_7_sitzer_Sharan_oder_Seat_Alhambra,privat,Angebot,0,control,andere,2000,,0,,5000,0,,sonstige_autos,,2016-03-22 00:00:00,0,59227,2016-03-28 03:47:00
118710,2016-03-26 09:45:33,307_cc_Cabrio_inkl._TÜV_unfallfrei,privat,Angebot,3000,control,cabrio,2005,manuell,135,3_reihe,150000,0,benzin,peugeot,nein,2016-03-26 00:00:00,0,53340,2016-03-31 03:17:37
362252,2016-03-28 15:54:41,MINI_Mini_Cooper_Cabrio,privat,Angebot,15555,control,cabrio,2012,manuell,122,cooper,40000,5,benzin,mini,nein,2016-03-28 00:00:00,0,97228,2016-04-06 20:46:46
169641,2016-03-10 17:57:00,Audi_A4__A4_Avant__Tuev_09/2017__Zahnriemen,privat,Angebot,2399,control,kombi,2001,manuell,125,a4,150000,6,benzin,audi,,2016-03-10 00:00:00,0,49479,2016-04-05 21:18:03
42187,2016-03-22 21:46:38,Renault_Scenic_RX4_1.9_dCi_Expression,privat,Angebot,950,control,bus,2002,manuell,102,scenic,150000,5,diesel,renault,nein,2016-03-22 00:00:00,0,31249,2016-03-24 06:15:36
44616,2016-04-03 23:48:43,Skoda_Superb_Combi_2.0_TDI_Green_tec_DSG_Exclusive,privat,Angebot,17990,control,kombi,2013,automatik,140,superb,100000,10,diesel,skoda,nein,2016-04-03 00:00:00,0,6188,2016-04-06 05:17:14
10009,2016-03-10 20:50:38,Volkswagen_Transporter_T4_70B_1F2,privat,Angebot,899,test,kombi,1991,manuell,77,transporter,150000,10,diesel,volkswagen,nein,2016-03-10 00:00:00,0,8280,2016-03-26 19:17:59
133721,2016-03-10 14:57:42,Mercedes_Benz_SLK_200_Kompressor,privat,Angebot,6990,test,cabrio,2003,manuell,163,slk,80000,6,benzin,mercedes_benz,nein,2016-03-10 00:00:00,0,44789,2016-03-10 14:57:42
182646,2016-03-23 11:49:23,Toyota_Avensis_2.2_D_CAT_Combi,privat,Angebot,7500,test,kombi,2007,manuell,177,avensis,125000,3,diesel,toyota,nein,2016-03-23 00:00:00,0,33602,2016-04-07 13:17:08
89224,2016-03-08 19:38:35,Ford_Mondeo,privat,Angebot,1099,test,limousine,2000,manuell,0,,150000,8,benzin,ford,,2016-03-08 00:00:00,0,49429,2016-03-12 20:19:43
10245,2016-03-07 01:53:27,Renault_Laguna_kombi,privat,Angebot,500,control,,2016,manuell,107,laguna,150000,4,benzin,renault,nein,2016-03-07 00:00:00,0,45888,2016-03-07 07:50:21
4712,2016-03-26 20:54:54,BMW_316i_1_Hand_Automatik_Top_Zustand,privat,Angebot,1699,control,limousine,1992,automatik,0,3er,150000,12,,bmw,nein,2016-03-26 00:00:00,0,22457,2016-04-06 12:44:56
141757,2016-03-09 22:55:04,BMW_520d_Aut._Scheckheft_gepflegt_bei_BMW,privat,Angebot,23000,test,limousine,2010,automatik,184,5er,100000,12,diesel,bmw,nein,2016-03-09 00:00:00,0,13347,2016-04-05 12:45:55
99232,2016-03-07 19:37:03,Skoda_Roomster_1.2_TSI_DSG_Ambition_aus_Nachlass,privat,Angebot,13199,control,bus,2014,manuell,105,roomster,5000,10,benzin,skoda,nein,2016-03-07 00:00:00,0,38527,2016-03-19 20:49:12
164150,2016-03-11 12:54:04,Opel_Corsa_Bj_1997,privat,Angebot,400,test,kleinwagen,1997,manuell,60,corsa,150000,7,benzin,opel,,2016-03-11 00:00:00,0,63071,2016-04-07 06:45:55
29300,2016-03-16 13:37:42,BMW_E30_Coupe,privat,Angebot,0,control,andere,1988,manuell,113,3er,150000,3,benzin,bmw,nein,2016-03-16 00:00:00,0,57629,2016-03-27 22:18:25
322533,2016-04-03 11:48:33,Audi_A4_b5_Avant_Quattro_viele_Neuteile_auch_Tausch_moeglich,privat,Angebot,0,control,kombi,1997,manuell,150,a4,150000,2,benzin,audi,,2016-04-03 00:00:00,0,94227,2016-04-07 12:46:20
137077,2016-03-30 23:49:37,Volkswagen_New_Beetle_2.0_en_vogue,privat,Angebot,850,control,limousine,2000,manuell,116,beetle,125000,12,benzin,volkswagen,nein,2016-03-30 00:00:00,0,45326,2016-04-05 23:17:39
326592,2016-03-16 11:40:19,Ford_Fiesta_Chia_1_2__Klima_TÜV_NEU_!!!,privat,Angebot,1490,test,kleinwagen,1999,manuell,75,fiesta,150000,2,benzin,ford,,2016-03-16 00:00:00,0,19059,2016-03-29 18:18:47
291883,2016-03-30 15:48:20,Volkswagen_Golf_1.4_Comfortline_TÜV_NEU/gepflegter_Zustand,privat,Angebot,4399,test,limousine,2004,manuell,75,golf,100000,10,benzin,volkswagen,nein,2016-03-30 00:00:00,0,97256,2016-04-07 06:44:40
289277,2016-03-14 00:52:00,Volkswagen_Golf_1.6_TDI_DPF,privat,Angebot,8950,control,limousine,2012,manuell,105,golf,150000,5,diesel,volkswagen,nein,2016-03-13 00:00:00,0,37081,2016-04-07 04:46:16
113848,2016-03-29 23:52:37,BMW_328_Ci,privat,Angebot,6250,control,coupe,2000,manuell,193,3er,150000,5,benzin,bmw,nein,2016-03-29 00:00:00,0,66989,2016-04-02 20:48:04
215680,2016-03-21 11:50:53,Mercedes_Benz_CLS_350_7G_TRONIC,privat,Angebot,10500,control,coupe,2005,automatik,272,andere,150000,6,benzin,mercedes_benz,nein,2016-03-21 00:00:00,0,74585,2016-03-21 12:41:43
296864,2016-03-28 21:59:20,BMW_530i_Individual_Hamann_Motorsport,privat,Angebot,7000,control,limousine,2001,manuell,231,5er,150000,10,benzin,bmw,nein,2016-03-28 00:00:00,0,44532,2016-04-07 05:45:27
338563,2016-03-08 19:46:26,Opel_Astra_H_1.6_SCHECKHEFT!!!_TÜV_NEU!!!_Navi!_Tempomat!,privat,Angebot,3799,test,,2005,manuell,105,astra,150000,10,benzin,opel,,2016-03-08 00:00:00,0,24105,2016-03-12 20:48:24
316176,2016-03-29 15:46:34,Audi_A6_2_7TDI_Sline_Tausch,privat,Angebot,14000,control,kombi,2008,automatik,179,a6,150000,8,diesel,audi,nein,2016-03-29 00:00:00,0,91522,2016-04-06 01:17:18
32741,2016-03-18 11:48:10,Mercedes_Benz_C_220_CDI_Automatik,privat,Angebot,700,control,limousine,2007,automatik,150,c_klasse,150000,7,diesel,mercedes_benz,ja,2016-03-18 00:00:00,0,13355,2016-03-27 22:47:28
24091,2016-03-30 14:49:18,Civic_EJ_9,privat,Angebot,850,control,coupe,1995,manuell,75,civic,150000,7,benzin,honda,,2016-03-30 00:00:00,0,96170,2016-04-07 05:44:32
282054,2016-03-11 19:51:21,Honda_Accord_Tourer_2.4_i_Executive_Xenon_Navi_Voll,privat,Angebot,4499,test,kombi,2003,manuell,190,accord,150000,11,benzin,honda,nein,2016-03-11 00:00:00,0,44628,2016-03-12 10:17:57
82929,2016-03-31 17:58:10,BMW_740i_e38_TÜV_neu_V8_kein_728_730_735_Audi_Mercedes,privat,Angebot,5840,control,limousine,1999,automatik,286,7er,150000,10,benzin,bmw,nein,2016-03-31 00:00:00,0,23554,2016-04-06 19:48:21
66048,2016-03-15 00:45:30,Volkswagen_Passat,privat,Angebot,7490,test,kombi,2007,manuell,170,passat,150000,12,diesel,volkswagen,nein,2016-03-14 00:00:00,0,51580,2016-03-20 19:18:20
30228,2016-03-07 10:43:29,Polo_Cross_Automatic_Navi_Rueckfahrkamera_Alarm_Schiebed_Bluetooth,privat,Angebot,6999,test,kleinwagen,2006,automatik,105,polo,125000,10,benzin,volkswagen,nein,2016-03-07 00:00:00,0,12351,2016-04-06 08:46:00
31938,2016-03-06 15:42:07,Audi_A1_1.2_TFSI_Ambition,privat,Angebot,15700,test,kleinwagen,2013,manuell,86,a1,20000,11,benzin,audi,nein,2016-03-06 00:00:00,0,96515,2016-04-06 20:19:34
252079,2016-03-14 19:58:55,Alfa_Romeo_159_Sportwagon_1.9_JTDM_16V_DPF_Automatik_Pr...,privat,Angebot,7900,control,kombi,2006,automatik,150,159,150000,10,diesel,alfa_romeo,nein,2016-03-14 00:00:00,0,73431,2016-03-16 12:17:48
249707,2016-03-22 11:54:15,Golf_1.9_Sportline__Xenon__Navi__Leder,privat,Angebot,2600,control,kleinwagen,2004,,0,golf,150000,0,diesel,volkswagen,,2016-03-22 00:00:00,0,10119,2016-03-22 12:43:26
137332,2016-03-09 19:38:26,Volkswagen_Polo_1.2,privat,Angebot,1000,test,kleinwagen,2003,manuell,54,polo,150000,12,benzin,volkswagen,ja,2016-03-09 00:00:00,0,22417,2016-03-15 07:16:23
188459,2016-03-26 19:56:12,Bmw_e36_320i,privat,Angebot,300,control,limousine,1990,manuell,150,3er,150000,1,benzin,bmw,,2016-03-26 00:00:00,0,94354,2016-03-31 17:18:37
52814,2016-03-24 15:52:44,Fiat_192,privat,Angebot,2500,test,kleinwagen,2003,manuell,103,stilo,125000,3,benzin,fiat,nein,2016-03-24 00:00:00,0,67063,2016-03-26 00:46:43
341273,2016-04-02 15:42:51,Mercedes_Benz_C200_Kompressor_Classic,privat,Angebot,5145,control,limousine,2004,manuell,163,c_klasse,100000,8,benzin,mercedes_benz,nein,2016-04-02 00:00:00,0,16247,2016-04-06 14:16:48
131267,2016-03-05 20:50:06,Verkaufe_twingo,privat,Angebot,890,control,kleinwagen,2001,manuell,58,twingo,150000,12,benzin,renault,nein,2016-03-05 00:00:00,0,76646,2016-03-10 03:15:22
191247,2016-03-16 17:44:06,MINI_John_Cooper_Works_Paket_und_JCW_Aerodynamic,privat,Angebot,17390,control,cabrio,2012,manuell,122,cooper,70000,1,benzin,mini,nein,2016-03-16 00:00:00,0,53332,2016-04-06 23:17:02
113835,2016-03-16 21:36:44,Golf_4_2.0_115ps_euro3_d4_model_2000,privat,Angebot,999,control,kombi,1999,manuell,115,golf,150000,12,benzin,volkswagen,ja,2016-03-16 00:00:00,0,90513,2016-03-17 00:40:51
339958,2016-03-25 17:57:54,Top_Nissan_Micra__viel_Ausstattung_und_mit_Unfall_evt_Tausch,privat,Angebot,0,test,kleinwagen,2003,manuell,80,micra,100000,0,benzin,nissan,ja,2016-03-25 00:00:00,0,45665,2016-03-25 17:57:54
327362,2016-03-09 18:40:14,Mercedes_Benz_E_220_T_CDI_Mit_Tuev_02/2017,privat,Angebot,2000,test,kombi,2002,automatik,143,e_klasse,150000,1,diesel,mercedes_benz,nein,2016-03-09 00:00:00,0,99974,2016-03-12 18:45:41
362471,2016-03-22 20:58:56,Mercedes_Slk_230_Kompressor,privat,Angebot,3850,control,cabrio,1999,automatik,193,slk,150000,7,benzin,mercedes_benz,,2016-03-22 00:00:00,0,32425,2016-04-06 16:16:59
108592,2016-03-29 04:36:19,Opel_Corsa_Edition_100_mit_TÜV,privat,Angebot,390,control,,2016,manuell,0,corsa,150000,10,benzin,opel,ja,2016-03-29 00:00:00,0,67063,2016-03-31 01:45:08
366601,2016-03-26 14:38:00,Audi_80_b4Avant,privat,Angebot,500,control,kombi,1993,manuell,115,,150000,10,,audi,nein,2016-03-26 00:00:00,0,93086,2016-04-02 04:17:04
93816,2016-03-30 11:57:30,Mazda_3_1.6_Sport_Comfort,privat,Angebot,2600,test,limousine,2003,manuell,105,3_reihe,150000,11,benzin,mazda,nein,2016-03-30 00:00:00,0,50670,2016-04-07 03:15:53
309424,2016-03-25 15:39:15,Chevrolet_Aveo_1.2_LS_+__Klima__CD__Alu__Scheckheft,privat,Angebot,6490,test,kleinwagen,2012,manuell,69,aveo,30000,6,benzin,chevrolet,nein,2016-03-25 00:00:00,0,45892,2016-04-06 19:16:10
28915,2016-03-17 21:42:53,BMW_320i_Edition_Exclusive,privat,Angebot,5990,test,limousine,2003,automatik,170,3er,150000,4,benzin,bmw,nein,2016-03-17 00:00:00,0,79312,2016-04-07 11:16:07
289388,2016-03-16 15:47:13,Verkaufe_meinen_2006_ford_ka,privat,Angebot,1150,test,kleinwagen,2006,manuell,60,ka,150000,4,benzin,ford,nein,2016-03-16 00:00:00,0,30880,2016-03-19 12:47:47
208629,2016-03-09 15:47:26,Smart_Fortwo_Passion_Automatik_Top_Optik_mit_ueberholtem_Motor,privat,Angebot,2150,control,coupe,2003,automatik,61,fortwo,150000,11,benzin,smart,nein,2016-03-09 00:00:00,0,53359,2016-03-20 18:21:51
33777,2016-04-01 21:38:20,Passat_zu_verkaufen,privat,Angebot,4900,test,kombi,2006,manuell,140,passat,5000,3,diesel,volkswagen,nein,2016-04-01 00:00:00,0,63526,2016-04-05 19:15:51
5928,2016-03-28 02:56:11,Golf_vr6_Syncr_!seltener_2Tuerer__Angebot_bis_2_april_7000Euro,privat,Angebot,7999,test,,2000,,190,golf,125000,0,,volkswagen,,2016-03-28 00:00:00,0,32657,2016-04-04 09:47:08
118417,2016-03-29 17:38:10,Ford_Galaxy___TÜV_bis_05.2017__116_Ps__Diesel__Bj.2002__215.000km,privat,Angebot,2200,control,bus,2002,manuell,116,galaxy,150000,4,diesel,ford,nein,2016-03-29 00:00:00,0,52066,2016-04-06 03:15:58
264,2016-03-10 15:52:45,BMW_318i_touring,privat,Angebot,800,test,kombi,2000,manuell,118,3er,150000,9,benzin,bmw,ja,2016-03-10 00:00:00,0,51647,2016-03-10 15:52:45
63923,2016-03-26 10:53:41,"Opel_Astra_J_GTC_1_6T__20""_Klima_Navi_Xenon_+_Winterraeder_17""_Alu",privat,Angebot,13900,test,coupe,2011,manuell,179,astra,50000,11,benzin,opel,nein,2016-03-26 00:00:00,0,9337,2016-04-05 22:15:58
280927,2016-03-07 13:25:23,A3_Sportback_2.0TDI_Ambition_DPF__Leder_Beige__NAVI,privat,Angebot,3600,control,limousine,2005,,0,a3,150000,9,diesel,audi,,2016-03-07 00:00:00,0,55118,2016-03-07 13:25:23
327734,2016-03-07 18:54:26,Bmw_530d_vollausstattung__Scheckheft_gepfegt__Motor_laeuft...,privat,Angebot,3849,control,kombi,2004,automatik,218,5er,150000,10,diesel,bmw,ja,2016-03-07 00:00:00,0,33602,2016-03-08 11:16:37
329276,2016-03-05 21:49:13,Opel_Corsa_1.0_12V_Comfort,privat,Angebot,2150,test,kleinwagen,2001,manuell,58,corsa,150000,2,benzin,opel,nein,2016-03-05 00:00:00,0,79843,2016-03-14 09:48:03
91017,2016-04-04 22:36:51,Mazda_626,privat,Angebot,1000,test,limousine,1997,automatik,116,6_reihe,150000,0,benzin,mazda,nein,2016-04-04 00:00:00,0,52525,2016-04-07 01:16:21
196995,2016-03-17 15:49:37,BMW_316iE46,privat,Angebot,3000,test,limousine,2001,manuell,105,3er,40000,2,benzin,bmw,nein,2016-03-17 00:00:00,0,64354,2016-04-04 21:18:48
226639,2016-03-09 01:37:04,opel_omega_a_2_6i_caravan_mit_vielen_teilen,privat,Angebot,0,control,kombi,1992,automatik,150,omega,150000,12,benzin,opel,,2016-03-09 00:00:00,0,38315,2016-03-12 16:49:11
75233,2016-03-19 18:48:59,Audi_100_C4___2_3e__Avant___gt._Zustand,privat,Angebot,2400,test,kombi,1993,manuell,133,100,150000,3,benzin,audi,nein,2016-03-19 00:00:00,0,71069,2016-03-20 21:17:54
88704,2016-04-04 17:54:46,Volkswagen_Polo_1.2,privat,Angebot,3800,test,kleinwagen,2006,manuell,64,polo,150000,2,benzin,volkswagen,nein,2016-04-04 00:00:00,0,55494,2016-04-05 12:20:56
292377,2016-03-23 14:51:16,Audi_A4_2.0_TDI,privat,Angebot,10199,test,limousine,2008,manuell,143,a4,150000,4,diesel,audi,nein,2016-03-23 00:00:00,0,48161,2016-03-24 23:15:52
272777,2016-03-27 17:48:44,Porsche_Carrera_4S_Coupé__Vollausstattung__Erstbesitz,privat,Angebot,57250,test,coupe,2008,manuell,355,911,50000,10,benzin,porsche,nein,2016-03-27 00:00:00,0,14195,2016-04-05 14:16:00
335000,2016-03-23 17:56:59,Opel_Omega_2.0_16V,privat,Angebot,699,control,kombi,1999,manuell,136,omega,150000,12,benzin,opel,,2016-03-23 00:00:00,0,34471,2016-03-27 23:15:59
302733,2016-03-30 12:47:19,Fiat_500_Panorama__Blue&me_TÜV_neu,privat,Angebot,7888,control,kleinwagen,2013,manuell,69,500,20000,3,benzin,fiat,nein,2016-03-30 00:00:00,0,57072,2016-04-03 02:17:41
112499,2016-03-16 14:48:30,Volkswagen_Sharan_2.8_VR6_GL,privat,Angebot,890,test,bus,1996,manuell,174,sharan,150000,7,benzin,volkswagen,nein,2016-03-16 00:00:00,0,97299,2016-04-06 14:46:57
284973,2016-03-26 13:40:13,Smart_CITY_COUPE__450__TÜV_Neu__guter_Zustand,privat,Angebot,1300,control,kleinwagen,1999,automatik,55,fortwo,150000,11,benzin,smart,nein,2016-03-26 00:00:00,0,14513,2016-04-06 01:16:21
106029,2016-03-16 02:36:21,Mercedes_Benz_Vito_112_CDI,privat,Angebot,2000,test,bus,1999,manuell,122,vito,150000,4,diesel,mercedes_benz,nein,2016-03-16 00:00:00,0,90480,2016-03-16 06:59:00
347787,2016-03-20 21:45:28,Volkswagen_Golf_1.4_LEDER_KLIMA_SHZ_UNFALLFREI_SCHECKHEFT,privat,Angebot,3500,test,limousine,2005,manuell,75,golf,100000,5,benzin,volkswagen,nein,2016-03-20 00:00:00,0,14057,2016-03-20 21:45:28
310437,2016-03-19 10:57:05,Honda_Civic_Aerodeck_Kombi_Sport,privat,Angebot,790,test,kombi,1999,manuell,116,civic,150000,12,benzin,honda,nein,2016-03-19 00:00:00,0,59581,2016-03-19 10:57:05
207632,2016-03-23 15:48:52,Peugeot_206_75_Style,privat,Angebot,2400,test,kleinwagen,1998,manuell,75,2_reihe,150000,10,benzin,peugeot,nein,2016-03-23 00:00:00,0,72525,2016-03-24 23:18:45
285635,2016-03-14 18:41:13,Volkswagen_Polo_1.2,privat,Angebot,2400,test,kleinwagen,2003,manuell,0,polo,150000,1,benzin,volkswagen,nein,2016-03-14 00:00:00,0,30853,2016-03-15 13:45:03
151418,2016-03-09 01:58:30,Mercedes_Benz_C_180,privat,Angebot,1150,control,limousine,1993,automatik,122,c_klasse,150000,3,benzin,mercedes_benz,nein,2016-03-09 00:00:00,0,7745,2016-04-06 23:16:17
322956,2016-04-01 15:37:50,Polo_6N_XXL_1.4_60_PS,privat,Angebot,599,test,kleinwagen,1997,manuell,60,polo,150000,0,benzin,volkswagen,nein,2016-04-01 00:00:00,0,9648,2016-04-07 12:46:16
267091,2016-03-23 16:47:24,Ford_Fiesta_***TÜV_NEU,privat,Angebot,949,test,,2018,manuell,75,fiesta,100000,6,benzin,ford,nein,2016-03-23 00:00:00,0,31785,2016-04-05 20:17:08
222077,2016-04-04 22:37:57,Nissan_350Z___Neue_Kupplung_und_Bremsen__,privat,Angebot,11400,test,coupe,2005,manuell,280,,150000,9,benzin,nissan,,2016-04-04 00:00:00,0,91781,2016-04-07 01:16:22
178011,2016-03-26 12:53:48,BMW_525d_Touring_Aut.,privat,Angebot,14500,control,kombi,2010,automatik,197,5er,150000,5,diesel,bmw,nein,2016-03-26 00:00:00,0,95698,2016-04-06 01:16:22
363932,2016-03-29 10:54:31,Sparsamer_Flitzer_tiefer__breiter_VW_UP_1_0_High_Black_Edition,privat,Angebot,7500,control,kleinwagen,2012,manuell,60,,70000,12,benzin,volkswagen,nein,2016-03-29 00:00:00,0,84152,2016-04-05 20:44:35
92321,2016-03-05 14:13:35,Golf_III_1.9_TDI_Variant,privat,Angebot,800,test,kombi,1997,manuell,90,golf,150000,1,diesel,volkswagen,nein,2016-03-03 00:00:00,0,57539,2016-03-07 18:46:36
156014,2016-03-20 16:39:20,Fiat_Punto_Limited_Edition_1Jahr_TÜV,privat,Angebot,790,test,kleinwagen,1998,manuell,0,punto,20000,10,benzin,fiat,nein,2016-03-20 00:00:00,0,32423,2016-04-06 21:46:23
136276,2016-03-30 01:36:23,HYUNDAI__100%_good,privat,Angebot,2300,test,bus,2004,automatik,2,,150000,4,diesel,hyundai,,2016-03-30 00:00:00,0,40789,2016-04-04 20:45:56
264723,2016-03-12 18:44:29,Alfa_Romeo_156_2.0_TS_Bj_2000_mit_Austauschmotor,privat,Angebot,950,test,limousine,2000,manuell,144,156,150000,0,,alfa_romeo,ja,2016-03-12 00:00:00,0,26605,2016-03-24 18:16:42
322537,2016-04-03 13:39:37,Mercedes_Benz_C_220_CDI_Avantgarde__Leder___Navi_Tuev_Neu,privat,Angebot,7900,control,limousine,2006,manuell,150,c_klasse,125000,11,diesel,mercedes_benz,nein,2016-04-03 00:00:00,0,32049,2016-04-05 12:18:36
217989,2016-03-19 17:47:59,Mercedes_Benz_E_320_CDI_Avantgarde,privat,Angebot,7490,control,limousine,2002,automatik,204,e_klasse,150000,12,diesel,mercedes_benz,nein,2016-03-19 00:00:00,0,30459,2016-04-01 07:49:22
286467,2016-03-10 12:39:31,Suche_VW_Toureg_Diesel,privat,Angebot,0,test,,2005,,0,,5000,0,,volkswagen,,2016-03-10 00:00:00,0,10115,2016-04-07 04:46:21
141895,2016-03-30 22:38:58,Suzuki_Jimny_Club,privat,Angebot,8999,control,suv,2013,manuell,86,jimny,60000,9,benzin,suzuki,nein,2016-03-30 00:00:00,0,97980,2016-04-01 17:47:40
262715,2016-03-09 13:59:15,Mercedes_Benz_SL_500,privat,Angebot,17999,control,cabrio,2002,automatik,306,sl,125000,4,benzin,mercedes_benz,nein,2016-03-09 00:00:00,0,66763,2016-04-06 08:44:31
346050,2016-04-01 02:57:44,Ford_Granada_2..3,privat,Angebot,1750,control,limousine,1983,,0,andere,150000,6,lpg,ford,nein,2016-04-01 00:00:00,0,52538,2016-04-07 05:17:23
35426,2016-03-14 19:42:34,BMW_X3_3.0d_Sport_Paket__Individual_TÜV_10/2017,privat,Angebot,9200,control,limousine,2005,manuell,204,x_reihe,150000,3,diesel,bmw,nein,2016-03-14 00:00:00,0,58566,2016-03-17 09:15:52
256313,2016-03-19 14:41:38,Volkswagen_Golf_1.9_TDI,privat,Angebot,3650,test,limousine,2004,manuell,101,golf,150000,5,diesel,volkswagen,nein,2016-03-19 00:00:00,0,34127,2016-03-21 19:18:12
58485,2016-03-08 19:57:37,Alfa_Romeo_156_1_9Jtd_M_Jet_140ps,privat,Angebot,2900,test,kombi,2004,manuell,140,156,150000,0,diesel,alfa_romeo,,2016-03-08 00:00:00,0,91541,2016-03-11 17:46:54
2202,2016-03-09 21:56:28,Ford_Fiesta_5_Tuerer_1.3_Benziner,privat,Angebot,500,test,kleinwagen,1998,manuell,60,fiesta,150000,1,benzin,ford,nein,2016-03-09 00:00:00,0,20144,2016-03-11 07:15:21
371452,2016-03-11 12:52:58,Audi_a4_b5_Kombi_1.8_Turbo,privat,Angebot,400,test,kombi,1996,manuell,150,a4,150000,0,benzin,audi,,2016-03-11 00:00:00,0,85110,2016-03-11 13:43:10
180011,2016-03-26 15:50:00,Fiat_stilo_1.6_16v,privat,Angebot,1200,test,limousine,2001,,0,stilo,150000,0,,fiat,,2016-03-26 00:00:00,0,1683,2016-04-06 04:15:39
96415,2016-03-12 20:39:15,Mercedes_Benz_E_350_T_7_Sitzer_US_MODELL_Elegance_7G,privat,Angebot,7600,test,kombi,2006,automatik,272,e_klasse,150000,7,benzin,mercedes_benz,nein,2016-03-12 00:00:00,0,21706,2016-04-05 13:44:49
87176,2016-03-19 18:52:08,Peugeot_207_Tendance_90_1.4_16V_1Hand_TÜV_01/18,privat,Angebot,4000,test,limousine,2006,manuell,88,,100000,10,benzin,peugeot,nein,2016-03-19 00:00:00,0,88048,2016-03-21 18:51:20
351676,2016-03-12 14:47:46,Audi_A4_1.6,privat,Angebot,4500,test,limousine,2001,manuell,102,a4,150000,9,benzin,audi,ja,2016-03-12 00:00:00,0,85764,2016-04-07 01:17:10
211629,2016-03-09 10:40:49,Fiat_Panda_1.2_Natural_Power,privat,Angebot,4690,control,kleinwagen,2008,manuell,60,panda,100000,9,cng,fiat,nein,2016-03-09 00:00:00,0,94481,2016-04-07 14:33:02
348673,2016-03-26 12:56:28,Smart_smart_&_passion_Klima_Faltdach_Alu_TÜV_Neu,privat,Angebot,2350,control,kleinwagen,2002,automatik,54,fortwo,125000,4,benzin,smart,nein,2016-03-26 00:00:00,0,44339,2016-04-06 00:45:27
325751,2016-03-14 03:52:42,Nissan_Micra_....Super_sparsam,privat,Angebot,1550,test,kleinwagen,2004,manuell,65,micra,125000,5,benzin,nissan,,2016-03-14 00:00:00,0,70469,2016-03-14 06:58:01
358141,2016-04-03 18:36:41,Mercedes_Benz_E_350_CDI_DPF_BlueEFFICIENCY_7G_TRONIC,privat,Angebot,21400,control,limousine,2009,automatik,231,e_klasse,150000,8,diesel,mercedes_benz,nein,2016-04-03 00:00:00,0,89191,2016-04-03 18:36:41
17120,2016-03-19 17:52:33,HYUNDA?_XG_350_NAV?_LEDER_S?TZHE?ZUNG_TEMPOMAT_VOLL...,privat,Angebot,1399,control,limousine,2003,automatik,197,andere,150000,4,benzin,hyundai,nein,2016-03-19 00:00:00,0,35578,2016-03-20 10:07:19
370802,2016-03-23 16:53:57,Mercedes_Benz_220,privat,Angebot,13900,test,kombi,2007,automatik,170,andere,150000,12,diesel,mercedes_benz,nein,2016-03-23 00:00:00,0,90459,2016-03-26 10:16:49
13605,2016-03-31 11:46:25,Toller_Fiat_Panda_mit_Faltschiebedach_/_LPG_Gas___Benzin,privat,Angebot,3700,control,kleinwagen,2010,manuell,54,panda,125000,11,lpg,fiat,,2016-03-31 00:00:00,0,87663,2016-04-06 04:16:47
53153,2016-03-31 04:36:18,BMW_220d_coupé_sport_line,privat,Angebot,31000,test,coupe,2014,automatik,184,andere,30000,6,diesel,bmw,nein,2016-03-31 00:00:00,0,66386,2016-04-02 04:16:03
354986,2016-03-23 17:06:27,opel_astra_der_zuverlaessige,privat,Angebot,220,test,,2016,,75,astra,150000,0,,opel,nein,2016-03-23 00:00:00,0,35619,2016-04-06 10:06:17
180816,2016-04-05 12:06:18,Toyota_GT86___MPS_Turbo__Traumzustand_Liebhaberfahrzeug,privat,Angebot,32999,test,coupe,2012,manuell,300,andere,40000,10,benzin,toyota,nein,2016-04-05 00:00:00,0,61250,2016-04-05 12:46:03
270803,2016-04-02 10:54:37,Volkswagen_Sharan_1.9_TDI,privat,Angebot,1800,test,bus,2001,automatik,116,sharan,150000,1,diesel,volkswagen,ja,2016-04-02 00:00:00,0,91572,2016-04-06 09:16:50
258007,2016-03-12 09:55:12,Audi_a_4_b5_1.8_l_tuv_bis_06.17,privat,Angebot,800,control,limousine,1995,,125,a4,150000,0,,audi,ja,2016-03-12 00:00:00,0,33689,2016-03-13 01:17:24
42707,2016-04-01 01:56:07,BMW_740i_zu_verkaufen,privat,Angebot,1500,control,limousine,1996,automatik,286,7er,150000,3,,bmw,ja,2016-03-31 00:00:00,0,52068,2016-04-01 07:46:25
276535,2016-04-01 12:56:39,Skoda_Fabia_1.2_HTP,privat,Angebot,3500,test,kombi,2003,manuell,50,fabia,125000,6,,skoda,nein,2016-04-01 00:00:00,0,51674,2016-04-07 09:44:25
257430,2016-03-10 18:39:00,Volkswagen_6N/6N2,privat,Angebot,1000,test,kleinwagen,1998,manuell,50,polo,150000,9,benzin,volkswagen,nein,2016-03-10 00:00:00,0,1640,2016-03-12 09:17:22
307053,2016-03-17 15:46:16,Audi_A8,privat,Angebot,1250,test,limousine,1996,automatik,299,a8,150000,3,benzin,audi,ja,2016-03-17 00:00:00,0,78098,2016-04-06 23:17:32
314081,2016-03-23 18:42:49,Verkqufe_BMW__520i,privat,Angebot,2000,test,limousine,1996,manuell,150,5er,150000,0,,bmw,nein,2016-03-23 00:00:00,0,16348,2016-03-23 18:42:49
299999,2016-03-25 18:38:58,Tausch_renault_espace_III_2_2dt.,privat,Angebot,0,test,,2000,,0,espace,150000,0,,renault,,2016-03-25 00:00:00,0,97424,2016-04-07 00:16:03
324636,2016-03-09 21:36:19,Bmw_e87_118i_Automatik,privat,Angebot,11000,test,limousine,2005,automatik,129,1er,70000,7,benzin,bmw,nein,2016-03-09 00:00:00,0,85630,2016-04-06 03:16:27
260673,2016-04-04 14:45:56,Opel_astra_f_caravan,privat,Angebot,199,test,kombi,1993,,0,astra,150000,0,,opel,,2016-04-04 00:00:00,0,14772,2016-04-06 16:15:46
212513,2016-03-07 10:38:03,BMW_325i_M_paket_ORGINAL_ZUSTAND,privat,Angebot,5450,test,limousine,2002,manuell,192,3er,150000,5,benzin,bmw,nein,2016-03-07 00:00:00,0,51061,2016-03-07 13:46:19
368269,2016-03-15 13:39:50,Ich_verkaufe_Opel_corsa_1.2_16_v__noch_tuev,privat,Angebot,50,control,,2016,manuell,0,corsa,150000,0,benzin,opel,ja,2016-03-15 00:00:00,0,79110,2016-04-02 04:15:24
366272,2016-03-08 14:48:03,Verkaufe_meinen_golf_5_2.0l_fsi,privat,Angebot,6999,test,andere,2005,manuell,150,,150000,0,benzin,volkswagen,,2016-03-08 00:00:00,0,74405,2016-04-06 03:17:17
151829,2016-03-09 13:51:35,Alfa_Romeo_Spider_3.0_V6,privat,Angebot,2999,control,cabrio,1996,manuell,192,spider,150000,3,benzin,alfa_romeo,nein,2016-03-09 00:00:00,0,23556,2016-04-06 04:45:07
183078,2016-03-14 23:37:40,Volkswagen_New_Beetle_2.0_Highline,privat,Angebot,2400,control,kleinwagen,1999,manuell,116,beetle,150000,3,benzin,volkswagen,nein,2016-03-14 00:00:00,0,9648,2016-04-05 13:45:51
265778,2016-04-04 19:25:21,Fiat_500_1.2,privat,Angebot,7699,control,kleinwagen,2012,manuell,69,500,40000,7,benzin,fiat,nein,2016-04-04 00:00:00,0,56566,2016-04-05 11:40:42
298674,2016-04-04 21:37:41,Verkaufe_ford_mondeo_an_bastler,privat,Angebot,100,test,limousine,1993,manuell,0,mondeo,150000,0,,ford,ja,2016-04-04 00:00:00,0,4416,2016-04-07 00:15:26
342739,2016-03-09 21:46:59,Mazda_Demio_zu_verkaufen,privat,Angebot,600,test,kleinwagen,2000,manuell,75,andere,150000,8,benzin,mazda,nein,2016-03-09 00:00:00,0,30655,2016-03-11 06:46:17
98297,2016-03-09 10:49:58,Audi_100_Avant_S4,privat,Angebot,3500,control,kombi,1992,automatik,230,100,150000,7,benzin,audi,nein,2016-03-09 00:00:00,0,66333,2016-04-05 15:16:57
236412,2016-03-22 20:39:37,Smart_Fortwo_Passion_Leder__Klima__Xenonlicht__Schaltwippe__110PS,privat,Angebot,4750,control,,2016,automatik,84,fortwo,100000,2,benzin,smart,nein,2016-03-22 00:00:00,0,26123,2016-04-06 18:19:09
144722,2016-03-24 14:38:20,Bmw_e46_zu_verkaufen_oder_tauschen,privat,Angebot,4500,test,,1998,manuell,0,3er,150000,12,benzin,bmw,nein,2016-03-24 00:00:00,0,69151,2016-04-03 05:15:27
153842,2016-03-05 18:42:26,Nissan_Qashqai_2.0_dCI_ALLRAD_4x4_I_Way,privat,Angebot,12100,test,,2017,manuell,150,qashqai,100000,7,,nissan,nein,2016-01-22 00:00:00,0,59519,2016-03-06 03:17:58
216469,2016-03-20 12:58:36,Mercedes_Benz_A_140_Avantgarde_Gepflegtes_Fahrzeug_wenig_KM,privat,Angebot,1250,test,limousine,1998,manuell,82,a_klasse,150000,7,benzin,mercedes_benz,ja,2016-03-20 00:00:00,0,57632,2016-03-30 06:17:08
97915,2016-03-20 12:47:23,BMW_318i,privat,Angebot,3999,test,limousine,2003,manuell,143,3er,150000,10,benzin,bmw,nein,2016-03-20 00:00:00,0,12559,2016-04-06 12:44:33
298709,2016-03-11 17:51:40,AUDI_A4__S4,privat,Angebot,480,control,kombi,1999,manuell,125,a4,150000,1,benzin,audi,ja,2016-03-11 00:00:00,0,86368,2016-03-12 22:45:27
27677,2016-03-19 14:57:04,Volkswagen_Scirocco_2.0_TSI___TÜV_HU+AU__neu___Panoramadach,privat,Angebot,11799,test,coupe,2009,manuell,200,scirocco,70000,3,benzin,volkswagen,nein,2016-03-19 00:00:00,0,90439,2016-04-06 22:45:48
364783,2016-03-25 15:59:48,Schoener_Ford_Fusion_1_6_Viva_Silber___geraeumiger_Kleinwagen,privat,Angebot,2000,test,kleinwagen,2004,manuell,101,fusion,150000,7,benzin,ford,nein,2016-03-25 00:00:00,0,33154,2016-03-25 15:59:48
102157,2016-03-18 01:58:25,Mercedes_Vaneo_top,privat,Angebot,4500,control,bus,2004,automatik,0,andere,90000,1,diesel,mercedes_benz,,2016-03-18 00:00:00,0,81247,2016-04-05 21:16:11
214442,2016-04-05 12:51:20,Fiat_Doblo_Cargo_1_6SX,privat,Angebot,12900,test,andere,2013,manuell,102,doblo,30000,10,diesel,fiat,,2016-04-05 00:00:00,0,50670,2016-04-05 12:51:20
75424,2016-03-23 12:48:49,Suche_golf_6_gti,privat,Angebot,15000,control,,2009,,0,golf,125000,0,,volkswagen,,2016-03-23 00:00:00,0,12619,2016-04-03 13:46:42
149490,2016-03-22 18:57:37,Mercedes_Benz_B_150_Sport_Panorama__Sitzheizung__Teilleder,privat,Angebot,8199,control,limousine,2007,manuell,95,b_klasse,80000,9,benzin,mercedes_benz,nein,2016-03-22 00:00:00,0,73469,2016-03-30 00:45:13
242628,2016-03-16 21:55:45,BMW_116TOP_TÜV_NEU_***88.000**_KM,privat,Angebot,6600,control,limousine,2004,manuell,116,1er,90000,10,benzin,bmw,nein,2016-03-16 00:00:00,0,60487,2016-03-21 12:46:31
20139,2016-03-31 21:53:30,Renault_twingo_1_2_N_Zustand_ok.,privat,Angebot,3000,test,kleinwagen,2011,manuell,75,twingo,150000,3,benzin,renault,,2016-03-31 00:00:00,0,78166,2016-04-06 18:18:28
300112,2016-03-25 21:38:03,Vw_Passat_3bg,privat,Angebot,3000,test,,2016,manuell,116,passat,150000,0,benzin,volkswagen,nein,2016-03-25 00:00:00,0,94234,2016-04-05 02:46:21
281898,2016-03-08 15:52:58,Mazda_MX_5_1.8_MZR_Center_Line,privat,Angebot,12780,test,cabrio,2011,manuell,126,mx_reihe,40000,1,benzin,mazda,nein,2016-03-08 00:00:00,0,44534,2016-03-25 16:16:58
261364,2016-03-10 01:37:43,Opel__Astra_G_Coupe_Bertone_Tuev_07_2016_Verkauf_Oder_tausch_VB,privat,Angebot,0,test,limousine,2001,manuell,115,astra,150000,9,benzin,opel,nein,2016-03-09 00:00:00,0,45731,2016-03-11 19:45:08
158536,2016-03-19 11:48:54,astra_2_0_kombi_mit_neuem_tuev,privat,Angebot,1850,test,kombi,1999,manuell,136,astra,150000,11,benzin,opel,nein,2016-03-19 00:00:00,0,12351,2016-03-26 22:47:18
9122,2016-03-19 07:01:17,**_SUCHE_**_Deutschlandweit_VW_Golf_VR6__V6_bis_R32_jeder_Zustand,privat,Angebot,0,control,,2000,,0,golf,150000,0,,volkswagen,,2016-03-19 00:00:00,0,97833,2016-04-06 06:16:31
37922,2016-03-12 18:53:06,T4_Pritsche_lange_Version_TÜV_bis_02.2018_kein_reparaturstau,privat,Angebot,4250,test,,2018,manuell,69,andere,150000,12,diesel,volkswagen,nein,2016-03-12 00:00:00,0,38667,2016-03-12 18:53:06
43075,2016-03-30 17:51:29,Mercedes_Benz_A_170_Elegance,privat,Angebot,4200,control,limousine,2004,manuell,116,a_klasse,125000,9,benzin,mercedes_benz,nein,2016-03-30 00:00:00,0,21698,2016-03-30 17:51:29
143780,2016-03-28 21:52:31,Peugeot_207_CC_120_VTi,privat,Angebot,11900,control,cabrio,2011,manuell,120,2_reihe,60000,6,benzin,peugeot,nein,2016-03-28 00:00:00,0,97711,2016-04-07 04:45:30
46374,2016-03-07 07:58:24,Peugeot_206_SW_Tuev_AU_KD_neu.Top__Klima,privat,Angebot,2100,test,kombi,2003,manuell,109,2_reihe,150000,0,,peugeot,,2016-03-07 00:00:00,0,84166,2016-03-12 21:17:32
72897,2016-03-31 19:57:18,Ford_Fiesta,privat,Angebot,1500,control,kleinwagen,2000,manuell,60,fiesta,50000,12,benzin,ford,nein,2016-03-31 00:00:00,0,74677,2016-03-31 20:44:03
31948,2016-04-01 22:48:08,Zu_verkaufen,privat,Angebot,400,test,limousine,1995,manuell,116,omega,150000,10,benzin,opel,nein,2016-04-01 00:00:00,0,41849,2016-04-05 20:47:03
358159,2016-04-04 21:54:09,Ford_Capri_III_V6_mit_H_Zulassung_3.Hand_TÜV_11/17,privat,Angebot,6400,test,,2017,,0,andere,5000,10,,ford,,2016-04-04 00:00:00,0,35418,2016-04-07 00:45:12
194696,2016-03-14 15:44:45,Mercedes_C_250_CDI_Blue_Efficiency_Prime_Edition_mit_500Nm,privat,Angebot,12500,control,limousine,2009,manuell,204,c_klasse,150000,5,diesel,mercedes_benz,nein,2016-03-14 00:00:00,0,83395,2016-03-20 03:15:36
78120,2016-03-30 18:49:17,Ford_Focus_Turnier_1.6_TDCi,privat,Angebot,6800,test,kombi,2009,,0,focus,125000,1,diesel,ford,nein,2016-03-30 00:00:00,0,88696,2016-04-07 10:16:53
74805,2016-04-03 13:48:28,Chevrolet_Caprice_Wagon_5.7_v8_Chevy_US_Car_deutsches_Auto,privat,Angebot,1800,control,kombi,1977,automatik,170,andere,150000,5,benzin,chevrolet,,2016-04-03 00:00:00,0,50667,2016-04-03 13:48:28
193546,2016-03-16 20:56:10,Golf_4_1.4l_Top_Zustand,privat,Angebot,1400,control,,2017,manuell,75,golf,150000,8,,volkswagen,nein,2016-03-16 00:00:00,0,6484,2016-03-24 15:47:25
160926,2016-03-21 08:51:04,Audi_A6_Kombi_Quattro,privat,Angebot,2500,control,kombi,2002,manuell,0,a6,150000,4,benzin,audi,,2016-03-21 00:00:00,0,57581,2016-03-24 02:44:44
307295,2016-03-23 10:53:19,Mercedes_Benz_C_200_T_CDI_Aut._Avantgarde_Xenon_Sport.Navi_Leder,privat,Angebot,7999,control,kombi,2008,automatik,122,c_klasse,150000,2,diesel,mercedes_benz,nein,2016-03-23 00:00:00,0,21031,2016-03-29 04:17:50
52415,2016-03-22 22:42:17,BMW_X6M_4.0D_xDrive_Einzelstueck,privat,Angebot,35190,control,suv,2010,automatik,306,x_reihe,125000,8,diesel,bmw,nein,2016-03-22 00:00:00,0,38120,2016-03-25 14:49:18
34456,2016-03-31 21:45:06,Volkswagen_Polo_1.2_Tuev/Au_01/2017,privat,Angebot,1300,test,kleinwagen,2002,manuell,54,polo,150000,11,benzin,volkswagen,nein,2016-03-31 00:00:00,0,26382,2016-04-06 16:46:46
273405,2016-03-13 18:37:52,Hyundai_ix20_1.6_Automatik_Style,privat,Angebot,10500,test,bus,2013,automatik,125,i_reihe,60000,6,benzin,hyundai,nein,2016-03-13 00:00:00,0,88131,2016-03-13 18:37:52
214421,2016-03-20 23:48:45,Trabant_P_601_L_19KW_594ccm_Bj_1988,privat,Angebot,299,control,limousine,1988,manuell,26,601,60000,0,benzin,trabant,ja,2016-03-20 00:00:00,0,17039,2016-03-23 11:16:26
115745,2016-03-26 11:56:13,FORD_C_MAX_TITANIUM_2.0_Schwarz,privat,Angebot,8500,control,bus,2008,manuell,135,c_max,150000,12,benzin,ford,nein,2016-03-26 00:00:00,0,45661,2016-03-26 12:42:48
25540,2016-03-30 18:58:51,Volkswagen_Golf_Variant_1.9_TDI_Pacific,privat,Angebot,4200,test,kombi,2004,manuell,101,golf,150000,5,diesel,volkswagen,nein,2016-03-30 00:00:00,0,49439,2016-04-07 10:17:14
232844,2016-03-22 11:45:41,Volvo_S60_D3_Momentum,privat,Angebot,11980,control,limousine,2010,automatik,163,s60,150000,12,diesel,volvo,nein,2016-03-22 00:00:00,0,95447,2016-04-05 23:45:12
111812,2016-03-28 01:48:23,Mitsubishi_Lancer_1500_GLXi,privat,Angebot,2000,test,limousine,1991,manuell,90,lancer,150000,7,benzin,mitsubishi,nein,2016-03-27 00:00:00,0,12685,2016-04-06 06:17:35
316851,2016-03-16 20:50:02,Alfa_Romeo_Giulietta_1.4_TB_16V_Multiair_TCT_Turismo,privat,Angebot,12500,test,limousine,2012,automatik,170,andere,60000,8,benzin,alfa_romeo,nein,2016-03-16 00:00:00,0,35396,2016-04-05 22:17:37
169646,2016-03-09 22:47:24,VOLVO_V70_II_Tuev___Alu___Teillieferung___u.v.m_.,privat,Angebot,1200,test,kombi,2000,manuell,140,v70,150000,11,benzin,volvo,,2016-03-09 00:00:00,0,49809,2016-03-22 17:17:55
319693,2016-03-07 14:38:39,T4_ohne_motor_zum_ausschlachten,privat,Angebot,150,control,bus,1999,manuell,74,,150000,6,diesel,volkswagen,ja,2016-03-07 00:00:00,0,91186,2016-03-08 10:18:10
163987,2016-03-08 23:40:14,VW_Jetta_2.0l_TDI_DPF,privat,Angebot,8999,control,limousine,2009,manuell,140,jetta,150000,12,diesel,volkswagen,nein,2016-03-08 00:00:00,0,44629,2016-04-06 23:45:22
178815,2016-03-15 20:45:43,Volkswagen_Passat_Variant_2.0_GT,privat,Angebot,1499,test,kombi,1995,manuell,116,passat,150000,6,benzin,volkswagen,nein,2016-03-15 00:00:00,0,34587,2016-04-07 02:45:44
51621,2016-03-30 19:39:09,Opel_astra_g_1.6_Kombi_75ps_Euro_4_mit_Anhaenger_Kupplung,privat,Angebot,666,test,,2016,manuell,75,astra,150000,6,benzin,opel,ja,2016-03-30 00:00:00,0,89079,2016-03-30 19:39:09
177882,2016-03-17 14:50:24,BMW_523i__E39__Automatik__Gruene_Plakette,privat,Angebot,2900,control,limousine,1997,automatik,170,5er,150000,9,benzin,bmw,nein,2016-03-17 00:00:00,0,30916,2016-03-30 07:17:59
336518,2016-04-03 10:47:37,VW_Touran_1.9_Tdi_gepflegt__6_Gang__DPF__Ahk,privat,Angebot,5899,control,,2016,manuell,101,touran,150000,0,diesel,volkswagen,,2016-04-03 00:00:00,0,49186,2016-04-03 10:47:37
291439,2016-03-23 22:55:46,BMW_Z4_sDrive23i,privat,Angebot,21900,test,cabrio,2011,manuell,204,z_reihe,50000,3,benzin,bmw,nein,2016-03-23 00:00:00,0,73642,2016-04-06 17:16:17
351465,2016-03-11 14:25:28,Hallo_ich_suche_mir_Auto_Mit_Automatik_Getriebe,privat,Angebot,0,control,kleinwagen,2016,,0,aygo,5000,1,,toyota,nein,2016-03-11 00:00:00,0,61449,2016-03-14 21:16:55
293802,2016-03-21 17:57:21,Ford_Mondeo_Turnier_Ghia,privat,Angebot,200,control,kombi,1999,manuell,115,mondeo,150000,3,benzin,ford,,2016-03-21 00:00:00,0,47807,2016-03-22 23:18:45
113064,2016-04-05 10:58:40,Ford_Ranger_XLT,privat,Angebot,10990,control,suv,2012,manuell,150,andere,90000,11,diesel,ford,ja,2016-04-05 00:00:00,0,66399,2016-04-05 11:47:06
251166,2016-03-29 22:50:06,Audi_A4_Avant_2_6_liter_mit_neuem_Tuev,privat,Angebot,800,test,,2000,,0,a4,150000,0,,audi,,2016-03-29 00:00:00,0,27711,2016-03-30 00:41:34
31565,2016-03-18 07:37:04,Golf_5_1.9tdi_Brandstiftung,privat,Angebot,1500,test,,2017,manuell,0,golf,150000,4,diesel,volkswagen,ja,2016-03-18 00:00:00,0,76437,2016-04-05 21:46:25
335034,2016-03-28 17:25:40,Mercedes_A200_Elegance,privat,Angebot,5999,test,kleinwagen,2005,automatik,101,a_klasse,150000,3,benzin,mercedes_benz,,2016-03-28 00:00:00,0,65428,2016-04-07 02:15:45
334665,2016-03-20 01:00:19,Skoda_octavia_combi_2.0_TDI_RS,privat,Angebot,10000,control,kombi,2011,manuell,170,octavia,150000,6,diesel,skoda,,2016-03-20 00:00:00,0,44145,2016-04-06 03:44:53
98978,2016-03-17 13:52:50,VW_Passat_Variant_3b_1_8_125PS,privat,Angebot,899,control,kombi,1999,manuell,125,passat,150000,4,benzin,volkswagen,,2016-03-17 00:00:00,0,8223,2016-03-30 05:17:59
120041,2016-03-25 10:51:53,Verkaufe_Fiat_Punto,privat,Angebot,555,test,kleinwagen,2001,manuell,60,punto,150000,9,benzin,fiat,,2016-03-25 00:00:00,0,84036,2016-03-25 10:51:53
335717,2016-03-06 16:46:23,Seat_Ibiza_zum_ausschlachten_oder_herrichten,privat,Angebot,200,test,kleinwagen,1998,manuell,60,ibiza,150000,4,benzin,seat,nein,2016-03-06 00:00:00,0,93109,2016-03-11 23:18:02
232451,2016-03-05 22:43:58,Verkaufe_Audi_A4_B5_kombi,privat,Angebot,999,control,kombi,1996,manuell,125,a4,150000,6,benzin,audi,nein,2016-03-05 00:00:00,0,86655,2016-03-12 17:45:19
184140,2016-03-16 23:54:30,Mazda_3,privat,Angebot,3800,test,limousine,2005,manuell,109,3_reihe,150000,7,diesel,mazda,nein,2016-03-16 00:00:00,0,41564,2016-03-19 06:18:23
245732,2016-03-29 02:36:55,Daihatsu_Sirion,privat,Angebot,850,test,kleinwagen,2000,manuell,102,sirion,150000,7,benzin,daihatsu,nein,2016-03-29 00:00:00,0,82256,2016-03-29 09:43:15
324346,2016-03-25 14:36:25,Volkswagen_VW_Polo_1.2___4/5_Tuerer__99400km__SEHR_sauber!!!,privat,Angebot,2600,control,kleinwagen,2003,manuell,64,polo,100000,5,benzin,volkswagen,nein,2016-03-25 00:00:00,0,45134,2016-03-25 14:36:25
132450,2016-03-23 13:50:36,Volkswagen_Golf_1_GTI_Umbau_auf_1.8T_Projektaufgabe,privat,Angebot,5500,test,cabrio,1983,manuell,179,golf,5000,1,benzin,volkswagen,nein,2016-03-23 00:00:00,0,31241,2016-04-05 14:18:36
129206,2016-03-29 12:55:30,Ford_Focus_1.8_Lpg_Prins_Xenon,privat,Angebot,5000,test,limousine,2009,manuell,125,focus,150000,3,benzin,ford,ja,2016-03-29 00:00:00,0,50825,2016-03-31 05:17:33
350604,2016-03-23 13:47:24,Opel_Corsa_65140km_nur!,privat,Angebot,699,test,kleinwagen,1996,manuell,60,corsa,70000,3,benzin,opel,ja,2016-03-23 00:00:00,0,20535,2016-03-26 06:17:36
286849,2016-03-31 13:50:35,VW_Caddy_Life_mit_LPG__AHK__NAVI_und_Klima,privat,Angebot,6000,control,kombi,2009,manuell,102,caddy,150000,12,lpg,volkswagen,,2016-03-31 00:00:00,0,26629,2016-04-06 06:44:33
228639,2016-03-14 17:44:48,Mercedes__E200CDI,privat,Angebot,24500,test,limousine,2012,automatik,0,e_klasse,30000,11,diesel,mercedes_benz,nein,2016-03-14 00:00:00,0,26624,2016-04-06 00:16:42
359001,2016-03-21 18:43:06,Volkswagen_Lupo_1.6,privat,Angebot,7450,test,kleinwagen,2002,manuell,125,lupo,150000,6,benzin,volkswagen,nein,2016-03-21 00:00:00,0,96465,2016-04-06 20:15:31
210569,2016-04-04 21:41:30,VW_Golf_4_IV_1.6_Scheckheft_gepflegt_1.Hand_Tuev_11/2017,privat,Angebot,3700,test,,2017,manuell,101,golf,125000,3,benzin,volkswagen,,2016-04-04 00:00:00,0,25813,2016-04-07 00:15:40
254202,2016-03-19 20:38:17,noch_tuef_vorhanden,privat,Angebot,300,control,,2017,,0,a_klasse,150000,0,,mercedes_benz,ja,2016-03-19 00:00:00,0,14712,2016-03-29 01:45:32
111854,2016-03-20 19:25:26,Opel_Corsa_1.0_12V,privat,Angebot,1550,control,kleinwagen,2002,manuell,58,corsa,150000,10,benzin,opel,nein,2016-03-20 00:00:00,0,56075,2016-03-23 20:47:44
184643,2016-03-10 17:55:48,Volkswagen_Multivan_Kurz_BMT___VW_Garantieverlaengerung,privat,Angebot,27500,control,bus,2013,manuell,114,transporter,50000,11,diesel,volkswagen,nein,2016-03-10 00:00:00,0,25746,2016-03-21 05:45:59
216797,2016-03-07 21:37:44,Ford_Mondeo_Turnier_2.5_Titanium_S_Leder_Sitzhz_Xenon,privat,Angebot,12500,control,kombi,2008,manuell,220,mondeo,150000,12,benzin,ford,nein,2016-03-07 00:00:00,0,91625,2016-03-15 12:15:41
189785,2016-03-05 18:39:36,Ford_KA_mit_Faltdach,privat,Angebot,350,test,,2005,,0,ka,150000,0,,ford,,2016-03-05 00:00:00,0,94362,2016-04-07 05:16:00
101749,2016-03-26 00:56:51,VW_Golf_III_mit_Vollausstattung_und_neuem_Tuev,privat,Angebot,0,test,limousine,1997,manuell,75,golf,150000,0,benzin,volkswagen,nein,2016-03-25 00:00:00,0,15344,2016-03-26 07:38:00
116520,2016-03-09 11:50:21,BMW_120i_Cabrio_Aut.,privat,Angebot,9000,test,cabrio,2008,automatik,170,1er,150000,1,benzin,bmw,nein,2016-03-09 00:00:00,0,37671,2016-03-09 11:50:21
20903,2016-03-23 18:36:25,Opel_Astra_kombi_tuev_neu,privat,Angebot,1650,test,kombi,1998,manuell,65,astra,125000,9,benzin,opel,nein,2016-03-23 00:00:00,0,32547,2016-04-06 00:17:35
204862,2016-03-06 13:45:40,A5_3.0_TDI_DPF_quattro_S_tronic_NAVI_XEN_2xS_LINE,privat,Angebot,10500,test,limousine,2011,automatik,239,a5,125000,9,diesel,audi,nein,2016-03-06 00:00:00,0,10115,2016-03-06 13:45:40
56841,2016-03-20 20:17:06,TAUSCHE_Civic_Eg4_mit_D16z9__tuev1.18__Gegen_CRX_ED9,privat,Angebot,2500,test,kleinwagen,1992,manuell,125,,150000,1,benzin,honda,nein,2016-03-19 00:00:00,0,35460,2016-03-29 22:15:28
124704,2016-03-22 13:49:33,Opel_Omega_3.0_V6_Sport,privat,Angebot,2900,control,limousine,2000,automatik,211,omega,150000,5,benzin,opel,nein,2016-03-22 00:00:00,0,74257,2016-04-06 02:45:41
121075,2016-03-14 11:54:09,Audi_A4_2_5l_turbodiesel,privat,Angebot,1300,test,kombi,2000,manuell,150,a4,150000,3,diesel,audi,nein,2016-03-14 00:00:00,0,84494,2016-03-24 19:17:53
221168,2016-03-20 16:40:30,Volkswagen_Multivan_T4,privat,Angebot,7500,test,bus,2000,automatik,102,transporter,150000,5,diesel,volkswagen,ja,2016-03-20 00:00:00,0,76337,2016-04-06 21:46:31
92383,2016-03-20 22:49:49,Audi_A6_Avant_3.0_TDI_quattro_S_tronic_2xS_Line_Top,privat,Angebot,29990,test,kombi,2011,automatik,245,a6,125000,11,diesel,audi,nein,2016-03-20 00:00:00,0,32791,2016-03-20 22:49:49
93968,2016-03-28 20:48:28,Fiat_CROMA,privat,Angebot,2400,control,kombi,2005,manuell,150,croma,150000,6,,fiat,ja,2016-03-28 00:00:00,0,83317,2016-03-28 20:48:28
19537,2016-03-09 17:45:26,VW_T4_Transporter_Wohnmobil_?_VR6_?_140_PS_?_Gruene_Plakette,privat,Angebot,10500,test,bus,1998,automatik,140,transporter,150000,2,,volkswagen,nein,2016-03-09 00:00:00,0,10823,2016-03-14 09:48:21
307979,2016-04-04 08:55:19,Volkswagen_Sharan_2.0_TDI_BlueMotion__7_Sitzer_,privat,Angebot,20900,control,bus,2012,manuell,140,sharan,100000,6,diesel,volkswagen,nein,2016-04-04 00:00:00,0,74889,2016-04-06 09:45:51
38573,2016-04-01 21:46:35,VW_GOLF_5_1_4,privat,Angebot,6000,test,,2017,manuell,80,golf,125000,6,benzin,volkswagen,nein,2016-04-01 00:00:00,0,58791,2016-04-01 21:46:35
66508,2016-03-10 19:36:58,Peugeot_306_Break_Kombi_110PS_Tuev_2017,privat,Angebot,770,control,kombi,2000,manuell,110,3_reihe,150000,2,benzin,peugeot,nein,2016-03-10 00:00:00,0,18439,2016-03-17 07:46:08
222701,2016-03-15 13:47:22,Mercedes_Benz_E_320__original_139.300__KM__Scheckheft_bis_100T,privat,Angebot,3500,control,limousine,1993,automatik,220,e_klasse,150000,7,benzin,mercedes_benz,nein,2016-03-15 00:00:00,0,16567,2016-03-19 06:46:52
171760,2016-03-19 17:44:26,Audi_A3_sehr_sauber,privat,Angebot,2499,control,limousine,1999,manuell,101,a3,150000,7,benzin,audi,,2016-03-19 00:00:00,0,34123,2016-03-24 12:47:02
161058,2016-03-30 21:50:52,Audi_90_2.3_E,privat,Angebot,900,test,limousine,1989,manuell,136,90,150000,7,benzin,audi,nein,2016-03-30 00:00:00,0,63820,2016-04-05 12:20:21
197448,2016-03-28 21:50:34,Audi_A6_*4B_*Allroad_*KEIN_ROST*_Motor_Generalueberholt*,privat,Angebot,5555,control,kombi,2003,automatik,180,a6,150000,6,diesel,audi,nein,2016-03-28 00:00:00,0,96486,2016-04-07 04:45:27
185197,2016-03-06 14:53:05,Vw_Polo_6n_1_3_Tuning,privat,Angebot,0,control,,1995,manuell,54,polo,150000,7,benzin,volkswagen,,2016-03-06 00:00:00,0,19258,2016-03-29 09:42:16
135830,2016-03-28 22:00:29,Verkaufe/tausche_Opel_astra_f,privat,Angebot,600,control,kleinwagen,1996,manuell,60,astra,150000,10,,opel,,2016-03-28 00:00:00,0,12629,2016-04-07 05:16:18
183627,2016-04-02 19:50:58,BMW_528i,privat,Angebot,2400,control,limousine,1998,manuell,193,5er,150000,4,benzin,bmw,nein,2016-04-02 00:00:00,0,82409,2016-04-02 19:50:58
200185,2016-03-24 19:50:48,Opel_Astra_1.7_CDTI_Caravan_DPF_Edition_111_Jahre,privat,Angebot,8900,test,kombi,2010,manuell,110,astra,90000,10,diesel,opel,nein,2016-03-24 00:00:00,0,63329,2016-04-06 06:46:22
86363,2016-03-14 17:53:48,SLK_200_sehr_schoene_gepflegtes_Tuev_bis_10.2017_Viele_neu_teilen,privat,Angebot,3300,test,cabrio,1998,manuell,136,slk,150000,9,benzin,mercedes_benz,,2016-03-14 00:00:00,0,33649,2016-03-17 07:15:12
28760,2016-03-14 16:45:41,Citroeen_C2_16VTS_mit_Teilleder_TÜV_bis_10/2017,privat,Angebot,3500,test,kleinwagen,2007,manuell,122,c2,125000,5,benzin,citroen,nein,2016-03-14 00:00:00,0,23554,2016-03-18 03:46:27
191391,2016-03-27 15:37:20,Opel_Coraa_C_1.0_12v_96_tds_km_scheckheftgepflegt_nur_heute_1200,privat,Angebot,1200,control,kleinwagen,2001,manuell,58,corsa,100000,9,benzin,opel,,2016-03-27 00:00:00,0,44793,2016-03-27 15:37:20
260382,2016-04-02 20:47:23,Golf_3_gepflegt_TÜV_NEU,privat,Angebot,1600,test,limousine,1995,manuell,60,golf,150000,2,benzin,volkswagen,nein,2016-04-02 00:00:00,0,47661,2016-04-06 21:17:46
152434,2016-03-11 08:37:24,Ford_Fiesta_16_V,privat,Angebot,350,test,,2016,manuell,0,fiesta,150000,6,benzin,ford,ja,2016-03-11 00:00:00,0,13439,2016-03-14 19:44:34
210763,2016-03-28 23:56:59,Peugeot_307_CC,privat,Angebot,6300,test,cabrio,2006,manuell,140,,90000,8,benzin,peugeot,nein,2016-03-28 00:00:00,0,76829,2016-04-05 14:17:50
144941,2016-03-30 14:57:48,Audi_a3_8l_1.6,privat,Angebot,1600,control,,2017,,101,a3,150000,0,,audi,,2016-03-30 00:00:00,0,92439,2016-04-01 09:45:25
206056,2016-03-19 21:57:22,Opel_Corsa_1.2__ecoFLEX__mit_Start/Stopp_Automatik,privat,Angebot,7500,control,kleinwagen,2013,manuell,86,corsa,30000,3,benzin,opel,nein,2016-03-19 00:00:00,0,84405,2016-04-05 13:44:27
106868,2016-03-29 00:57:12,Ford_Focus_ganz_sauber,privat,Angebot,1899,test,kleinwagen,2002,manuell,0,focus,150000,0,benzin,ford,nein,2016-03-28 00:00:00,0,30657,2016-04-05 13:45:14
243870,2016-03-05 22:55:44,Nissan_Almera_1.5,privat,Angebot,1500,control,limousine,2003,manuell,98,almera,150000,10,benzin,nissan,nein,2016-03-05 00:00:00,0,49586,2016-03-07 16:16:41
243628,2016-03-23 14:06:24,Ford_KA_an_Bastler__zum_Ausschlachten_,privat,Angebot,200,control,kleinwagen,1998,manuell,60,ka,100000,0,benzin,ford,,2016-03-23 00:00:00,0,56305,2016-04-06 13:44:56
779,2016-03-22 15:50:59,BMW_316i,privat,Angebot,2850,control,limousine,2000,manuell,105,3er,150000,7,benzin,bmw,nein,2016-03-22 00:00:00,0,71139,2016-04-06 05:45:42
363677,2016-04-01 22:58:05,VW_Jetta_2__Gepflegt_Schmidt_th_line_[golf_gti],privat,Angebot,3500,test,coupe,1988,manuell,72,,90000,5,benzin,volkswagen,nein,2016-04-01 00:00:00,0,45896,2016-04-05 22:45:58
307646,2016-03-31 20:49:20,Seat_Leon_1.2_TSI_Ecomotive_Copa,privat,Angebot,9280,test,limousine,2011,manuell,105,leon,70000,8,benzin,seat,nein,2016-03-31 00:00:00,0,90579,2016-04-04 14:44:51
262999,2016-03-28 17:38:31,Auto_W123Coupe,privat,Angebot,4500,test,coupe,1985,automatik,136,,150000,7,benzin,mercedes_benz,nein,2016-03-28 00:00:00,0,14550,2016-04-06 23:15:48
6910,2016-03-21 19:51:05,Vw_t5_transporter_kasten_bj06_2.5tdi_nur_export!!!,privat,Angebot,5500,test,bus,2006,manuell,131,transporter,150000,1,,volkswagen,,2016-03-21 00:00:00,0,41366,2016-03-21 19:51:05
202883,2016-03-30 15:49:32,Skoda_Felicia_Combi_1.3_GLXi,privat,Angebot,800,test,kombi,1995,manuell,68,andere,125000,10,benzin,skoda,nein,2016-03-30 00:00:00,0,9629,2016-03-30 15:49:32
146386,2016-03-15 21:58:24,Seat_Mii_Style_Salsa__TÜV_noch_bis_3/17,privat,Angebot,7650,control,kleinwagen,2014,manuell,60,mii,40000,4,benzin,seat,nein,2016-03-15 00:00:00,0,52152,2016-03-30 16:46:39
72377,2016-03-26 10:51:43,hallo_verkaufe_mein_bmw_316i_e36_als_Bastelfahrzeug_tuev_faellig,privat,Angebot,800,test,limousine,1996,manuell,102,3er,150000,10,benzin,bmw,ja,2016-03-26 00:00:00,0,23611,2016-04-01 23:47:35
234879,2016-03-28 15:52:08,Volkswagen_Golf_1_gti_gli_cabrio,privat,Angebot,6000,control,cabrio,1980,manuell,110,golf,150000,4,benzin,volkswagen,nein,2016-03-28 00:00:00,0,47533,2016-04-06 20:46:40
104942,2016-04-01 20:45:33,Volkswagen_Polo,privat,Angebot,6200,test,kleinwagen,2010,manuell,75,polo,150000,4,diesel,volkswagen,nein,2016-04-01 00:00:00,0,21073,2016-04-05 17:46:04
122455,2016-03-19 16:47:02,Renault_Espace_2.2_dCi,privat,Angebot,2900,test,bus,2004,manuell,150,espace,150000,2,diesel,renault,nein,2016-03-19 00:00:00,0,91605,2016-04-07 02:17:36
329010,2016-03-12 17:48:38,Bmw_316i__young_timer,privat,Angebot,600,test,limousine,1988,manuell,0,3er,150000,0,benzin,bmw,,2016-03-12 00:00:00,0,33647,2016-03-15 04:17:00
56139,2016-03-06 01:51:17,Audi_80_Avant_TDI,privat,Angebot,1150,control,kombi,1994,,0,80,150000,5,diesel,audi,nein,2016-03-05 00:00:00,0,21702,2016-03-06 04:48:54
209607,2016-03-26 17:38:57,Omega_2.0_8v_tuv_04/17_ahk_klima,privat,Angebot,999,control,kombi,1998,manuell,116,omega,150000,8,,opel,,2016-03-26 00:00:00,0,59199,2016-04-05 11:44:48
77138,2016-03-20 14:36:36,Passat_3b_top,privat,Angebot,2500,test,kombi,1999,manuell,101,passat,150000,8,benzin,volkswagen,nein,2016-03-20 00:00:00,0,1683,2016-04-06 17:15:51
23207,2016-03-31 10:49:16,Volkswagen_Caddy_SD_Pickup_Hardtop,privat,Angebot,1500,control,suv,1997,manuell,64,caddy,150000,12,diesel,volkswagen,nein,2016-03-31 00:00:00,0,14770,2016-04-02 05:46:02
193987,2016-03-07 18:42:30,CORSA_B_9._97___TÜV__9_/_16_VB_650_160000_km,privat,Angebot,649,control,kleinwagen,1997,manuell,54,corsa,150000,9,,opel,nein,2016-03-07 00:00:00,0,28259,2016-03-15 00:46:42
146771,2016-03-31 13:00:15,Fiat_Punto_1.2,privat,Angebot,1450,test,kleinwagen,2003,manuell,60,punto,100000,9,benzin,fiat,nein,2016-03-31 00:00:00,0,49593,2016-03-31 13:43:07
233180,2016-04-01 15:49:43,Mercedes_Benz_E320,privat,Angebot,12850,test,limousine,2002,automatik,224,andere,125000,11,benzin,mercedes_benz,nein,2016-04-01 00:00:00,0,28197,2016-04-07 13:50:09
303728,2016-04-03 17:45:58,Porsche_Boxster_Tiptronic_S,privat,Angebot,18500,test,cabrio,2005,automatik,239,boxster,125000,9,benzin,porsche,nein,2016-04-03 00:00:00,0,76351,2016-04-05 17:46:12
210343,2016-03-08 23:40:34,Opel_Corsa_1.2_16V,privat,Angebot,2999,control,kleinwagen,2007,manuell,80,corsa,150000,10,benzin,opel,nein,2016-03-08 00:00:00,0,71665,2016-03-12 14:44:53
366327,2016-03-13 17:06:44,Mitsubishi_Colt_CZ3_1.1,privat,Angebot,4100,test,limousine,2008,manuell,75,colt,70000,7,benzin,mitsubishi,nein,2016-03-13 00:00:00,0,35415,2016-04-05 12:20:07
272808,2016-03-26 14:47:00,Golf_1_6_TÜV_12.16,privat,Angebot,450,control,limousine,1995,,0,golf,150000,11,,volkswagen,,2016-03-26 00:00:00,0,86154,2016-03-31 10:16:34
205757,2016-03-12 18:00:40,Suzuki_Grand_Vitara_1.9_DDiS,privat,Angebot,7400,test,suv,2008,manuell,129,grand,150000,3,diesel,suzuki,nein,2016-03-12 00:00:00,0,10969,2016-03-14 10:19:14
5144,2016-03-30 20:47:34,Renault_Megane_TCe_130_Coupe_Cabriolet_Luxe,privat,Angebot,13600,control,cabrio,2010,manuell,131,megane,60000,8,benzin,renault,nein,2016-03-30 00:00:00,0,90530,2016-04-07 13:17:32
144983,2016-03-19 18:40:29,Opel___TÜV_NEU!!!_Klimautomatic!!!,privat,Angebot,2750,test,kleinwagen,2005,manuell,60,corsa,100000,6,benzin,opel,nein,2016-03-19 00:00:00,0,31789,2016-03-27 10:44:49
144188,2016-03-30 14:38:00,Bmw_mit_gasanlage,privat,Angebot,4500,control,limousine,2003,manuell,116,3er,150000,5,lpg,bmw,nein,2016-03-30 00:00:00,0,45665,2016-04-03 03:50:07
4449,2016-03-31 22:37:10,FORD_MONDEO_1.6BENZIN_TÜV_2017,privat,Angebot,1400,test,kombi,2000,manuell,93,mondeo,150000,6,benzin,ford,,2016-03-31 00:00:00,0,25436,2016-04-06 22:16:39
275854,2016-03-08 16:51:44,Verkaufe_meinen_Golf_4,privat,Angebot,1800,test,limousine,2002,manuell,75,golf,150000,1,benzin,volkswagen,nein,2016-03-08 00:00:00,0,19399,2016-03-12 15:44:51
140376,2016-03-10 15:49:53,Mercedes_Benz_ML_270_CDI,privat,Angebot,3950,test,suv,2001,automatik,0,m_klasse,150000,7,diesel,mercedes_benz,,2016-03-10 00:00:00,0,28357,2016-03-17 23:46:54
48021,2016-03-17 19:45:55,BMW_318i,privat,Angebot,3000,control,limousine,2001,manuell,118,3er,150000,7,benzin,bmw,nein,2016-03-17 00:00:00,0,23826,2016-03-17 19:45:55
169707,2016-03-17 11:55:07,Volkswagen_Golf_Cabrio,privat,Angebot,3600,control,cabrio,1988,manuell,72,golf,150000,6,benzin,volkswagen,nein,2016-03-17 00:00:00,0,22309,2016-04-06 12:17:06
196869,2016-03-28 14:57:04,Alfa_147_1.6_twin_spark_mit_Gasanlage,privat,Angebot,1500,test,limousine,2003,manuell,0,,150000,0,,alfa_romeo,nein,2016-03-28 00:00:00,0,42279,2016-03-30 06:18:10
14467,2016-03-18 09:46:44,Ford_Focus_Diesel_mit_DPF,privat,Angebot,2600,control,kombi,2002,manuell,115,focus,150000,6,diesel,ford,,2016-03-18 00:00:00,0,14929,2016-03-23 17:49:02
225870,2016-03-11 13:53:10,Roter_Flitzer,privat,Angebot,300,test,kleinwagen,1998,manuell,0,lupo,150000,10,benzin,volkswagen,,2016-03-11 00:00:00,0,1689,2016-03-12 03:46:24
40354,2016-03-09 21:54:55,BMW_320i_touring,privat,Angebot,1600,test,kombi,2000,manuell,150,3er,150000,12,benzin,bmw,nein,2016-03-09 00:00:00,0,81243,2016-03-13 01:45:43
241091,2016-03-25 20:51:57,Volkswagen_Golf_1.4_TSI_DSG_Style,privat,Angebot,15499,control,limousine,2012,automatik,122,golf,60000,4,benzin,volkswagen,nein,2016-03-25 00:00:00,0,28757,2016-04-07 03:46:51
278340,2016-03-28 11:53:08,Mercedes_Benz_ML_320_CDI_4Matic_7G_TRONIC_DPF,privat,Angebot,13500,control,suv,2007,automatik,224,m_klasse,150000,7,diesel,mercedes_benz,nein,2016-03-28 00:00:00,0,85579,2016-04-06 14:17:29
85751,2016-04-06 16:36:35,Volkswagen_VW_Polo_1_2_Goal,privat,Angebot,4650,test,kleinwagen,2006,manuell,64,polo,70000,6,benzin,volkswagen,nein,2016-04-06 00:00:00,0,33397,2016-04-06 16:36:35
232806,2016-04-06 15:36:16,Volkswagen_Golf_Variant_1.6_Comfortline,privat,Angebot,9900,test,kombi,2009,manuell,102,golf,90000,4,benzin,volkswagen,nein,2016-04-06 00:00:00,0,86742,2016-04-06 15:36:16
279031,2016-03-24 19:38:42,BMW_328i_Lim|Aut|Sport|Leder|HeadUp|Navi_Prof|Harman,privat,Angebot,27990,control,limousine,2012,automatik,245,3er,70000,9,benzin,bmw,nein,2016-03-24 00:00:00,0,76185,2016-04-03 12:47:37
31940,2016-03-26 11:36:42,BMW_316ti_compact___mit_LSD_Doors,privat,Angebot,6000,control,limousine,2002,manuell,116,3er,150000,12,benzin,bmw,nein,2016-03-26 00:00:00,0,88430,2016-04-06 00:15:35
154260,2016-03-15 20:53:49,Skoda_Fabia_Cool_Edition_klima_1.2,privat,Angebot,8950,test,kleinwagen,2014,manuell,60,fabia,20000,4,benzin,skoda,,2016-03-15 00:00:00,0,28759,2016-03-30 13:16:18
260962,2016-03-09 17:43:56,OPEL_VECTRA_TÜV_07/17,privat,Angebot,300,test,kombi,1998,manuell,101,vectra,150000,3,,opel,,2016-03-09 00:00:00,0,39444,2016-03-14 09:45:20
93994,2016-03-22 17:42:08,Mercedes_Benz_Viano_2.2_CDI_lang_Ambiente_DPF,privat,Angebot,9999,control,bus,2005,manuell,150,viano,150000,4,diesel,mercedes_benz,nein,2016-03-22 00:00:00,0,26382,2016-04-06 08:17:42
151510,2016-03-08 12:53:44,Passat_Variant,privat,Angebot,0,test,andere,1996,automatik,115,passat,150000,5,benzin,volkswagen,ja,2016-03-08 00:00:00,0,38518,2016-03-08 12:53:44
367228,2016-04-02 19:53:21,Skoda_Fabia_1.4_16V_Automatik_Syle_Edition,privat,Angebot,5140,control,kleinwagen,2006,automatik,75,fabia,125000,9,benzin,skoda,nein,2016-04-02 00:00:00,0,6449,2016-04-06 20:17:24
170691,2016-03-21 21:48:24,Trafic__100_1_9_Diesel_neue_Bremsen__neue_Kupplung,privat,Angebot,4600,control,bus,2005,manuell,100,andere,125000,10,diesel,renault,,2016-03-21 00:00:00,0,66901,2016-04-01 04:47:17
135361,2016-03-22 00:51:32,Chevrolet_Chevy_3100_Pick_Up_Step_Side_Bj.51_V8_Rostfrei_Oldtimer,privat,Angebot,16666,control,andere,1951,automatik,300,andere,100000,8,benzin,chevrolet,,2016-03-21 00:00:00,0,45525,2016-04-05 15:17:38
164997,2016-03-12 11:37:04,Audi_TT_Coupe_1.8_T_TÜV_bis_3/18_Bremsen_VA+HA_neu!!,privat,Angebot,3750,test,coupe,1999,manuell,179,tt,150000,9,benzin,audi,nein,2016-03-12 00:00:00,0,89343,2016-04-02 06:15:45
308739,2016-03-08 20:56:13,Renault_Kangoo_1.4_Benzine_TÜV_Schekheft,privat,Angebot,1100,control,kombi,1999,manuell,75,kangoo,125000,10,benzin,renault,nein,2016-03-08 00:00:00,0,22115,2016-04-05 23:16:43
92381,2016-04-04 17:47:00,Renault_Megane_1.9_dCi,privat,Angebot,4400,test,limousine,2004,manuell,120,megane,50000,6,diesel,renault,nein,2016-04-04 00:00:00,0,22880,2016-04-04 17:47:00
214548,2016-03-25 18:54:14,Vw_Polo_86c_Gt_2f,privat,Angebot,1000,test,coupe,1991,manuell,55,polo,150000,6,benzin,volkswagen,nein,2016-03-25 00:00:00,0,65582,2016-04-05 13:17:35
255970,2016-03-08 19:53:09,Golf_4_1_4l_16_V,privat,Angebot,2200,test,kleinwagen,2000,manuell,75,golf,150000,0,benzin,volkswagen,nein,2016-03-08 00:00:00,0,59229,2016-03-10 16:47:41
7185,2016-03-22 17:25:19,Bmw_e90_320i,privat,Angebot,8200,test,limousine,2006,manuell,150,3er,150000,11,benzin,bmw,nein,2016-03-22 00:00:00,0,65589,2016-04-07 07:16:39
46482,2016-04-02 19:45:42,twingo_16v_mit_TÜV,privat,Angebot,1800,control,kleinwagen,2004,automatik,0,twingo,100000,4,benzin,renault,nein,2016-04-02 00:00:00,0,51545,2016-04-06 19:46:36
296278,2016-03-09 22:52:38,Golf_3_SCHLACHTFEST,privat,Angebot,0,test,,2000,,0,golf,150000,0,,volkswagen,,2016-03-09 00:00:00,0,52477,2016-04-06 22:15:27
348785,2016-04-01 17:57:31,Fiat_500_0.9_TwinAir_Start&Stopp_Lounge,privat,Angebot,9290,test,kleinwagen,2013,manuell,86,500,50000,8,benzin,fiat,nein,2016-04-01 00:00:00,0,26135,2016-04-05 13:45:03
185601,2016-04-01 11:52:40,Peugeot_Partner_1.6_e_HDi_90_L1_FAP_Stop&Start_VOLL!,privat,Angebot,8900,test,bus,2012,manuell,90,andere,60000,11,diesel,peugeot,nein,2016-04-01 00:00:00,0,80689,2016-04-07 08:46:10
282333,2016-03-21 10:51:51,VW_Polo_1_4,privat,Angebot,250,test,kleinwagen,1995,manuell,54,polo,150000,5,benzin,volkswagen,nein,2016-03-21 00:00:00,0,38640,2016-03-22 15:18:39
103085,2016-03-05 17:47:55,Smart_passion_mhd,privat,Angebot,7690,test,kleinwagen,2012,,71,fortwo,30000,11,benzin,smart,nein,2016-03-05 00:00:00,0,53913,2016-03-11 03:16:59
190244,2016-03-22 00:56:01,Volkswagen_Polo_1.4,privat,Angebot,5000,control,kleinwagen,2007,manuell,80,polo,70000,11,benzin,volkswagen,nein,2016-03-22 00:00:00,0,40472,2016-04-05 16:21:23
143186,2016-04-05 10:36:38,Opel_movano_pritsche_einzell_kabine,privat,Angebot,8499,control,andere,2006,manuell,101,andere,150000,12,diesel,opel,nein,2016-04-05 00:00:00,0,45307,2016-04-05 11:46:44
89593,2016-03-13 00:58:51,MX5_rostfrei_3.hand_DER_SOMMER_KOMMT_!!,privat,Angebot,1300,control,cabrio,1994,manuell,115,mx_reihe,150000,1,benzin,mazda,,2016-03-12 00:00:00,0,48599,2016-03-13 06:47:01
152428,2016-03-31 00:38:02,Volkswagen_Passat_Variant_1.9_TDI,privat,Angebot,3899,control,kombi,2001,manuell,101,passat,150000,2,diesel,volkswagen,nein,2016-03-30 00:00:00,0,86983,2016-04-06 00:17:46
177181,2016-03-28 17:49:17,Dacia_Sanders_1_2_16_v,privat,Angebot,4300,test,,2009,manuell,75,sandero,70000,0,,dacia,nein,2016-03-28 00:00:00,0,67657,2016-04-06 23:45:55
347818,2016-03-28 22:55:59,ICH_BIETE_MERCEDES_BENZ__180_C,privat,Angebot,1600,control,limousine,1998,manuell,90,c_klasse,150000,1,benzin,mercedes_benz,nein,2016-03-28 00:00:00,0,97082,2016-04-07 14:58:15
135975,2016-03-09 09:45:44,BMW_320_Cabrio,privat,Angebot,1600,test,cabrio,1996,manuell,150,3er,150000,3,benzin,bmw,nein,2016-03-09 00:00:00,0,12559,2016-03-09 18:15:42
256077,2016-03-05 14:37:53,Citroeen_Jumper_Kastenwagen,privat,Angebot,2100,control,bus,1996,manuell,0,,150000,12,diesel,citroen,nein,2016-03-05 00:00:00,0,10965,2016-03-06 03:45:03
290362,2016-03-30 13:38:33,Renault_Laguna_Grandtour_1.6_16V,privat,Angebot,800,test,kombi,1999,manuell,107,laguna,150000,3,benzin,renault,ja,2016-03-30 00:00:00,0,14612,2016-04-03 02:47:19
230702,2016-03-12 20:51:12,Ford_Mondeo_2.0_Trend_Limousine,privat,Angebot,495,test,limousine,2002,manuell,145,mondeo,150000,7,benzin,ford,,2016-03-12 00:00:00,0,33611,2016-03-12 21:41:25
278305,2016-03-20 21:44:28,a_4_kombi_diesel_unfall,privat,Angebot,100,test,kombi,1997,manuell,81,a4,150000,10,diesel,audi,ja,2016-03-20 00:00:00,0,99096,2016-03-20 21:44:28
207187,2016-03-18 00:57:22,Seat_Ibiza_SC_1_4TSI_DSG_Cupra_mit_Panoramadach_180PS,privat,Angebot,14990,test,kleinwagen,2013,automatik,180,ibiza,30000,5,benzin,seat,nein,2016-03-17 00:00:00,0,32469,2016-03-26 10:45:26
62295,2016-03-29 09:51:18,Suche_Golf_3_mit_tuev,privat,Angebot,0,test,,2000,,0,golf,125000,0,,volkswagen,,2016-03-29 00:00:00,0,37627,2016-03-31 02:45:23
14964,2016-04-01 10:48:43,Volkswagen_Golf_2.0_TDI_BlueMotion_Technology_DSG_Highline,privat,Angebot,24299,control,limousine,2014,automatik,150,golf,30000,5,diesel,volkswagen,nein,2016-04-01 00:00:00,0,38458,2016-04-07 07:17:09
289698,2016-03-17 16:54:19,Volkswagen_Golf_1.4_TSI_Style,privat,Angebot,10400,test,limousine,2012,manuell,122,golf,80000,3,benzin,volkswagen,nein,2016-03-17 00:00:00,0,63303,2016-03-31 18:47:52
204457,2016-03-23 16:59:26,Vw__Passat,privat,Angebot,350,test,kombi,1996,manuell,115,,150000,0,benzin,volkswagen,,2016-03-23 00:00:00,0,8132,2016-03-26 10:46:12
43974,2016-04-01 18:52:25,CHRYSLER_GRAND_VOYAGER_2.8_DIESEL_AUTOMATIK,privat,Angebot,4999,control,bus,2005,automatik,0,voyager,150000,4,diesel,chrysler,nein,2016-04-01 00:00:00,0,13355,2016-04-05 14:47:05
25747,2016-03-28 15:40:11,Mercedes_C_klasse_180_kein_TÜV..,privat,Angebot,590,control,limousine,1995,manuell,0,c_klasse,150000,0,benzin,mercedes_benz,,2016-03-28 00:00:00,0,27572,2016-04-06 20:15:48
78746,2016-04-04 23:54:29,Opel_corsa,privat,Angebot,600,control,,2016,,54,corsa,150000,6,benzin,opel,ja,2016-04-04 00:00:00,0,26127,2016-04-07 10:15:23
188166,2016-03-11 23:51:21,Audi_A4_B5_1_9_Tdi,privat,Angebot,1000,test,kombi,1997,manuell,101,a4,150000,0,diesel,audi,nein,2016-03-11 00:00:00,0,84307,2016-03-12 07:41:00
283541,2016-03-24 11:56:33,VW_Sharan_2.0,privat,Angebot,2500,test,bus,2003,manuell,0,sharan,150000,0,,volkswagen,,2016-03-24 00:00:00,0,27578,2016-03-28 20:16:47
20937,2016-04-01 11:48:22,Opel_Vertra,privat,Angebot,150,test,limousine,1997,automatik,0,vectra,150000,0,benzin,opel,,2016-04-01 00:00:00,0,27729,2016-04-07 08:17:13
292620,2016-03-05 16:26:14,Volkswagen_Golf_1.9_TDI,privat,Angebot,1200,control,limousine,2001,manuell,101,golf,150000,9,diesel,volkswagen,ja,2016-03-05 00:00:00,0,57586,2016-03-05 22:42:51
77479,2016-04-03 21:36:57,Citroen_saxo_vts_75ps,privat,Angebot,1100,test,kleinwagen,1998,manuell,75,andere,20000,9,benzin,citroen,,2016-04-03 00:00:00,0,39175,2016-04-05 23:45:28
249946,2016-04-05 12:49:17,Mercedes_Benz_C180_Sport_TÜV_2018_W201_W202_Sportline_Top,privat,Angebot,1299,test,limousine,1994,manuell,122,c_klasse,150000,8,benzin,mercedes_benz,nein,2016-04-05 00:00:00,0,59269,2016-04-05 12:49:17
140593,2016-03-07 01:44:01,Ford_Fiesta_Flair,privat,Angebot,749,control,kleinwagen,1996,manuell,60,fiesta,150000,10,benzin,ford,nein,2016-03-06 00:00:00,0,41066,2016-03-14 07:17:39
121690,2016-03-10 12:50:59,Scheckheftgepflegter_Kleinwagen,privat,Angebot,850,test,kleinwagen,2003,manuell,80,punto,150000,4,benzin,fiat,nein,2016-03-10 00:00:00,0,4680,2016-03-11 12:47:59
150483,2016-03-21 09:56:51,Mercedes_E430_T_Avangard,privat,Angebot,2800,control,kombi,2001,automatik,279,e_klasse,150000,2,benzin,mercedes_benz,,2016-03-21 00:00:00,0,19230,2016-03-28 03:46:15
47071,2016-04-04 20:53:28,Opel_Meriva_1_6_Klima_NEUWAGEN_Zustand_org._19500tkm_1.Hand,privat,Angebot,6900,control,,2005,manuell,101,meriva,20000,3,benzin,opel,nein,2016-04-04 00:00:00,0,65474,2016-04-06 11:25:16
241545,2016-03-10 12:40:35,Audi_A4_Avant_b6_2_5_Tdi,privat,Angebot,3000,test,kombi,2004,automatik,163,,150000,7,,audi,nein,2016-03-10 00:00:00,0,13127,2016-03-10 23:44:31
267184,2016-03-17 14:53:52,Renault_kangoo,privat,Angebot,1700,control,andere,2002,manuell,64,kangoo,150000,2,diesel,renault,nein,2016-03-17 00:00:00,0,99974,2016-04-06 13:15:23
181375,2016-03-31 16:54:59,Super_Raumwunder_Ford_Mondeo_3,privat,Angebot,1700,control,kombi,2002,,145,mondeo,150000,12,benzin,ford,nein,2016-03-31 00:00:00,0,24819,2016-04-04 09:47:35
144766,2016-04-01 21:48:12,Mercedes_Benz_ML_420_CDI_4MATIC,privat,Angebot,11500,test,suv,2006,automatik,306,m_klasse,150000,12,diesel,mercedes_benz,,2016-04-01 00:00:00,0,58095,2016-04-05 19:46:03
46601,2016-03-29 16:55:52,Smart_smart_fortwo_coupe_mhd__451_,privat,Angebot,6550,control,kleinwagen,2012,automatik,71,fortwo,40000,10,benzin,smart,nein,2016-03-29 00:00:00,0,23558,2016-04-06 02:45:13
14268,2016-03-20 22:53:49,Vauxhall_GTC_2.0_Turbo_200PS,privat,Angebot,11400,test,coupe,2006,manuell,200,astra,50000,6,benzin,opel,nein,2016-03-20 00:00:00,0,70191,2016-03-23 11:44:40
242162,2016-03-12 11:10:58,Volkswagen_Touran_1_6_FSI,privat,Angebot,5500,control,bus,2005,automatik,116,touran,125000,3,benzin,volkswagen,nein,2016-03-10 00:00:00,0,53783,2016-03-17 10:17:44
258788,2016-04-02 13:41:13,Seat_Ibiza_1.4_16V_Copa,privat,Angebot,8200,test,kleinwagen,2011,manuell,86,ibiza,80000,7,benzin,seat,nein,2016-04-02 00:00:00,0,68519,2016-04-06 11:45:01
128492,2016-03-06 12:06:24,Fiat_Punto_TÜV_NEU,privat,Angebot,1150,test,kleinwagen,2000,manuell,60,punto,150000,7,benzin,fiat,nein,2016-03-06 00:00:00,0,56170,2016-03-27 22:29:56
308788,2016-03-08 14:54:07,"Jeep_Wrangler_TJ_""Trophy_Umbau""",privat,Angebot,15300,test,andere,1998,manuell,177,wrangler,150000,3,lpg,jeep,,2016-03-08 00:00:00,0,87487,2016-04-06 07:15:38
152658,2016-04-04 21:43:51,VW_Sharan,privat,Angebot,3500,test,andere,2001,manuell,0,sharan,150000,12,diesel,volkswagen,,2016-04-04 00:00:00,0,86169,2016-04-07 00:15:48
140009,2016-03-06 11:48:42,Opel_Vectra_GTS_3_2_Automatk_TÜV_5/17_Verkauf/Tausch,privat,Angebot,4000,test,limousine,2004,automatik,211,vectra,150000,3,benzin,opel,ja,2016-03-06 00:00:00,0,22117,2016-03-20 09:45:24
368287,2016-03-05 17:49:44,Vancouver_1.9.benzin,privat,Angebot,1650,control,bus,2002,manuell,0,andere,150000,8,benzin,mercedes_benz,,2016-03-05 00:00:00,0,55218,2016-03-10 08:46:40
182173,2016-03-19 11:46:22,VW_Passat_3b_2.5TDI_V6,privat,Angebot,1000,test,,2000,automatik,150,passat,150000,1,,volkswagen,nein,2016-03-19 00:00:00,0,19417,2016-03-20 13:18:30
179241,2016-03-08 20:36:23,Mitsubishi_L200,privat,Angebot,2899,control,suv,1993,manuell,69,andere,150000,11,diesel,mitsubishi,nein,2016-03-08 00:00:00,0,96170,2016-04-06 01:17:04
7722,2016-03-13 12:06:43,Nissan_Micra__67€_steuern__technisch_top,privat,Angebot,900,control,,2017,manuell,58,micra,150000,5,benzin,nissan,nein,2016-03-13 00:00:00,0,65428,2016-03-16 07:19:28
342036,2016-04-02 13:47:42,Verkaufe_Opel_Signum_1.9_CDTI_Automatik_Cosmo_Plus,privat,Angebot,5800,test,kombi,2007,automatik,150,signum,100000,10,diesel,opel,nein,2016-04-02 00:00:00,0,67655,2016-04-06 12:16:07
67210,2016-03-07 11:57:17,Golf_7_Variant__184_PS__Erstzulassung_2013__53500_Kilometerstand,privat,Angebot,10000,test,kombi,2013,manuell,184,golf,60000,7,diesel,volkswagen,nein,2016-03-07 00:00:00,0,24106,2016-03-20 14:16:31
291061,2016-03-24 11:48:48,Opel_Corsa_1.2_16V_ecoFLEX_Easytronic_Satellite,privat,Angebot,6200,test,kleinwagen,2011,manuell,86,corsa,90000,3,benzin,opel,nein,2016-03-24 00:00:00,0,84364,2016-04-07 02:44:55
152670,2016-04-06 11:36:16,Ford_Fiesta_ST_Leder_Navi,privat,Angebot,17000,test,kleinwagen,2014,manuell,182,fiesta,20000,5,benzin,ford,nein,2016-04-06 00:00:00,0,33098,2016-04-06 11:36:16
170974,2016-03-16 12:46:56,BMW_316i,privat,Angebot,1350,test,limousine,1999,manuell,105,3er,150000,11,benzin,bmw,nein,2016-03-16 00:00:00,0,59494,2016-03-26 18:17:13
218581,2016-03-17 19:50:49,Opel_Omega_Caravan_2.0_CD,privat,Angebot,850,control,kombi,1996,manuell,116,omega,150000,12,benzin,opel,nein,2016-03-17 00:00:00,0,1237,2016-03-26 00:47:10
105667,2016-03-18 17:36:23,Audi_A3_101_PS_TÜV_Neu,privat,Angebot,1500,test,kleinwagen,1997,manuell,101,a3,150000,12,benzin,audi,nein,2016-03-18 00:00:00,0,74564,2016-03-26 11:17:56
114350,2016-04-03 14:43:14,Passat_3b_1.8_20_v,privat,Angebot,500,test,kombi,1998,manuell,125,passat,150000,0,,volkswagen,ja,2016-04-03 00:00:00,0,2699,2016-04-05 13:18:33
198510,2016-03-10 12:54:53,Audi_A4__B5__1.9Tdi_Avant_Unfallwagen_zu_verkaufen,privat,Angebot,550,test,kombi,2001,manuell,0,a4,150000,0,diesel,audi,,2016-03-10 00:00:00,0,28195,2016-03-11 13:17:59
189596,2016-03-27 14:41:05,A4_Avant_3.0TDI_DPF_quat._Aut._S_Line_Navi_Bi_Xen,privat,Angebot,8000,control,kombi,2011,automatik,310,a4,80000,4,diesel,audi,nein,2016-03-27 00:00:00,0,10115,2016-03-27 14:41:05
317262,2016-03-30 08:52:54,Vw_polo_6n,privat,Angebot,2000,control,kleinwagen,1995,manuell,75,polo,150000,5,benzin,volkswagen,,2016-03-30 00:00:00,0,79576,2016-04-07 01:15:23
182388,2016-04-01 13:57:01,Mercedes_Benz___AMG_Sportauspuff_,privat,Angebot,999,test,,2016,manuell,102,a_klasse,150000,3,benzin,mercedes_benz,nein,2016-04-01 00:00:00,0,38179,2016-04-03 10:46:59
222846,2016-03-30 12:57:04,Suzuki_Swift_1.3_Comfort_dance,privat,Angebot,3800,control,kleinwagen,2006,manuell,92,swift,125000,12,benzin,suzuki,nein,2016-03-30 00:00:00,0,99086,2016-04-07 04:15:45
122249,2016-03-25 11:39:48,Peugeot_206_75_Grand_Filou,privat,Angebot,2500,test,kleinwagen,2003,manuell,75,2_reihe,80000,3,benzin,peugeot,nein,2016-03-25 00:00:00,0,83104,2016-03-26 21:15:26
55097,2016-03-06 12:47:34,Volkswagen_Golf_1.6_TDI_DPF_BlueMotion_Technology_Comfo...,privat,Angebot,7800,test,limousine,2010,manuell,105,golf,150000,9,diesel,volkswagen,nein,2016-03-06 00:00:00,0,24146,2016-03-13 03:16:12
263861,2016-03-07 15:52:45,Volkswagen_Passat_Variant_1.9_TDI,privat,Angebot,3600,control,kombi,2001,manuell,101,passat,150000,7,diesel,volkswagen,nein,2016-03-07 00:00:00,0,49090,2016-03-17 02:45:28
180306,2016-03-29 11:49:03,Verkaufe_mein_Restaurations_Projekt,privat,Angebot,0,test,kleinwagen,1984,manuell,34,,150000,0,benzin,volkswagen,ja,2016-03-29 00:00:00,0,88317,2016-04-05 21:15:22
89852,2016-03-26 14:45:07,BMW_3x_316i_komplett_fuer_850_Euro!,privat,Angebot,850,control,coupe,1994,manuell,102,3er,10000,4,benzin,bmw,nein,2016-03-26 00:00:00,0,77746,2016-03-31 09:46:30
277908,2016-03-24 16:44:22,"BMW_318i_Facelift__17""_M_Felgen__Leder",privat,Angebot,3400,control,limousine,2002,manuell,1433,3er,150000,0,benzin,bmw,nein,2016-03-24 00:00:00,0,41836,2016-03-29 01:46:24
293443,2016-04-03 11:42:33,BMW_330xd_DPF_Touring_Aut._Panorama__KeylessGo,privat,Angebot,14500,control,kombi,2007,automatik,231,3er,150000,10,diesel,bmw,nein,2016-04-03 00:00:00,0,54568,2016-04-07 12:44:56
172379,2016-03-12 21:52:39,Chevrolet_Cruze_2.0_LT,privat,Angebot,7800,test,limousine,2009,manuell,150,andere,150000,5,diesel,chevrolet,nein,2016-03-12 00:00:00,0,46519,2016-04-05 17:21:46
150744,2016-03-29 20:53:19,Fiat_Punto_188,privat,Angebot,0,test,kleinwagen,2000,,60,punto,125000,5,benzin,fiat,,2016-03-29 00:00:00,0,48599,2016-03-31 14:45:47
252070,2016-03-07 21:37:22,RENAULT_MEGANE_2004_Baujahr!_83000_KmStand!_Sehrguenstig_!!!,privat,Angebot,1900,control,kleinwagen,2004,manuell,0,megane,90000,0,benzin,renault,,2016-03-07 00:00:00,0,78054,2016-03-10 08:16:04
317504,2016-04-04 08:57:35,Fahrbereiter_VW_Polo_86C_Steilheck,privat,Angebot,130,control,kleinwagen,1991,manuell,33,polo,150000,8,benzin,volkswagen,nein,2016-04-04 00:00:00,0,58730,2016-04-04 09:49:35
268082,2016-03-26 16:49:08,Golf_2_old_school_/_lkw_zulassung_1.6_TD,privat,Angebot,240,control,limousine,1990,manuell,68,golf,150000,4,diesel,volkswagen,ja,2016-03-26 00:00:00,0,24963,2016-04-06 05:17:09
116955,2016-03-27 14:41:34,Volkswagen_T4_Multivan,privat,Angebot,7500,control,bus,1998,manuell,102,transporter,150000,2,diesel,volkswagen,nein,2016-03-27 00:00:00,0,48703,2016-04-07 10:46:07
12423,2016-03-16 19:42:32,Vollaustattung_ausser_Automatik_sonst_alless_Kfz_mit_polnische_nr.,privat,Angebot,3330,test,limousine,2003,manuell,125,signum,150000,7,diesel,opel,,2016-03-16 00:00:00,0,12107,2016-04-07 04:45:49
319750,2016-03-07 10:56:50,Pajero_3_2_DiD_Einspritzpumpe_defekt,privat,Angebot,2500,test,suv,2001,automatik,160,pajero,150000,1,diesel,mitsubishi,ja,2016-03-07 00:00:00,0,58638,2016-03-09 08:46:13
212006,2016-04-04 22:36:34,Verkaufe_ford_Fiesta_Mk3,privat,Angebot,800,test,kleinwagen,1995,manuell,50,fiesta,90000,11,benzin,ford,nein,2016-04-04 00:00:00,0,91626,2016-04-07 03:17:11
137904,2016-03-10 23:51:33,Mercedes_Benz_C_180_T_Classic,privat,Angebot,899,test,kombi,1997,automatik,122,c_klasse,150000,7,benzin,mercedes_benz,nein,2016-03-10 00:00:00,0,81927,2016-04-06 01:17:13
264324,2016-03-24 19:48:41,Mercedes_A_Klasse_170_CDI__super_Zustand__Autom._Partikelfilter,privat,Angebot,2999,control,,2016,automatik,95,a_klasse,150000,4,diesel,mercedes_benz,nein,2016-03-24 00:00:00,0,42781,2016-03-29 06:15:46
187759,2016-03-24 20:58:55,VW_Polo_6_N_1_6_L_XXL_mit_75_PS.,privat,Angebot,450,test,kleinwagen,1995,manuell,75,polo,150000,6,benzin,volkswagen,ja,2016-03-24 00:00:00,0,94491,2016-04-05 13:47:06
347397,2016-04-03 14:43:30,Opel_Tigra_Twin_Top_1.4,privat,Angebot,3300,test,cabrio,2005,manuell,90,tigra,150000,2,benzin,opel,nein,2016-04-03 00:00:00,0,26180,2016-04-05 13:18:35
333310,2016-03-05 23:44:29,Volkswagen_Polo_1.2_TSI_Style,privat,Angebot,9999,control,kleinwagen,2012,manuell,105,polo,100000,2,benzin,volkswagen,nein,2016-03-05 00:00:00,0,4741,2016-04-05 20:46:00
48900,2016-03-15 13:58:37,"Ich_biete_einen_Golf__Variant_""Special""_1.4___75_PS_",privat,Angebot,2300,control,kombi,2001,manuell,75,golf,150000,11,benzin,volkswagen,nein,2016-03-15 00:00:00,0,18057,2016-04-06 05:15:40
60206,2016-03-17 21:37:26,Volkswagen_Passat_2.8_V6_4Motion_Highline,privat,Angebot,3600,test,limousine,2001,manuell,193,passat,150000,9,lpg,volkswagen,nein,2016-03-17 00:00:00,0,10709,2016-03-26 04:17:27
215768,2016-03-30 07:54:40,Opel_Astra_G_cc_Egonomic,privat,Angebot,1150,control,coupe,1999,automatik,101,astra,150000,4,,opel,ja,2016-03-30 00:00:00,0,14057,2016-04-06 23:46:26
103212,2016-03-26 11:41:57,Twingo_mit_Servolenkung__Faltdach_2Jahre_TÜV_Gruene_Plakette,privat,Angebot,850,control,kleinwagen,1999,manuell,43,twingo,150000,7,benzin,renault,nein,2016-03-26 00:00:00,0,26939,2016-04-02 16:57:01
72387,2016-03-05 18:57:10,BMW_F20_116i_Top_Ausstattung,privat,Angebot,9490,test,limousine,2009,manuell,136,1er,50000,11,benzin,bmw,nein,2016-03-05 00:00:00,0,41363,2016-03-05 22:16:32
83437,2016-04-03 14:52:11,"Ford_Fiesta_1.5_TDCi_""Titanium""___24_Monate_Garantie",privat,Angebot,12950,test,kleinwagen,2016,manuell,75,fiesta,5000,4,diesel,ford,nein,2016-04-03 00:00:00,0,57072,2016-04-05 14:15:26
131860,2016-03-28 14:53:05,Verkauf_Pkw,privat,Angebot,2200,test,kleinwagen,2005,manuell,75,ibiza,150000,12,diesel,seat,nein,2016-03-28 00:00:00,0,52525,2016-04-06 19:16:28
325048,2016-03-15 11:57:47,C_250_T_CDI___AMG_Optik___Anhaengerkupplung__Navi__Leder,privat,Angebot,20999,test,kombi,2012,manuell,204,c_klasse,90000,2,diesel,mercedes_benz,nein,2016-03-15 00:00:00,0,97080,2016-03-16 08:16:23
214196,2016-03-16 00:56:12,Smart_Cabrio___Schlachtfest,privat,Angebot,300,test,cabrio,2000,automatik,55,,150000,9,benzin,smart,,2016-03-16 00:00:00,0,21514,2016-03-18 03:17:50
147100,2016-03-30 20:45:44,Ford_Focus_1_6_Ti_VCT,privat,Angebot,9750,control,,2018,manuell,105,focus,40000,3,,ford,nein,2016-03-30 00:00:00,0,31177,2016-04-07 12:49:03
30234,2016-03-26 14:47:44,Volkswagen_Golf_1.4_Ocean_Service_/_Zahnr._/_WaPu_NEU_!!!,privat,Angebot,4190,control,limousine,2003,manuell,75,golf,90000,7,benzin,volkswagen,nein,2016-03-26 00:00:00,0,88212,2016-04-06 02:46:18
292741,2016-03-14 11:58:49,VW_Passat_1_6_Kombi..._2.Hand...Scheckheft_gepflegt!,privat,Angebot,2495,test,kombi,1997,manuell,102,,150000,10,benzin,volkswagen,nein,2016-03-14 00:00:00,0,51109,2016-03-17 00:17:30
357560,2016-03-12 18:47:34,BMW_330d_touring,privat,Angebot,1650,test,kombi,2002,automatik,184,3er,150000,2,diesel,bmw,ja,2016-03-12 00:00:00,0,88515,2016-04-07 12:45:54
202008,2016-03-22 19:37:25,Mazda_6_Sport_Kombi_2.0_Active_Glasschiebedach,privat,Angebot,6200,test,kombi,2007,manuell,147,6_reihe,125000,8,benzin,mazda,ja,2016-03-22 00:00:00,0,72622,2016-03-26 21:17:44
306070,2016-04-05 10:36:21,Bmw_525_TDS_Diesel_5er,privat,Angebot,1444,control,limousine,1998,manuell,0,5er,5000,0,diesel,bmw,ja,2016-04-05 00:00:00,0,48341,2016-04-05 10:36:21
2562,2016-03-23 17:43:12,VW_GOLF_3,privat,Angebot,750,control,bus,1996,manuell,0,golf,150000,0,diesel,volkswagen,,2016-03-23 00:00:00,0,1920,2016-03-26 10:46:05
23552,2016-03-12 11:36:55,BMW_120d_DPF__PDC__M_PAKET__XENON!!,privat,Angebot,10899,test,limousine,2007,manuell,177,1er,150000,11,diesel,bmw,nein,2016-03-12 00:00:00,0,86732,2016-03-22 16:48:59
123500,2016-03-10 15:43:56,Ford_Streetka_1.6_8V,privat,Angebot,2799,test,cabrio,2004,manuell,95,ka,150000,3,benzin,ford,nein,2016-03-10 00:00:00,0,52428,2016-03-14 12:18:03
95307,2016-03-12 16:48:06,Citroën_C5_HDi_165_FAP_Aut._Exclusive,privat,Angebot,13900,control,limousine,2012,automatik,163,c5,80000,11,diesel,citroen,nein,2016-03-12 00:00:00,0,78628,2016-04-07 06:45:54
128103,2016-03-30 22:45:20,Peugeot_106,privat,Angebot,650,control,kleinwagen,1998,manuell,45,1_reihe,150000,5,benzin,peugeot,nein,2016-03-30 00:00:00,0,33647,2016-04-05 13:17:26
126840,2016-03-21 07:58:28,Ford_Mondeo_Turnier_Ghia,privat,Angebot,250,control,kombi,1999,manuell,115,mondeo,150000,3,benzin,ford,nein,2016-03-21 00:00:00,0,47807,2016-03-21 07:58:28
300453,2016-03-19 17:49:37,Sparsamer_Fiat_Grande_Punto_TÜV_NEU,privat,Angebot,3750,control,kleinwagen,2009,manuell,65,punto,80000,5,benzin,fiat,nein,2016-03-19 00:00:00,0,27612,2016-03-19 17:49:37
303813,2016-03-28 17:53:26,Mercedes_Benz_C_240_Sport,privat,Angebot,2900,test,limousine,1999,manuell,170,c_klasse,150000,2,benzin,mercedes_benz,nein,2016-03-28 00:00:00,0,68642,2016-04-06 23:46:06
220340,2016-03-05 23:57:12,Toyota_Avensis_Limusine_Klima_Alufegen,privat,Angebot,4250,control,limousine,2003,manuell,147,avensis,150000,6,benzin,toyota,,2016-03-05 00:00:00,0,45659,2016-03-08 08:17:43
303782,2016-04-03 14:25:30,Porsche_Cayenne_Diesel_Tiptronic_S,privat,Angebot,44200,test,suv,2011,automatik,239,cayenne,125000,7,diesel,porsche,nein,2016-04-03 00:00:00,0,65582,2016-04-04 19:12:07
201505,2016-03-31 19:47:20,Mercedes_Benz_C_200_Kompressor,privat,Angebot,2750,control,limousine,2002,manuell,163,c_klasse,150000,2,benzin,mercedes_benz,nein,2016-03-31 00:00:00,0,45896,2016-03-31 19:47:20
86220,2016-03-07 20:50:52,Mercedes_Benz_200_D,privat,Angebot,4000,test,limousine,1982,manuell,60,andere,150000,7,diesel,mercedes_benz,nein,2016-03-07 00:00:00,0,93413,2016-04-05 17:45:13
204522,2016-03-21 10:56:33,Bmw_e46_320d,privat,Angebot,3599,test,limousine,2004,manuell,150,3er,150000,9,diesel,bmw,,2016-03-21 00:00:00,0,12043,2016-03-22 15:47:51
200570,2016-03-12 18:49:29,schoenes__dkl.blaues_schnelles_Cabrio_umstaendehalber_zu_verkaufen,privat,Angebot,3400,test,cabrio,2000,manuell,101,golf,125000,4,benzin,volkswagen,,2016-03-12 00:00:00,0,58095,2016-03-16 23:16:49
179584,2016-03-19 16:51:06,VW_Passat_3B_HU_neu_in_sehr_gutem_Zustand,privat,Angebot,3200,test,limousine,1999,manuell,125,passat,150000,2,benzin,volkswagen,nein,2016-03-19 00:00:00,0,3238,2016-04-07 02:46:26
216537,2016-03-16 21:52:51,Mercedes__A_160,privat,Angebot,1700,control,limousine,1998,manuell,102,a_klasse,150000,11,benzin,mercedes_benz,nein,2016-03-16 00:00:00,0,45663,2016-04-07 13:15:41
301748,2016-03-29 17:49:38,Citroën_C1,privat,Angebot,1000,control,,2016,manuell,0,c1,150000,4,,citroen,,2016-03-29 00:00:00,0,80689,2016-04-02 05:47:22
147760,2016-03-15 17:36:23,Renault_Megane_1.6_zum_ausschlachten_!!!,privat,Angebot,200,control,,2000,manuell,0,megane,150000,0,benzin,renault,ja,2016-03-15 00:00:00,0,49196,2016-04-04 13:15:55
20211,2016-03-09 17:57:50,Fiat_126_Maluch_mit_Deutschem_TÜV,privat,Angebot,1250,test,kleinwagen,1997,manuell,26,andere,80000,9,benzin,fiat,nein,2016-03-09 00:00:00,0,37079,2016-03-22 04:44:24
153421,2016-03-29 21:49:47,Mercedes_Benz_230_C_Sportline_2Hand_Vollleder_nur_88811KM__TOP,privat,Angebot,7200,test,coupe,1991,automatik,132,andere,90000,11,benzin,mercedes_benz,nein,2016-03-29 00:00:00,0,58579,2016-04-06 08:44:59
217609,2016-03-11 01:57:23,Chevrolet_Blazer_T10_LT_LPG_PRINS,privat,Angebot,3200,test,suv,2001,automatik,193,andere,150000,1,benzin,chevrolet,nein,2016-03-11 00:00:00,0,89233,2016-03-11 06:00:58
255168,2016-03-10 17:41:33,Fiat_500_1.2_Lounge,privat,Angebot,6100,control,kleinwagen,2008,manuell,69,500,70000,2,benzin,fiat,nein,2016-03-10 00:00:00,0,50259,2016-03-12 22:18:42
211483,2016-03-31 19:53:32,Volkswagen_Polo_1.2,privat,Angebot,3499,control,kleinwagen,2004,manuell,64,polo,100000,7,benzin,volkswagen,nein,2016-03-31 00:00:00,0,38229,2016-04-06 15:16:03
128990,2016-03-15 11:58:34,Ford_Fiesta_GHIA___1.25_/_16V_/_75PS_/__5_Tuerig_/_rotmettallig,privat,Angebot,890,test,,2017,automatik,75,fiesta,150000,0,benzin,ford,nein,2016-03-15 00:00:00,0,14943,2016-03-17 06:17:06
226530,2016-03-22 22:50:21,Volkswagen_Golf_1.4_Trendline,privat,Angebot,6300,control,limousine,2005,manuell,75,golf,150000,6,benzin,volkswagen,nein,2016-03-22 00:00:00,0,84503,2016-04-06 21:46:12
62314,2016-03-31 19:36:20,Opel_Astra_Kombi_101_PS_TÜV/AU_2018_Euro_4___8fach_Bereifung,privat,Angebot,1500,control,kombi,1998,manuell,101,astra,150000,7,benzin,opel,nein,2016-03-31 00:00:00,0,55452,2016-04-06 15:16:00
145323,2016-03-13 18:25:36,Audi_A3____1.9_TDI_105_PS,privat,Angebot,3490,control,limousine,2004,manuell,105,a3,150000,1,diesel,audi,nein,2016-03-13 00:00:00,0,56130,2016-03-14 20:28:53
278922,2016-03-07 21:52:05,Ford_Fiesta_TÜV_neu,privat,Angebot,900,control,kleinwagen,1996,manuell,60,fiesta,100000,0,benzin,ford,nein,2016-03-07 00:00:00,0,49626,2016-03-17 08:44:45
156504,2016-04-01 17:54:28,S_Klasse_320_CDI_Sondermodel_250PS,privat,Angebot,3500,test,limousine,2000,automatik,250,s_klasse,150000,12,,mercedes_benz,,2016-04-01 00:00:00,0,26871,2016-04-05 13:44:38
302680,2016-04-04 01:55:51,Ford_Ka_Viva_X,privat,Angebot,1650,control,kleinwagen,2006,manuell,60,ka,90000,4,benzin,ford,nein,2016-04-03 00:00:00,0,52353,2016-04-06 08:16:37
193534,2016-04-01 16:06:17,Fiat_Panda_Typ_169,privat,Angebot,4000,control,kleinwagen,2011,manuell,69,panda,60000,3,benzin,fiat,nein,2016-04-01 00:00:00,0,65626,2016-04-07 11:17:06
345555,2016-03-08 14:37:38,Peugeot_5008_HDI_FAP_150,privat,Angebot,12990,test,bus,2012,,0,5_reihe,60000,11,diesel,peugeot,nein,2016-03-08 00:00:00,0,87700,2016-04-05 23:46:29
74650,2016-03-29 13:58:40,Renault_Twingo,privat,Angebot,499,control,,2016,manuell,0,,150000,0,,renault,,2016-03-29 00:00:00,0,73553,2016-03-31 07:16:20
192049,2016-03-20 22:48:31,Peugeot_106_TÜV_neu,privat,Angebot,799,test,,2018,manuell,50,1_reihe,150000,3,benzin,peugeot,nein,2016-03-20 00:00:00,0,9618,2016-04-07 09:45:07
370474,2016-03-23 23:57:27,Opel_Corsa_B_Eco_12V,privat,Angebot,450,control,kleinwagen,1999,manuell,54,corsa,150000,11,,opel,nein,2016-03-23 00:00:00,0,79369,2016-03-28 14:47:21
362402,2016-03-15 23:36:22,Volvo_S40II_2.0d_Leder_Navi_Top_Zustand,privat,Angebot,4199,control,limousine,2004,manuell,136,andere,150000,10,diesel,volvo,,2016-03-15 00:00:00,0,48429,2016-03-31 06:45:15
51513,2016-03-31 19:52:58,Mercedes_sl300_24v_cabriolet,privat,Angebot,20000,control,,2018,automatik,200,sl,50000,5,benzin,mercedes_benz,nein,2016-03-31 00:00:00,0,66121,2016-04-04 13:47:33
106040,2016-03-15 09:51:26,Unfallwagen!,privat,Angebot,250,control,,2000,manuell,0,cuore,150000,0,benzin,daihatsu,nein,2016-03-15 00:00:00,0,51643,2016-03-21 04:48:01
299880,2016-03-08 07:55:41,Renault_R4_TL_Savanne,privat,Angebot,6450,test,,2016,,0,andere,70000,0,,renault,,2016-03-08 00:00:00,0,57462,2016-04-06 06:46:24
363378,2016-03-11 02:36:22,Skoda_Fabia_1.0_MPI,privat,Angebot,17500,control,kleinwagen,2015,manuell,75,fabia,20000,2,benzin,skoda,nein,2016-03-11 00:00:00,0,61476,2016-03-26 06:15:49
274257,2016-03-16 17:37:02,Smart_Roadster,privat,Angebot,5199,control,cabrio,2004,automatik,82,roadster,100000,11,benzin,smart,nein,2016-03-16 00:00:00,0,53721,2016-03-25 17:51:03
85378,2016-03-26 21:49:06,Mercedes_Benz_200_compressor,privat,Angebot,6700,control,kombi,2003,automatik,163,andere,150000,12,benzin,mercedes_benz,nein,2016-03-26 00:00:00,0,89269,2016-03-28 11:17:38
282180,2016-03-15 11:38:57,FORD_MONDEO_TÜV_NEU,privat,Angebot,1299,test,limousine,2000,automatik,131,mondeo,150000,10,benzin,ford,nein,2016-03-15 00:00:00,0,28779,2016-03-22 09:47:13
68127,2016-03-29 11:49:43,VW_Golf_V;__75_PS_;_in_Silber,privat,Angebot,2800,test,limousine,2003,manuell,75,golf,150000,11,benzin,volkswagen,nein,2016-03-29 00:00:00,0,93086,2016-03-31 04:16:32
304326,2016-03-26 02:57:37,Golf_2_automatik,privat,Angebot,500,test,kleinwagen,1990,automatik,0,golf,150000,6,benzin,volkswagen,nein,2016-03-26 00:00:00,0,12159,2016-03-31 03:16:26
68555,2016-03-24 10:37:37,Mercedes_Benz_E_220,privat,Angebot,3999,test,limousine,1995,manuell,150,e_klasse,150000,11,benzin,mercedes_benz,nein,2016-03-24 00:00:00,0,42369,2016-04-07 00:16:53
121646,2016-03-09 18:43:04,Mitsubishi_Carisma_1600_Avance_Automatik,privat,Angebot,849,test,limousine,1999,automatik,99,carisma,150000,12,benzin,mitsubishi,,2016-03-09 00:00:00,0,44799,2016-03-16 00:44:45
10637,2016-03-30 18:47:51,Mercedes_Benz_A_170_CDI_Classic,privat,Angebot,1450,test,limousine,2001,,95,a_klasse,150000,5,diesel,mercedes_benz,nein,2016-03-30 00:00:00,0,27356,2016-04-07 10:16:42
179376,2016-03-14 20:49:37,"Opel_corsa_c_""TÜV_bis_03.2018*KLIMA*_""_PERFEKTES_ANFÄNGERAUTO!!!",privat,Angebot,1999,control,,2018,manuell,75,corsa,150000,6,benzin,opel,nein,2016-03-14 00:00:00,0,67655,2016-03-20 11:47:12
32449,2016-04-03 15:47:43,Suzuki_Vitara_1_6_4x4,privat,Angebot,800,test,suv,1993,manuell,80,andere,150000,1,benzin,suzuki,ja,2016-04-03 00:00:00,0,38378,2016-04-03 15:47:43
253536,2016-03-17 01:36:24,Opel_Corsa_12V_Eco,privat,Angebot,890,test,kleinwagen,1998,manuell,54,corsa,150000,10,benzin,opel,nein,2016-03-17 00:00:00,0,82256,2016-03-17 06:59:51
219401,2016-03-10 22:48:40,Opel_Astra_1.9_CDTI_Caravan_DPF__TOP!!!!,privat,Angebot,3490,control,kombi,2007,manuell,101,astra,150000,5,diesel,opel,,2016-03-10 00:00:00,0,66953,2016-03-11 13:16:01
308936,2016-03-24 06:55:53,VW_Polo_6N_XXL,privat,Angebot,325,control,kleinwagen,1996,manuell,50,polo,150000,0,benzin,volkswagen,nein,2016-03-24 00:00:00,0,31619,2016-04-06 22:45:34
236605,2016-04-03 10:25:36,Renault_Twingo_1.2,privat,Angebot,200,control,kleinwagen,1999,manuell,58,twingo,150000,11,benzin,renault,nein,2016-04-03 00:00:00,0,57578,2016-04-04 15:29:32
127616,2016-03-07 11:56:32,Volkswagen_bisher_sehr_zuverlaessiger_Polo_6N1_TÜV_10/16,privat,Angebot,720,test,kleinwagen,1999,manuell,50,polo,100000,9,benzin,volkswagen,nein,2016-03-07 00:00:00,0,89257,2016-03-11 04:15:15
29283,2016-03-21 14:51:17,Mercedes_Benz_SLK_200_Kompressor_Automatik,privat,Angebot,14900,control,cabrio,2008,automatik,163,slk,100000,1,benzin,mercedes_benz,nein,2016-03-21 00:00:00,0,97076,2016-04-06 12:15:33
58665,2016-03-30 09:06:25,BMW_320d_Touring_M_Sportpaket_mit_Vollausstattung,privat,Angebot,26900,test,kombi,2013,manuell,184,3er,90000,3,diesel,bmw,nein,2016-03-30 00:00:00,0,53577,2016-04-03 23:16:47
22512,2016-03-15 21:54:51,Audi_A6_Avant_3.0_TDI_DPF_quattro,privat,Angebot,9199,control,kombi,2006,automatik,232,a6,150000,12,diesel,audi,nein,2016-03-15 00:00:00,0,30826,2016-04-07 07:17:38
88167,2016-03-12 23:37:24,Ford_Escort_dunkel_blau_zu_verkaufen,privat,Angebot,100,control,,2000,manuell,45,escort,150000,0,benzin,ford,,2016-03-12 00:00:00,0,44625,2016-03-16 14:45:27
250044,2016-03-23 20:53:33,Audi_TT_Coupe_1.8_T,privat,Angebot,4700,test,coupe,1999,manuell,179,tt,150000,5,benzin,audi,nein,2016-03-23 00:00:00,0,99974,2016-04-04 01:16:33
363997,2016-03-21 12:49:12,Audi_A3_8L_FACELIFT_1_6_75_kw_/_102_PS_VIELE_NEUTEILE.,privat,Angebot,2299,control,kombi,2002,manuell,102,a3,150000,6,benzin,audi,nein,2016-03-21 00:00:00,0,22559,2016-03-21 12:49:12
166906,2016-04-02 14:48:23,Audi_A4_Avant_2.0_TDI_DPF_Attraction,privat,Angebot,9300,test,kombi,2009,manuell,143,a4,150000,7,diesel,audi,nein,2016-04-02 00:00:00,0,66953,2016-04-04 12:18:03
306354,2016-03-13 20:38:18,Nissan_Micra_Typ_K_10_Weiss,privat,Angebot,750,control,kleinwagen,1986,manuell,50,micra,125000,7,benzin,nissan,nein,2016-03-13 00:00:00,0,52531,2016-04-06 18:47:13
121376,2016-03-22 09:37:02,Audi_A3_2.0_FSI_Ambiente_8P_Vollleder_BOSE_Sitzheizung,privat,Angebot,6000,test,limousine,2004,manuell,150,a3,125000,6,benzin,audi,nein,2016-03-22 00:00:00,0,38300,2016-03-31 05:44:51
123,2016-03-23 12:54:52,Motorschaden_steuerrichmen_gerissen,privat,Angebot,400,control,limousine,2000,manuell,144,omega,150000,10,,opel,ja,2016-03-23 00:00:00,0,45968,2016-04-05 12:45:13
232419,2016-03-23 11:37:24,Smart_fourtwo_mhd_Editon_10,privat,Angebot,5000,test,,2016,,0,fortwo,50000,1,,smart,nein,2016-03-23 00:00:00,0,88069,2016-04-07 12:16:20
189578,2016-03-13 12:25:21,Ford_Focus_Ambiente,privat,Angebot,1400,control,kleinwagen,2000,manuell,101,focus,150000,5,benzin,ford,nein,2016-03-13 00:00:00,0,35444,2016-04-06 01:16:54
352745,2016-03-23 11:55:21,Audi_TT_Roadster_1.8_TFSI,privat,Angebot,16400,test,cabrio,2009,manuell,160,tt,80000,11,benzin,audi,nein,2016-03-23 00:00:00,0,53179,2016-03-30 20:47:19
285602,2016-03-25 16:45:58,Opel_Corsa_B_33_Kw__gruene_Plakette__Tuev_neu,privat,Angebot,850,control,kleinwagen,1995,manuell,45,corsa,150000,12,benzin,opel,nein,2016-03-25 00:00:00,0,59457,2016-03-25 16:45:58
225188,2016-03-22 14:54:40,Mercedes_Benz_Sprinter_416,privat,Angebot,7500,control,bus,2002,manuell,156,sprinter,150000,5,diesel,mercedes_benz,nein,2016-03-22 00:00:00,0,8064,2016-03-31 11:46:44
215540,2016-03-20 14:57:38,Volkswagen_Kaefer,privat,Angebot,3500,test,limousine,1981,manuell,34,kaefer,70000,12,benzin,volkswagen,ja,2016-03-20 00:00:00,0,4603,2016-04-06 18:45:24
218706,2016-03-05 14:59:04,Opel_Astra_1.6_Orginal_KM_59.800,privat,Angebot,2250,control,limousine,2000,manuell,75,astra,60000,5,benzin,opel,nein,2016-03-05 00:00:00,0,32049,2016-03-05 16:17:55
309856,2016-03-09 12:49:55,Renault_Clio_1.5_dCi_Billabong,privat,Angebot,1790,control,kleinwagen,2003,manuell,82,clio,150000,12,diesel,renault,nein,2016-03-09 00:00:00,0,80686,2016-03-11 06:45:49
285442,2016-03-15 10:57:51,VW_Bus_T4_TDI_caravelle_2_5L_102PS_NEUE_TÜV_NEUE_KUPPLUNG,privat,Angebot,5800,control,bus,1999,manuell,102,transporter,150000,2,diesel,volkswagen,nein,2016-03-15 00:00:00,0,33106,2016-03-23 16:22:28
142597,2016-03-24 18:48:00,Vw_Polo_1_4,privat,Angebot,280,test,kleinwagen,1997,manuell,60,polo,150000,1,benzin,volkswagen,,2016-03-24 00:00:00,0,49084,2016-04-07 12:49:02
10438,2016-03-22 16:37:35,VW_Golf_4_Schwarz_TÜV_bis_02/2018,privat,Angebot,1999,test,limousine,1999,manuell,75,golf,150000,3,benzin,volkswagen,,2016-03-22 00:00:00,0,70186,2016-04-06 06:17:54
168676,2016-03-25 15:40:16,Meine_Garage_muss_leer_werden_Toledo_z.Aufbau_o._Schlachten,privat,Angebot,299,test,limousine,1997,manuell,101,toledo,150000,0,benzin,seat,nein,2016-03-25 00:00:00,0,38229,2016-04-06 19:16:09
308649,2016-04-03 01:44:49,BMW_318i_Touring__SEHR_GEPFLEGT__TÜV_bis_03/18__KLIMA__XENON__SHD,privat,Angebot,2700,control,kombi,2001,manuell,118,3er,150000,3,benzin,bmw,,2016-04-02 00:00:00,0,99084,2016-04-07 04:45:04
275639,2016-03-11 16:55:33,Mercedes_Benz_A_Klasse_170cdi_gruene_Plakette_TÜV_3/18,privat,Angebot,1499,test,,2018,,0,a_klasse,150000,0,diesel,mercedes_benz,,2016-03-11 00:00:00,0,46485,2016-03-18 01:15:55
153334,2016-04-02 11:59:00,Citroën_Berlingo_Multispace_2.0_HDI___Gruene_Plakette,privat,Angebot,2490,test,bus,2003,manuell,90,berlingo,150000,6,diesel,citroen,nein,2016-04-02 00:00:00,0,49078,2016-04-02 12:43:29
365358,2016-03-10 12:49:29,TOP_Zustand,privat,Angebot,0,test,,2005,automatik,0,outlander,150000,4,benzin,mitsubishi,,2016-03-10 00:00:00,0,17034,2016-03-12 16:46:02
259275,2016-03-17 17:49:00,Peugeot_206_2.0.16v_GTI_Tuev_Neu,privat,Angebot,2600,control,,2018,manuell,136,,150000,2,,peugeot,nein,2016-03-17 00:00:00,0,58644,2016-03-19 17:46:39
163913,2016-03-24 12:58:39,Vw_T4_Bulli_Tausch_moeglich,privat,Angebot,3799,test,,2001,manuell,88,transporter,150000,4,,volkswagen,nein,2016-03-24 00:00:00,0,14662,2016-03-27 09:17:34
224193,2016-04-06 10:25:36,Ford_Couture_TÜV_bis_11/2016,privat,Angebot,650,control,andere,1998,manuell,60,,90000,4,,ford,,2016-04-06 00:00:00,0,56575,2016-04-06 11:06:19
158032,2016-03-11 14:56:42,Hyundai_Terracan_zu_verkaufen,privat,Angebot,4999,control,suv,2005,manuell,163,andere,150000,2,diesel,hyundai,nein,2016-03-11 00:00:00,0,30938,2016-03-19 23:46:19
192937,2016-03-14 23:56:29,Ford_Fiesta_79.tkm,privat,Angebot,299,control,kleinwagen,1998,manuell,0,fiesta,80000,4,benzin,ford,,2016-03-14 00:00:00,0,89073,2016-04-07 13:16:47
4634,2016-03-05 16:48:27,Mercedes_Benz_C_200_Exclusive_Autom_Navi_Klima_Spiegelpaket,privat,Angebot,31900,control,limousine,2014,automatik,184,c_klasse,10000,7,benzin,mercedes_benz,nein,2016-03-05 00:00:00,0,53123,2016-04-07 14:57:38
79358,2016-03-21 15:52:44,Mercedes_Benz_SLK_230_Kompressor,privat,Angebot,5650,control,cabrio,1999,automatik,193,slk,125000,8,benzin,mercedes_benz,nein,2016-03-21 00:00:00,0,47929,2016-03-22 20:47:18
349695,2016-03-31 11:58:29,Ford_Escord_TÜV_5/2016,privat,Angebot,399,control,kleinwagen,1995,manuell,0,escort,125000,6,benzin,ford,nein,2016-03-31 00:00:00,0,51145,2016-04-06 04:46:47
147803,2016-03-31 16:36:47,VW_Caddy_Life_1.4,privat,Angebot,7500,control,,2017,manuell,80,caddy,60000,11,benzin,volkswagen,nein,2016-03-31 00:00:00,0,4880,2016-04-06 09:17:58
133530,2016-03-26 17:42:33,OPEL_CORSA_1_2_D_TUV/AU_NEU,privat,Angebot,3999,control,kleinwagen,2007,manuell,80,corsa,125000,1,benzin,opel,nein,2016-03-26 00:00:00,0,45884,2016-04-06 06:16:16
302006,2016-03-21 18:42:52,Audi_A3__8p__2.0_FSI_Sport_Back_sehr_gepflegt,privat,Angebot,4150,test,,2017,manuell,150,a3,150000,3,benzin,audi,nein,2016-03-21 00:00:00,0,86156,2016-03-31 23:45:52
47926,2016-03-26 14:49:30,Mazda_5_2.0_CD_DPF,privat,Angebot,5749,control,bus,2007,manuell,143,5_reihe,150000,1,diesel,mazda,nein,2016-03-26 00:00:00,0,77654,2016-04-06 02:46:22
206968,2016-03-16 17:45:14,Opel_Astra_Twin_Top_1.6,privat,Angebot,5600,control,cabrio,2009,manuell,116,astra,150000,2,benzin,opel,nein,2016-03-16 00:00:00,0,45721,2016-04-02 22:24:00
58061,2016-03-08 16:52:24,Audi_A3_1.6_Attraction,privat,Angebot,6500,test,limousine,2004,manuell,102,a3,60000,7,benzin,audi,nein,2016-03-08 00:00:00,0,31303,2016-04-07 06:17:01
158804,2016-03-16 11:49:26,Renault_Clio_TCe_100_Night_and_Day_16V_1_2_102PS_Turbo,privat,Angebot,9800,test,kleinwagen,2012,manuell,102,clio,30000,3,benzin,renault,nein,2016-03-16 00:00:00,0,12249,2016-04-06 05:16:18
115261,2016-04-03 15:38:19,Seat_Ibiza_1_9_tdi,privat,Angebot,650,test,kleinwagen,1999,manuell,90,ibiza,150000,9,diesel,seat,,2016-04-03 00:00:00,0,66571,2016-04-05 14:44:47
30515,2016-03-19 19:55:24,Triumph_TR6__Oldtimer__Cabrio_,privat,Angebot,25500,control,cabrio,1974,manuell,98,,100000,4,benzin,sonstige_autos,nein,2016-03-19 00:00:00,0,54340,2016-04-07 07:45:43
354784,2016-03-23 09:53:03,BMW_118d_Cabrio,privat,Angebot,12900,test,cabrio,2009,manuell,143,1er,150000,9,diesel,bmw,nein,2016-03-23 00:00:00,0,53489,2016-04-07 10:44:57
78409,2016-03-29 14:48:49,Mercedes_Benz_E_230,privat,Angebot,1500,test,limousine,1989,automatik,132,e_klasse,150000,8,benzin,mercedes_benz,nein,2016-03-29 00:00:00,0,27432,2016-04-06 00:44:20
59157,2016-03-09 18:39:17,BMW_320D_gruene_Plakette__Euro4._Tausche_gegen_einen_Transporter,privat,Angebot,0,test,kombi,2005,manuell,150,3er,150000,0,diesel,bmw,,2016-03-09 00:00:00,0,71640,2016-03-10 04:16:56
77889,2016-03-22 16:59:08,Audi_a4_avant_170_PS,privat,Angebot,7600,test,kombi,2007,manuell,170,,150000,12,diesel,audi,,2016-03-22 00:00:00,0,38536,2016-03-29 21:46:04
352118,2016-03-12 10:57:09,Opel_Astra_1.4_J_Edition_Xenon_Sitzheizung_Regen__Lichtsensor_TOP,privat,Angebot,8999,control,limousine,2011,manuell,101,astra,50000,2,benzin,opel,nein,2016-03-12 00:00:00,0,4347,2016-03-19 07:45:45
230149,2016-04-04 12:49:59,kleiner_twingo_mit_tuev_08/2016,privat,Angebot,999,control,kleinwagen,1999,manuell,55,twingo,150000,7,benzin,renault,nein,2016-04-04 00:00:00,0,12351,2016-04-06 14:16:08
355427,2016-03-07 15:52:19,Volkswagen_Touran_1.6_FSI,privat,Angebot,3500,control,bus,2003,manuell,116,touran,125000,6,benzin,volkswagen,nein,2016-03-07 00:00:00,0,30926,2016-04-05 12:16:10
53873,2016-03-31 20:56:51,MINI_Mini_Cooper,privat,Angebot,3200,test,kleinwagen,2003,manuell,116,cooper,150000,7,benzin,mini,nein,2016-03-31 00:00:00,0,41379,2016-04-06 16:45:31
212689,2016-04-04 08:56:13,Mercedes_Benz_Avantgarde_AMG_Navi_Comand_SB_SHZ_1A,privat,Angebot,4999,control,limousine,2001,,163,c_klasse,150000,2,benzin,mercedes_benz,nein,2016-04-04 00:00:00,0,10585,2016-04-06 10:16:42
371031,2016-04-04 00:37:19,VW_Passat_35i_Variant_VR6,privat,Angebot,3000,test,kombi,1996,manuell,174,passat,150000,0,benzin,volkswagen,,2016-04-03 00:00:00,0,16540,2016-04-06 08:16:13
321245,2016-03-08 17:50:15,zu_verkaufen,privat,Angebot,0,control,bus,2004,manuell,150,espace,150000,10,diesel,renault,ja,2016-03-08 00:00:00,0,75223,2016-03-15 23:16:01
267419,2016-03-21 15:43:48,Audi_S3_Limousine_S_tronic,privat,Angebot,39950,control,limousine,2016,automatik,300,andere,5000,3,benzin,audi,nein,2016-03-21 00:00:00,0,67655,2016-04-06 13:16:54
345440,2016-03-19 13:39:15,Peugeot_208_1_4L_95_Vti_3_Tuerer_Klima_Einparkhilfe_8_fach_bereift,privat,Angebot,6999,test,kleinwagen,2012,manuell,95,2_reihe,60000,8,benzin,peugeot,nein,2016-03-19 00:00:00,0,42279,2016-03-20 15:17:19
323069,2016-03-13 14:51:51,Volkswagen_Polo_1.2,privat,Angebot,3900,test,kleinwagen,2004,manuell,64,polo,60000,3,benzin,volkswagen,nein,2016-03-13 00:00:00,0,85579,2016-03-30 03:45:45
308207,2016-03-27 16:45:48,VW_POLO_1.6_Automatik_mit_Tuev_99000km_sehr_gepflegt__KM_Orig,privat,Angebot,1350,test,kleinwagen,1997,automatik,75,polo,100000,6,benzin,volkswagen,nein,2016-03-27 00:00:00,0,42897,2016-04-05 11:50:54
134752,2016-03-28 11:49:29,Ford_Fiesta_1.3___8_fach_bereift___Klima,privat,Angebot,2690,control,kleinwagen,2004,manuell,51,fiesta,150000,10,benzin,ford,nein,2016-03-28 00:00:00,0,67744,2016-03-30 02:16:34
224052,2016-03-09 10:54:06,Verkaufe_peugeot_205,privat,Angebot,50,control,,2000,,0,,150000,0,,peugeot,ja,2016-03-09 00:00:00,0,66839,2016-03-09 20:15:27
315967,2016-03-23 18:00:25,BMW_X1_xDrive28i_Aut._Sport_Line,privat,Angebot,27999,control,limousine,2012,automatik,245,x_reihe,50000,7,benzin,bmw,nein,2016-03-23 00:00:00,0,87600,2016-04-02 00:46:50
112938,2016-03-24 20:51:09,Volkswagen_Passat_Variant_2.3_V5_Highline,privat,Angebot,2800,test,kombi,2001,manuell,170,passat,150000,7,benzin,volkswagen,nein,2016-03-24 00:00:00,0,93138,2016-04-05 13:47:02
58534,2016-03-25 17:39:55,Vw_Sharan_1.9_TDI_96KW_Highline,privat,Angebot,6850,test,kombi,2005,manuell,131,sharan,150000,0,,volkswagen,,2016-03-25 00:00:00,0,49757,2016-04-06 22:44:51
323493,2016-03-07 21:44:33,Biete_einen_gut_erhaltenen_Ford_Focus_Turnier_an!!!,privat,Angebot,4999,control,kombi,2007,manuell,101,focus,100000,7,benzin,ford,nein,2016-03-07 00:00:00,0,70806,2016-03-19 05:45:08
34188,2016-03-24 08:53:35,BMW_e39_530d,privat,Angebot,2500,control,limousine,2001,manuell,193,5er,150000,10,diesel,bmw,nein,2016-03-24 00:00:00,0,12057,2016-04-06 23:45:08
106746,2016-03-15 21:58:57,SEAT_IBIZA_sparsam__gepflegt__Technik_ok,privat,Angebot,1900,control,kleinwagen,2003,manuell,54,ibiza,150000,5,benzin,seat,nein,2016-03-15 00:00:00,0,40625,2016-04-07 06:16:13
178688,2016-03-15 13:40:23,Ford_Mondeo_2.0_Turnier_TDCi_Ghia___1.Hand,privat,Angebot,1199,control,kombi,2003,manuell,116,mondeo,150000,5,diesel,ford,nein,2016-03-15 00:00:00,0,30165,2016-03-17 07:46:22
350449,2016-04-06 19:36:17,Peugeot_207_CC_120_VTi_mit_abnehmbare_AHK,privat,Angebot,7444,test,cabrio,2008,manuell,120,2_reihe,50000,8,benzin,peugeot,nein,2016-04-06 00:00:00,0,59909,2016-04-06 19:36:17
316274,2016-03-18 20:38:51,Opel_Omega,privat,Angebot,750,test,kombi,2000,manuell,144,omega,150000,1,lpg,opel,ja,2016-03-18 00:00:00,0,51375,2016-03-20 05:46:58
163619,2016-03-10 19:36:19,Volkswagen_Golf_2.0_TDI_DPF_Highline,privat,Angebot,8690,control,limousine,2009,manuell,140,golf,150000,6,diesel,volkswagen,nein,2016-03-10 00:00:00,0,59581,2016-04-06 02:15:23
352183,2016-03-10 17:48:26,Volkswagen_Golf3_jocker_1.4_l,privat,Angebot,700,control,limousine,1997,,0,golf,150000,10,,volkswagen,nein,2016-03-10 00:00:00,0,75015,2016-03-22 09:17:19
210827,2016-03-19 23:52:42,Audi_A4_2.0_TFSI_quattro_Ambiente_Vollausstattung,privat,Angebot,13850,control,limousine,2010,manuell,211,a4,125000,3,benzin,audi,nein,2016-03-19 00:00:00,0,16761,2016-03-31 08:45:22
102082,2016-03-21 22:54:42,Fiat_Punto_1_4_8V_orange/metallic,privat,Angebot,3990,control,kleinwagen,2006,manuell,77,punto,100000,8,benzin,fiat,nein,2016-03-21 00:00:00,0,42859,2016-04-07 09:46:00
10654,2016-04-04 21:52:54,Audi_A3_2.0_FSI_Ambition,privat,Angebot,7200,test,limousine,2006,manuell,150,a3,150000,6,benzin,audi,nein,2016-04-04 00:00:00,0,51702,2016-04-07 00:45:08
244498,2016-04-03 16:55:52,Fiat_500_1_2_Lounge_Schwarz_Metallic,privat,Angebot,5000,control,kleinwagen,2008,manuell,69,500,125000,5,benzin,fiat,,2016-04-03 00:00:00,0,22149,2016-04-05 16:46:27
88012,2016-03-16 16:54:56,Chrysler_PT_Cruiser_2.2_CRD_gruene_Plakette_Diesel_TOP_Tuev,privat,Angebot,1990,control,kombi,2002,manuell,121,ptcruiser,150000,3,diesel,chrysler,nein,2016-03-16 00:00:00,0,13503,2016-03-23 00:44:45
344448,2016-03-09 23:36:59,Renault_Scenic_1.9_dTi_RXE_Automatik___Klima__Tempomat,privat,Angebot,1700,test,bus,2000,automatik,98,scenic,150000,10,diesel,renault,nein,2016-03-09 00:00:00,0,27753,2016-04-03 17:45:54
127074,2016-03-29 23:52:25,MB_C200_CDI_COMAND__NAVI__Automatik,privat,Angebot,12850,control,limousine,2009,automatik,136,c_klasse,150000,7,diesel,mercedes_benz,,2016-03-29 00:00:00,0,74076,2016-04-02 20:48:05
77743,2016-03-25 22:36:17,TOP_Zustand!!!,privat,Angebot,6650,control,limousine,2007,manuell,143,1er,150000,11,diesel,bmw,nein,2016-03-25 00:00:00,0,6132,2016-03-29 08:44:51
313449,2016-03-31 18:43:28,Volkswagen_Polo_Edition__echte_35.000_KM!_Automatik,privat,Angebot,1700,control,kleinwagen,2000,automatik,60,polo,40000,12,benzin,volkswagen,ja,2016-03-31 00:00:00,0,7745,2016-03-31 18:43:28
25348,2016-03-12 11:58:22,Volkswagen_1.4,privat,Angebot,1990,test,kleinwagen,2001,manuell,75,golf,150000,3,benzin,volkswagen,nein,2016-03-12 00:00:00,0,66663,2016-03-19 08:45:02
101431,2016-04-04 16:49:21,Deawoo_Lanos_1_6___Motorschaden,privat,Angebot,200,test,limousine,1998,manuell,115,lanos,150000,3,benzin,daewoo,ja,2016-04-04 00:00:00,0,8485,2016-04-06 18:46:19
277762,2016-03-12 21:25:23,Vectra_c_3.0l_Diesel_Verkauf_oder_Tausch__Audi_Vw__,privat,Angebot,2300,control,kombi,2004,automatik,177,,150000,0,,opel,,2016-03-12 00:00:00,0,35510,2016-03-17 00:17:05
131035,2016-03-12 15:47:08,Mercedes_Benz_CLK_Cabrio_200_Avantgarde_HU/Service_neu!,privat,Angebot,6999,control,cabrio,2000,manuell,136,clk,80000,2,benzin,mercedes_benz,nein,2016-03-12 00:00:00,0,33813,2016-03-19 17:45:27
85592,2016-03-23 14:48:25,Skoda_Yeti_1.2_TSI_Active,privat,Angebot,8250,test,suv,2009,manuell,105,yeti,100000,12,benzin,skoda,nein,2016-03-23 00:00:00,0,66701,2016-04-03 17:15:23
51153,2016-03-30 11:50:32,Mercedes_Benz_A_160_BlueEFFICIENCY,privat,Angebot,11500,test,limousine,2011,manuell,95,a_klasse,30000,10,benzin,mercedes_benz,nein,2016-03-30 00:00:00,0,7548,2016-04-07 02:44:59
76399,2016-03-22 14:50:37,Renault_clio,privat,Angebot,99,control,kleinwagen,1998,manuell,74,,150000,6,benzin,renault,ja,2016-03-22 00:00:00,0,28357,2016-03-23 22:44:55
112785,2016-03-27 20:52:37,Golf_2_mit_TÜV,privat,Angebot,700,control,,2018,automatik,0,golf,150000,0,,volkswagen,,2016-03-27 00:00:00,0,57629,2016-03-31 08:16:27
257532,2016-03-19 21:54:08,Opel_Antara_2.0_CDTI_Automatik_4x4___AHK__Teilleder,privat,Angebot,11999,control,suv,2010,automatik,150,antara,125000,9,diesel,opel,nein,2016-03-19 00:00:00,0,74245,2016-04-05 11:48:44
226819,2016-03-26 10:37:35,Golf_GT_Spezial_mit_LPG_Anlage_TÜV_07/17_Technisch_Top,privat,Angebot,1000,test,andere,1991,manuell,90,golf,40000,7,lpg,volkswagen,nein,2016-03-26 00:00:00,0,73568,2016-04-05 22:45:14
157874,2016-03-17 17:40:53,Mercedes_Benz_C_220_T_CDI_Avantgarde,privat,Angebot,3900,control,kombi,2002,manuell,143,c_klasse,150000,10,diesel,mercedes_benz,nein,2016-03-17 00:00:00,0,44532,2016-03-17 17:40:53
230352,2016-03-30 17:46:44,Volkswagen_T5_Transporter,privat,Angebot,8900,control,bus,2009,manuell,102,transporter,150000,4,diesel,volkswagen,nein,2016-03-30 00:00:00,0,29348,2016-04-01 12:16:54
59594,2016-03-28 13:40:10,BMW_745i_333PS__Softclose__Massageledersitze__Anhaengerkupplung,privat,Angebot,6745,test,limousine,2002,automatik,333,7er,150000,5,benzin,bmw,,2016-03-28 00:00:00,0,57076,2016-04-02 17:44:44
16218,2016-04-05 09:58:53,Bmw_e65_730d,privat,Angebot,6800,control,limousine,2003,automatik,0,7er,150000,3,diesel,bmw,,2016-04-05 00:00:00,0,38518,2016-04-07 12:45:33
334632,2016-04-03 02:01:07,Golf_1.8_75ps_Bon_Jovi_tiefer_haerter_breiter,privat,Angebot,1850,control,,2018,manuell,75,golf,150000,3,,volkswagen,nein,2016-04-03 00:00:00,0,58640,2016-04-03 09:41:52
169459,2016-04-01 17:50:26,Seat_Ibiza_1.9_TDI_Sport_TÜV_Oktober_Gewindefahrwerk,privat,Angebot,1697,test,kleinwagen,2003,manuell,131,ibiza,150000,7,diesel,seat,nein,2016-04-01 00:00:00,0,32657,2016-04-05 13:17:00
197512,2016-03-07 10:54:37,Top_gepflegter_clio_wenig_km,privat,Angebot,4200,test,coupe,2003,manuell,100,clio,70000,6,benzin,renault,nein,2016-03-07 00:00:00,0,38539,2016-03-10 13:45:10
365246,2016-03-31 23:41:49,Mercedes_W115_240D_kein_Rost,privat,Angebot,6999,control,limousine,1975,manuell,0,andere,90000,4,diesel,mercedes_benz,nein,2016-03-31 00:00:00,0,34388,2016-04-06 19:45:41
5426,2016-03-05 17:42:34,BMW_335i_Coupe_Aut.,privat,Angebot,16700,test,coupe,2006,automatik,306,3er,125000,12,benzin,bmw,nein,2016-03-05 00:00:00,0,51371,2016-04-07 03:45:16
102152,2016-03-23 13:56:14,Ford_Mondeo_2.0_Turnier_TDCi_DPF_Ambiente,privat,Angebot,3700,test,kombi,2006,manuell,116,mondeo,150000,3,diesel,ford,nein,2016-03-23 00:00:00,0,49134,2016-04-05 14:45:32
180377,2016-03-13 23:48:56,Volkswagen_Lupo_1.4_College,privat,Angebot,600,test,kleinwagen,2002,manuell,60,lupo,150000,5,benzin,volkswagen,ja,2016-03-13 00:00:00,0,63505,2016-03-17 17:46:28
273089,2016-04-02 21:38:44,Citroën_C3_Pluriel_1.4,privat,Angebot,3250,test,cabrio,2004,manuell,73,c3,80000,3,benzin,citroen,nein,2016-04-02 00:00:00,0,49688,2016-04-06 22:16:16
370569,2016-03-26 20:46:38,Opel_Astra_1.8_Caravan_Navi/SHZ/8_x_Bereift,privat,Angebot,4000,control,kombi,2006,manuell,140,astra,150000,11,benzin,opel,nein,2016-03-26 00:00:00,0,1705,2016-03-28 10:15:39
255193,2016-04-04 23:41:14,Volkswagen_Multivan_T4_TDI_Atlantis,privat,Angebot,10900,control,bus,2000,manuell,151,transporter,150000,4,diesel,volkswagen,nein,2016-04-04 00:00:00,0,27243,2016-04-04 23:41:14
190879,2016-03-24 16:57:11,Bastlerauto_zu_verkaufen___Polo_6n,privat,Angebot,180,control,,2000,,0,polo,150000,0,,volkswagen,ja,2016-03-24 00:00:00,0,38465,2016-04-07 10:17:25
100613,2016-03-22 17:57:58,Super_Chrysler_neon_2.0,privat,Angebot,490,control,limousine,2002,manuell,1,andere,100000,11,,chrysler,nein,2016-03-22 00:00:00,0,40233,2016-03-22 17:57:58
26260,2016-03-25 19:52:24,Peugeot_106_rally,privat,Angebot,400,test,,2017,manuell,75,1_reihe,150000,6,benzin,peugeot,nein,2016-03-25 00:00:00,0,66687,2016-04-03 01:25:25
47618,2016-03-12 17:57:15,525_TD_Kombi,privat,Angebot,5990,test,kombi,2005,automatik,0,5er,150000,3,diesel,bmw,nein,2016-03-12 00:00:00,0,41334,2016-03-26 02:18:12
254148,2016-03-13 06:36:41,Seat_ibiza_6k,privat,Angebot,499,test,,2016,manuell,0,ibiza,150000,0,,seat,ja,2016-03-13 00:00:00,0,45143,2016-03-15 17:16:53
22890,2016-03-31 20:54:59,Golf_4__Diesel_gelbe_umweltplakette,privat,Angebot,1400,test,kleinwagen,1999,manuell,90,golf,150000,3,diesel,volkswagen,nein,2016-03-31 00:00:00,0,63477,2016-03-31 20:54:59
212176,2016-03-28 16:49:35,Fiat_Punto_1.2_SX_Mit_LPG_Gasanlage,privat,Angebot,1050,test,kleinwagen,2001,manuell,60,punto,150000,5,benzin,fiat,nein,2016-03-28 00:00:00,0,74385,2016-04-01 01:44:45
200450,2016-04-04 11:37:40,Rover_Limousine,privat,Angebot,950,control,limousine,2000,,0,andere,150000,11,,rover,nein,2016-04-04 00:00:00,0,46325,2016-04-06 12:17:34
252448,2016-03-27 19:58:25,Porsche_928_S_4_SAMMLERFAHRZEUG_Originalzustand,privat,Angebot,21980,control,coupe,1987,automatik,320,andere,150000,2,benzin,porsche,nein,2016-03-27 00:00:00,0,78267,2016-03-27 20:40:55
181535,2016-03-11 10:50:18,BMW_330d_Limousine_M_Paket_Vollausstattung,privat,Angebot,18900,test,limousine,2010,automatik,245,3er,150000,1,diesel,bmw,nein,2016-03-11 00:00:00,0,65187,2016-03-12 22:30:55
192166,2016-03-12 13:54:16,Citroën_Xsara_Picasso_1.8i/_1.HAND_/TÜV.05._2017/Klima,privat,Angebot,899,control,bus,2000,manuell,113,andere,150000,3,benzin,citroen,nein,2016-03-12 00:00:00,0,12057,2016-03-12 13:54:16
163844,2016-03-28 14:39:14,Corsa_B__fahrbereit__ohne_Tuev,privat,Angebot,250,test,kleinwagen,1997,manuell,60,corsa,150000,6,benzin,opel,,2016-03-28 00:00:00,0,30826,2016-04-06 18:19:16
129168,2016-03-31 21:44:23,Volkswagen_Sharan_1.9_TDI_Comfortline,privat,Angebot,1650,test,bus,1998,manuell,110,sharan,150000,3,diesel,volkswagen,nein,2016-03-31 00:00:00,0,63517,2016-04-04 15:17:11
258988,2016-03-27 19:38:20,BMW_118d_DPF___gruene_Plakette___HU_/_Service_NEU,privat,Angebot,9350,control,limousine,2009,manuell,143,1er,150000,4,diesel,bmw,nein,2016-03-27 00:00:00,0,26683,2016-04-05 17:44:31
287340,2016-03-27 19:54:28,Peugeot_306_Break,privat,Angebot,400,control,kombi,1999,manuell,75,3_reihe,150000,1,benzin,peugeot,ja,2016-03-27 00:00:00,0,87452,2016-04-05 18:16:10
117361,2016-04-01 19:58:37,VW_Tiguan_zu_verkaufen,privat,Angebot,17500,control,suv,2009,manuell,170,tiguan,100000,4,diesel,volkswagen,,2016-04-01 00:00:00,0,58453,2016-04-05 17:27:03
253776,2016-04-03 10:54:16,Audi_A3_2.0_TDI_Ambiente__Modell_2013_,privat,Angebot,18400,control,limousine,2012,manuell,150,a3,80000,6,diesel,audi,nein,2016-04-03 00:00:00,0,59889,2016-04-07 11:46:32
47562,2016-03-10 11:54:04,Audi_TT_Coupe_2.0_TFSI_S_tronic,privat,Angebot,11500,test,coupe,2006,automatik,200,tt,150000,12,benzin,audi,nein,2016-03-10 00:00:00,0,75217,2016-03-19 18:16:20
294718,2016-03-16 14:56:25,TÜV_neu__tausche_/_verkaufe_BMW_316ti_Compact,privat,Angebot,2000,test,,2018,manuell,115,3er,150000,4,benzin,bmw,,2016-03-16 00:00:00,0,52372,2016-03-31 20:18:11
241430,2016-03-30 18:48:56,Volkswagen_Golf_1.4_Tour,privat,Angebot,6840,test,limousine,2007,manuell,80,golf,90000,10,benzin,volkswagen,nein,2016-03-30 00:00:00,0,48151,2016-04-07 10:16:52
183283,2016-03-21 02:36:19,Chrysler_Sebring_VOLL_Automatik_Tausch_moeglich,privat,Angebot,2700,test,limousine,2001,automatik,203,andere,150000,4,benzin,chrysler,nein,2016-03-21 00:00:00,0,10719,2016-04-02 03:46:23
174793,2016-03-07 11:52:35,Volkswagen_Polo_1.4_Trendline,privat,Angebot,3200,test,kleinwagen,2002,manuell,75,polo,150000,5,benzin,volkswagen,nein,2016-03-07 00:00:00,0,96050,2016-03-23 11:17:53
90137,2016-04-05 07:55:11,Audi_A4_2_6_V6_defekt_an_Bastler,privat,Angebot,400,test,limousine,1995,manuell,150,a4,150000,4,,audi,ja,2016-04-05 00:00:00,0,29525,2016-04-05 07:55:11
345082,2016-03-31 00:59:10,Nissan_Patrol_2.8_Turbo_D,privat,Angebot,8999,control,suv,1995,manuell,116,andere,150000,5,diesel,nissan,nein,2016-03-30 00:00:00,0,20537,2016-04-06 00:45:24
3814,2016-03-09 16:44:43,Golf_3_1.6,privat,Angebot,625,test,limousine,1997,,0,golf,150000,0,,volkswagen,nein,2016-03-09 00:00:00,0,38268,2016-03-15 02:15:55
78774,2016-03-30 22:39:11,Sehr__gepflegtes__Auto_mit_lpg,privat,Angebot,2650,control,limousine,2003,automatik,122,nubira,150000,0,lpg,daewoo,,2016-03-30 00:00:00,0,85375,2016-04-05 13:15:58
275326,2016-03-12 23:58:53,VW_Polo_1_6liter,privat,Angebot,700,control,kleinwagen,1994,manuell,75,polo,150000,8,benzin,volkswagen,nein,2016-03-12 00:00:00,0,26386,2016-03-26 22:18:11
102450,2016-03-27 12:38:55,BMW_530d_touring_Edition_Lifestyle_TÜV_neu_top_gepfl,privat,Angebot,4333,test,kombi,2003,automatik,193,5er,150000,4,diesel,bmw,nein,2016-03-27 00:00:00,0,39164,2016-04-03 07:15:55
320390,2016-03-10 20:45:31,Renault__Renault_Twingo_Tuev_8/2017_EFH_Klima_Euro_3,privat,Angebot,630,test,kleinwagen,1999,manuell,65,twingo,150000,9,benzin,renault,nein,2016-03-10 00:00:00,0,69483,2016-04-06 07:15:19
316398,2016-03-07 22:50:54,Peugeot_406_Coupe_2.0_Platinum_Unfall,privat,Angebot,700,test,coupe,1998,manuell,0,4_reihe,150000,5,benzin,peugeot,ja,2016-03-07 00:00:00,0,27798,2016-04-07 03:16:10
72156,2016-03-24 21:57:34,Mazda_6__2.0_Comfort__LPG_Gasanlage,privat,Angebot,2600,test,limousine,2003,manuell,141,6_reihe,150000,1,,mazda,nein,2016-03-24 00:00:00,0,66115,2016-03-29 10:18:11
335122,2016-03-08 22:56:00,Opel_Astra,privat,Angebot,1650,test,coupe,1999,manuell,101,astra,150000,9,benzin,opel,nein,2016-03-08 00:00:00,0,72458,2016-04-04 07:18:09
43407,2016-03-14 03:38:14,Opel_Astra_H_Cosmo_Sport_150PS_1.9_CDTI,privat,Angebot,4750,test,,2017,manuell,150,astra,150000,0,diesel,opel,,2016-03-13 00:00:00,0,33330,2016-04-03 05:15:39
226755,2016-03-21 20:44:27,Seat_Leon_2.0_TDI,privat,Angebot,5400,control,limousine,2005,automatik,140,leon,150000,12,diesel,seat,nein,2016-03-21 00:00:00,0,66679,2016-04-06 23:46:30
44032,2016-04-04 20:54:38,Volkswagen_Polo_1.2,privat,Angebot,4890,control,kleinwagen,2007,manuell,54,polo,100000,2,benzin,volkswagen,nein,2016-04-04 00:00:00,0,84098,2016-04-06 23:18:06
344889,2016-04-04 10:57:57,Mazda_6_2.0_CD_DPF,privat,Angebot,3200,control,limousine,2005,manuell,121,6_reihe,150000,10,diesel,mazda,nein,2016-04-04 00:00:00,0,75172,2016-04-06 11:46:47
87325,2016-03-11 19:45:55,Renault_Modus_vom_Arbeitskollege,privat,Angebot,2150,test,,2017,manuell,0,modus,100000,10,benzin,renault,nein,2016-03-11 00:00:00,0,12057,2016-03-16 08:17:51
138610,2016-03-27 15:46:59,Honda_Aerodeck,privat,Angebot,1450,control,kombi,2000,manuell,90,andere,150000,11,benzin,honda,nein,2016-03-27 00:00:00,0,33129,2016-04-07 13:16:45
254076,2016-03-27 18:48:38,Volkswagen_Polo_1.2_TSI_DSG_Comfortline,privat,Angebot,7790,control,kleinwagen,2013,automatik,105,polo,90000,6,benzin,volkswagen,ja,2016-03-27 00:00:00,0,99817,2016-03-27 18:48:38
347981,2016-03-24 16:47:18,Audi_A6_2_4_V6_130KW_TÜV_/_HU_NEU,privat,Angebot,7949,control,limousine,2006,manuell,177,a6,150000,2,benzin,audi,nein,2016-03-24 00:00:00,0,33449,2016-04-07 09:16:57
31176,2016-03-10 23:52:53,Opel_Meriva_1.4_Edition,privat,Angebot,4500,test,bus,2007,manuell,90,meriva,100000,5,benzin,opel,nein,2016-03-10 00:00:00,0,26129,2016-03-11 07:43:29
169110,2016-04-03 10:48:24,Ford_Fiesta_1_25l_zu_verkaufen,privat,Angebot,1100,control,,2017,manuell,75,fiesta,90000,10,,ford,nein,2016-04-03 00:00:00,0,52388,2016-04-07 11:46:19
46412,2016-03-15 12:47:24,BMW_316ti_compact,privat,Angebot,3390,control,limousine,2003,manuell,116,3er,100000,6,benzin,bmw,nein,2016-03-15 00:00:00,0,59075,2016-03-17 06:46:52
199527,2016-03-28 10:51:53,Smart_Roadster_top_Zustand_Vollausstattung,privat,Angebot,3999,control,cabrio,2002,automatik,0,roadster,150000,10,benzin,smart,nein,2016-03-28 00:00:00,0,28876,2016-04-07 11:17:42
122566,2016-03-30 16:45:49,Top_Zustand,privat,Angebot,1050,test,kleinwagen,2000,manuell,54,andere,100000,1,benzin,hyundai,,2016-03-30 00:00:00,0,22145,2016-04-07 07:16:59
80829,2016-04-03 00:32:21,Mercedes_Benz_E_200_T_Kompressor_Automatik,privat,Angebot,7500,test,kombi,2003,automatik,163,e_klasse,150000,8,benzin,mercedes_benz,nein,2016-04-02 00:00:00,0,60489,2016-04-06 15:17:05
13025,2016-03-16 19:44:59,Opel_Corsa,privat,Angebot,800,test,kleinwagen,2000,manuell,54,corsa,125000,2,benzin,opel,nein,2016-03-16 00:00:00,0,85057,2016-03-19 18:15:28
325762,2016-04-04 14:42:48,Volkswagen_Golf_1.6,privat,Angebot,1800,test,limousine,1998,manuell,101,golf,150000,4,benzin,volkswagen,nein,2016-04-04 00:00:00,0,1723,2016-04-06 15:46:16
79831,2016-03-17 14:38:54,BMW_520d_Touring_Aut.__TÜV_Neu_bis_03/2018,privat,Angebot,9750,control,kombi,2007,automatik,163,5er,150000,1,diesel,bmw,nein,2016-03-17 00:00:00,0,84130,2016-04-06 19:46:59
17542,2016-03-10 19:56:25,Opel_Astra_GTC_1.6_Selection_110_Jahre,privat,Angebot,6900,control,coupe,2009,manuell,116,astra,100000,5,benzin,opel,nein,2016-03-10 00:00:00,0,68542,2016-04-06 03:46:04
177773,2016-03-16 18:58:49,Opel_Astra_1.8_Caravan_Cosmo,privat,Angebot,6225,control,kombi,2007,manuell,140,astra,125000,5,benzin,opel,nein,2016-03-16 00:00:00,0,28755,2016-03-28 20:47:48
266485,2016-03-26 23:56:46,Golf_1_Etienne_Aigner,privat,Angebot,4600,test,,2017,manuell,98,golf,150000,0,,volkswagen,nein,2016-03-26 00:00:00,0,7747,2016-03-28 21:44:44
111856,2016-03-21 01:56:18,Opel_Corsa_B_1.2_8V_33KW/45PS_Tuev_7.17,privat,Angebot,250,test,kleinwagen,1998,manuell,33,corsa,150000,0,benzin,opel,ja,2016-03-21 00:00:00,0,8427,2016-03-21 08:45:02
313896,2016-03-21 15:30:34,MINI_Mini_Cooper,privat,Angebot,6800,control,kleinwagen,2007,manuell,95,cooper,125000,8,benzin,mini,nein,2016-03-21 00:00:00,0,56220,2016-04-07 11:16:11
367025,2016-04-02 15:53:42,Mercedes_Benz_A_140_L_Classic,privat,Angebot,2499,control,limousine,2001,manuell,82,a_klasse,80000,9,benzin,mercedes_benz,nein,2016-04-02 00:00:00,0,28779,2016-04-06 14:46:04
141152,2016-03-14 16:57:06,Fiat_Punto_1.3l_Cityflitzer_2.Hand_111000km,privat,Angebot,1700,test,,2016,manuell,0,punto,125000,10,,fiat,nein,2016-03-14 00:00:00,0,15366,2016-03-23 19:17:52
347654,2016-03-28 18:26:22,Dodge_RAM_srt_Optik_v8_4_7_Liter,privat,Angebot,0,test,,2005,automatik,0,,150000,0,benzin,sonstige_autos,,2016-03-28 00:00:00,0,65239,2016-04-01 05:45:27
70297,2016-03-08 00:54:20,SEAT_Leon_1.6_Sport_Limited_/_HU+AU_=_Neu,privat,Angebot,6499,control,limousine,2008,manuell,102,leon,150000,10,benzin,seat,nein,2016-03-08 00:00:00,0,74366,2016-04-05 14:17:40
247792,2016-03-19 23:54:18,Renault_Megane_Cabriolet_1.6,privat,Angebot,4099,control,cabrio,2004,manuell,113,megane,125000,11,benzin,renault,nein,2016-03-19 00:00:00,0,66887,2016-03-22 12:47:40
2680,2016-03-08 10:54:01,Hyundai_i10_1.1_Classic,privat,Angebot,3299,test,kleinwagen,2009,manuell,67,i_reihe,90000,5,benzin,hyundai,nein,2016-03-08 00:00:00,0,60320,2016-04-06 07:16:52
259460,2016-03-21 21:47:53,Skoda_Octavia_Combi_1.6_TDI_DPF_GreenLine,privat,Angebot,7500,control,kombi,2009,manuell,105,octavia,150000,11,diesel,skoda,nein,2016-03-21 00:00:00,0,78052,2016-04-07 02:15:20
302953,2016-03-09 17:53:54,Verkaufe_BMW_530d_E39,privat,Angebot,3000,test,limousine,2000,automatik,170,,150000,0,diesel,bmw,nein,2016-03-09 00:00:00,0,47638,2016-03-12 03:17:47
361784,2016-03-24 22:51:21,VECTRA_B_2002_MIT_LPG_ANLAGE,privat,Angebot,1700,control,kombi,2000,manuell,101,vectra,150000,2,lpg,opel,nein,2016-03-24 00:00:00,0,45309,2016-04-05 20:46:17
73975,2016-03-12 17:54:05,Citroën_C3,privat,Angebot,3000,test,kleinwagen,2006,manuell,73,c3,125000,6,benzin,citroen,nein,2016-03-12 00:00:00,0,89597,2016-03-12 17:54:05
142618,2016-03-25 14:52:04,BMW_318_Ci__schoenes_Coupe_Automat/Xenon_Notverkauf!!,privat,Angebot,5490,control,coupe,2002,automatik,143,3er,125000,6,benzin,bmw,nein,2016-03-25 00:00:00,0,69115,2016-04-06 18:18:32
153120,2016-03-30 16:50:46,Smart_smart_fortwo_coupe_softouch,privat,Angebot,3600,test,kleinwagen,2007,automatik,71,fortwo,125000,10,benzin,smart,nein,2016-03-30 00:00:00,0,49413,2016-03-30 16:50:46
301952,2016-03-08 12:38:41,Peugeot_206_guenstig_ab_sofort_abzugeben,privat,Angebot,1000,test,,2004,manuell,44,1_reihe,150000,3,,peugeot,nein,2016-03-08 00:00:00,0,47551,2016-03-09 10:17:33
35666,2016-04-03 20:39:48,Seat_Ibiza_SC_1.2_12V_Style,privat,Angebot,7499,test,kleinwagen,2011,manuell,69,ibiza,80000,11,benzin,seat,nein,2016-04-03 00:00:00,0,49504,2016-04-05 21:16:58
355482,2016-03-28 14:40:31,Golf_4_schwarz_1_4_Edition,privat,Angebot,1650,test,limousine,2001,manuell,0,golf,150000,0,benzin,volkswagen,,2016-03-28 00:00:00,0,28199,2016-03-28 14:40:31
261419,2016-03-26 13:49:30,Chevrolet_Cruze_1.8_LT___8_fach_Alu/PDC/Klima/Garantie,privat,Angebot,8900,control,limousine,2012,manuell,141,andere,40000,5,benzin,chevrolet,nein,2016-03-26 00:00:00,0,83059,2016-04-06 01:46:55
131150,2016-03-12 13:46:52,Opel_Corsa_C_1.2_16V__***TÜV_bis_2017***,privat,Angebot,2200,control,kleinwagen,2002,manuell,75,corsa,150000,2,benzin,opel,nein,2016-03-12 00:00:00,0,27404,2016-03-19 14:19:38
234821,2016-03-09 10:36:24,Volkswagen_Polo_1.2_TSI_Blue_Motion_Technology_Comfortline,privat,Angebot,12500,control,kleinwagen,2015,manuell,90,polo,20000,2,benzin,volkswagen,nein,2016-03-09 00:00:00,0,78647,2016-03-22 07:49:51
292664,2016-03-05 17:40:11,Fiat_Panda_Dynamic_*perfektes_Anfaengerauto*,privat,Angebot,3200,test,kleinwagen,2008,manuell,60,panda,100000,4,benzin,fiat,nein,2016-03-05 00:00:00,0,92637,2016-03-17 17:45:46
275219,2016-03-16 13:45:42,Nissan_Micra_1.0_Comfort._2_HAND._TÜV_bis_07.2017._ALU.,privat,Angebot,1449,control,kleinwagen,2001,manuell,60,micra,125000,7,benzin,nissan,nein,2016-03-16 00:00:00,0,24837,2016-04-06 10:15:37
77280,2016-03-12 14:55:13,Mercedes_Benz_Vito,privat,Angebot,3500,test,bus,1996,,124,e_klasse,125000,12,benzin,mercedes_benz,,2016-03-12 00:00:00,0,12305,2016-03-12 14:55:13
157887,2016-03-28 23:43:06,VW_T5_Transporter_2_0_TDI_Neu_Tuev_DPF_Gruener_Plakette_KLIMA_&_AHK,privat,Angebot,5200,test,bus,2004,manuell,110,transporter,150000,12,diesel,volkswagen,nein,2016-03-28 00:00:00,0,20359,2016-04-03 06:47:05
70235,2016-03-20 21:52:21,passat_Variant_vr5_automatic,privat,Angebot,2000,test,kombi,1998,automatik,150,passat,150000,0,benzin,volkswagen,nein,2016-03-20 00:00:00,0,26789,2016-03-29 01:45:46
181564,2016-03-28 20:46:42,Bastelfahrzeug,privat,Angebot,300,control,kleinwagen,1968,,26,601,40000,0,benzin,trabant,,2016-03-28 00:00:00,0,90599,2016-04-07 03:16:44
300781,2016-03-05 14:58:03,Audi_A3_1.6_Sportback_Attraction,privat,Angebot,8600,control,kombi,2006,manuell,102,a3,50000,9,benzin,audi,nein,2016-03-05 00:00:00,0,93333,2016-03-06 03:44:21
197851,2016-03-31 20:52:06,Opel_Astra_H_Caravan_1.4_Klimaanlage,privat,Angebot,2799,test,,2016,manuell,90,astra,150000,3,,opel,nein,2016-03-31 00:00:00,0,40627,2016-03-31 20:52:06
290074,2016-03-31 20:50:13,Bmw_E34_525_12V,privat,Angebot,0,test,limousine,1989,manuell,170,5er,150000,11,benzin,bmw,,2016-03-31 00:00:00,0,56288,2016-03-31 20:50:24
201712,2016-03-20 13:51:11,A_140__TUV_NEU_145.000KM_TOP_ZUSTAND,privat,Angebot,2120,test,,2018,manuell,0,a_klasse,150000,5,,mercedes_benz,nein,2016-03-20 00:00:00,0,24143,2016-04-06 15:45:28
57736,2016-03-23 22:58:27,SEAT_IBIZA_1_9_TDI_Stylance,privat,Angebot,6590,test,limousine,2009,manuell,105,ibiza,125000,5,diesel,seat,nein,2016-03-23 00:00:00,0,21514,2016-04-06 17:16:34
149741,2016-03-15 14:48:48,Volkswagen_Multivan_T4_m.Aufstd./7DCUX2/W23,privat,Angebot,12900,control,bus,2000,manuell,151,transporter,150000,7,diesel,volkswagen,nein,2016-03-15 00:00:00,0,81825,2016-04-06 05:15:48
153767,2016-03-10 12:51:05,Saab_9_3_2.2_TiD,privat,Angebot,635,test,limousine,2000,manuell,125,andere,150000,11,diesel,saab,nein,2016-03-10 00:00:00,0,22880,2016-03-17 19:17:00
219033,2016-04-01 11:46:09,Peugeot_306_Kombi__Sondermodell_XR__1.Besitzer__nur_154000km__TÜV,privat,Angebot,999,test,kombi,1997,manuell,75,3_reihe,150000,8,benzin,peugeot,nein,2016-04-01 00:00:00,0,28209,2016-04-07 08:16:15
18778,2016-03-13 08:47:03,Volkswagen_Golf_GTI_Edition_35___358_PS___Top_Ausstattung,privat,Angebot,21999,control,limousine,2012,automatik,235,golf,70000,4,benzin,volkswagen,nein,2016-03-13 00:00:00,0,21629,2016-03-26 23:15:18
248727,2016-03-27 16:54:13,Peugeot_106,privat,Angebot,500,test,kleinwagen,2002,manuell,60,1_reihe,150000,10,benzin,peugeot,nein,2016-03-27 00:00:00,0,56727,2016-03-27 16:54:13
16236,2016-03-30 17:38:53,Renault_Twingo_1_2l_Tuev_neu,privat,Angebot,0,control,kleinwagen,1995,manuell,55,twingo,60000,6,benzin,renault,nein,2016-03-30 00:00:00,0,6343,2016-04-03 07:47:09
255606,2016-04-01 11:49:30,Opel_Corsa_D_1.2_16V_*1.Hand*Klima*Tempomat*,privat,Angebot,3750,test,kleinwagen,2007,manuell,80,corsa,125000,4,benzin,opel,nein,2016-04-01 00:00:00,0,41061,2016-04-01 11:49:30
232992,2016-03-14 16:38:10,Mercedes_Benz_C_180_Sportcoupe,privat,Angebot,3250,test,coupe,2001,manuell,129,c_klasse,150000,3,benzin,mercedes_benz,nein,2016-03-14 00:00:00,0,44807,2016-03-15 11:16:59
260494,2016-03-16 17:49:50,Audi_a4_b5_avant_1_8liter_125ps_zu_verkaufen,privat,Angebot,500,control,,2000,manuell,0,a4,150000,4,benzin,audi,ja,2016-03-16 00:00:00,0,81375,2016-03-20 17:46:41
367758,2016-03-24 15:55:02,Mercedes_C220_mit_viel_Sonderausstattung,privat,Angebot,1900,test,limousine,1999,automatik,0,c_klasse,150000,3,diesel,mercedes_benz,,2016-03-24 00:00:00,0,30165,2016-03-29 01:46:11
370888,2016-03-28 13:41:57,MINI_Mini_One_Cabrio,privat,Angebot,11750,test,cabrio,2010,manuell,98,one,100000,6,benzin,mini,nein,2016-03-28 00:00:00,0,86637,2016-04-06 16:46:44
37130,2016-03-22 19:25:21,AUDI_80_B4_Cabrio,privat,Angebot,2750,control,cabrio,1999,manuell,125,80,150000,6,,audi,,2016-03-22 00:00:00,0,57518,2016-04-01 14:17:59
103217,2016-03-22 18:49:03,Audi_A6_Avant_2.0_TDI_ultra_S_tronic,privat,Angebot,28000,control,kombi,2014,automatik,190,a6,60000,12,diesel,audi,nein,2016-03-22 00:00:00,0,51375,2016-03-29 23:47:09
247288,2016-03-07 18:43:32,Volkswagen_Golf_4____1.9_TDI_5_Tuerig_1_jahr_Tuev_KLIMA_SHZ,privat,Angebot,1200,control,limousine,1998,manuell,90,golf,150000,3,diesel,volkswagen,nein,2016-03-07 00:00:00,0,66763,2016-03-12 00:44:14
64270,2016-03-20 21:52:56,Opel_Tigra_Twin_Top_1.8_Sport,privat,Angebot,4000,test,cabrio,2005,manuell,125,tigra,150000,4,benzin,opel,nein,2016-03-20 00:00:00,0,35781,2016-04-02 08:17:04
188461,2016-03-07 17:56:23,Ford_Ka_Gruene_Umweltplakette_MP3_Player_Gepflegt,privat,Angebot,599,test,kleinwagen,1999,manuell,60,ka,150000,11,benzin,ford,nein,2016-03-07 00:00:00,0,44894,2016-03-08 09:47:09
305112,2016-03-17 09:45:41,Renault_Twingo_in_sehr_guten_Zustand,privat,Angebot,890,test,kleinwagen,1998,manuell,58,twingo,150000,4,benzin,renault,nein,2016-03-17 00:00:00,0,30823,2016-03-22 15:50:04
272509,2016-04-02 15:49:32,Mercedes_Benz_280sl_Pagode_seltener_Handschalter,privat,Angebot,60000,control,cabrio,1969,manuell,170,sl,150000,0,benzin,mercedes_benz,nein,2016-04-02 00:00:00,0,67067,2016-04-06 14:45:56
322343,2016-03-23 08:51:03,BMW_320i_*Top_Zustand*___*NAVI*__*PDC*__*SCHECKHEFT*,privat,Angebot,7950,control,limousine,2007,manuell,170,3er,150000,10,benzin,bmw,nein,2016-03-23 00:00:00,0,22111,2016-04-07 08:17:29
145041,2016-03-07 19:56:05,Citroën_C5_Kombi_3.0_V6_Exclusive__Automatik_/_TÜV_2018,privat,Angebot,2650,control,kombi,2002,automatik,207,c5,150000,7,benzin,citroen,nein,2016-03-07 00:00:00,0,42117,2016-03-08 18:48:24
6136,2016-03-30 08:56:31,Volkswagen_Polo,privat,Angebot,1590,control,kleinwagen,2001,manuell,60,polo,150000,1,benzin,volkswagen,nein,2016-03-30 00:00:00,0,63739,2016-04-01 02:17:52
192745,2016-03-10 15:51:45,Betriebsaufloesung___Werkstattwagen,privat,Angebot,5800,test,bus,2011,manuell,90,doblo,90000,10,diesel,fiat,ja,2016-03-10 00:00:00,0,6578,2016-03-17 23:47:01
260647,2016-04-03 21:51:13,RENAULT__MEGAN,privat,Angebot,6900,test,kleinwagen,2008,manuell,0,megane,20000,11,benzin,renault,,2016-04-03 00:00:00,0,30459,2016-04-05 23:15:26
29003,2016-04-01 14:07:00,Volvo_als_Baustellenfahrzeug__Export_oder_zum_Ausschlachten,privat,Angebot,450,test,kombi,1997,manuell,115,,150000,9,benzin,volvo,,2016-04-01 00:00:00,0,65589,2016-04-07 02:46:14
315518,2016-03-20 23:36:44,Verkaufe_VW_Passat,privat,Angebot,999,control,kombi,1997,manuell,101,,150000,0,benzin,volkswagen,,2016-03-20 00:00:00,0,29556,2016-03-21 07:40:41
9200,2016-03-21 01:56:51,VW_Lupo_mit_Tuev_7/2017,privat,Angebot,800,test,kleinwagen,1998,manuell,50,lupo,150000,11,benzin,volkswagen,ja,2016-03-21 00:00:00,0,97215,2016-03-21 08:47:02
109246,2016-03-10 07:55:18,**_VW_Passat_Highline_V6_>>_2_5_TDI_4motion_<<>>_EZ_2005_**,privat,Angebot,5999,control,,2005,,0,passat,150000,0,,volkswagen,,2016-03-10 00:00:00,0,17291,2016-03-11 08:44:22
181305,2016-03-11 15:53:04,Touran_2.0_TDI_DPF_DSG_Trendline,privat,Angebot,3500,test,kombi,2008,,0,touran,150000,9,diesel,volkswagen,nein,2016-03-11 00:00:00,0,59269,2016-03-11 16:42:19
268100,2016-03-17 09:47:40,Renault_Espace_2_0_Bensiner_TÜV_9.2017_Anhaengerkupplung,privat,Angebot,500,test,,2017,manuell,140,espace,150000,11,,renault,nein,2016-03-17 00:00:00,0,66359,2016-04-06 06:16:23
16140,2016-03-05 23:54:13,Audi_A6_Avant_2_4_V6_Standheizung_Xenon_Klimaautomatik_TÜV_2/18,privat,Angebot,1900,control,kombi,2000,automatik,165,a6,150000,12,benzin,audi,nein,2016-03-05 00:00:00,0,7381,2016-03-06 09:47:32
207896,2016-04-02 18:49:42,Verkaufe_Smart,privat,Angebot,600,control,andere,1999,,0,,150000,0,benzin,smart,ja,2016-04-02 00:00:00,0,8451,2016-04-06 18:47:32
41249,2016-03-06 19:47:14,Opel_Corsa_1.4_16V_Automatik_5_Tuerig,privat,Angebot,1650,control,kleinwagen,2001,automatik,90,corsa,150000,3,benzin,opel,nein,2016-03-06 00:00:00,0,13587,2016-03-08 16:20:16
162646,2016-03-10 07:56:28,Mercedes_Benz_E_350,privat,Angebot,40500,control,kombi,2013,automatik,252,e_klasse,40000,7,diesel,mercedes_benz,nein,2016-03-10 00:00:00,0,24943,2016-03-11 06:17:46
108594,2016-03-21 12:41:13,Volkswagen_Polo_1.4_TDI,privat,Angebot,1999,control,kleinwagen,2002,manuell,75,polo,150000,6,diesel,volkswagen,nein,2016-03-21 00:00:00,0,40723,2016-03-22 16:45:01
276948,2016-03-30 10:37:56,Trabant_601_l_Ez_64_e_Karosse_84,privat,Angebot,690,test,limousine,1964,manuell,26,601,80000,8,,trabant,,2016-03-30 00:00:00,0,4758,2016-04-07 02:15:56
133379,2016-03-21 10:49:11,Skoda_Fabia_1.2_in_sehr_gutem_Zustand,privat,Angebot,6699,test,kleinwagen,2012,manuell,60,fabia,60000,9,benzin,skoda,nein,2016-03-21 00:00:00,0,80995,2016-04-06 04:16:02
27733,2016-04-04 16:44:13,BMW_318i_touring,privat,Angebot,500,test,kombi,1998,manuell,116,3er,150000,4,benzin,bmw,nein,2016-04-04 00:00:00,0,41516,2016-04-04 16:44:13
194787,2016-03-30 14:50:53,Maserati_222,privat,Angebot,7000,control,coupe,1991,manuell,224,,150000,3,benzin,sonstige_autos,nein,2016-03-30 00:00:00,0,13435,2016-04-07 05:44:50
182698,2016-03-24 16:39:53,Volkswagen_Touran_1.9_TDI_Highline,privat,Angebot,2800,control,bus,2004,manuell,105,touran,150000,4,diesel,volkswagen,nein,2016-03-24 00:00:00,0,38467,2016-03-26 01:17:33
149238,2016-03-21 11:38:51,Ford_Mustang_Bj._1968_Schwarz_TÜV_Neu,privat,Angebot,21500,control,coupe,1968,automatik,230,mustang,70000,7,benzin,ford,nein,2016-03-21 00:00:00,0,67480,2016-03-22 15:18:22
214165,2016-03-19 10:53:44,OPEL_VECTRA_IN_EINEM_SEHR_GUTEN_ZUSTAND_MIT_TÜV!!!,privat,Angebot,1000,test,limousine,1999,,0,vectra,150000,1,benzin,opel,,2016-03-19 00:00:00,0,12353,2016-03-19 11:42:17
79542,2016-04-04 21:38:32,VW_Polo_6N_1.0_50_PS_an_Bastler,privat,Angebot,250,test,kleinwagen,1996,manuell,50,polo,150000,11,benzin,volkswagen,,2016-04-04 00:00:00,0,22297,2016-04-07 00:15:29
118436,2016-03-19 02:37:36,Fiat_Punto_55,privat,Angebot,99,test,,2016,manuell,54,punto,150000,0,benzin,fiat,nein,2016-03-18 00:00:00,0,86476,2016-03-25 07:50:31
66737,2016-03-11 23:51:52,Fiat_Grande_Punto_1.4_8V,privat,Angebot,3400,test,kleinwagen,2005,manuell,0,punto,5000,12,benzin,fiat,nein,2016-03-11 00:00:00,0,44388,2016-04-05 17:22:24
118829,2016-03-09 22:38:34,Dacia_Logan_MCV_1.6,privat,Angebot,1399,test,kombi,2009,manuell,87,logan,150000,5,benzin,dacia,ja,2016-03-09 00:00:00,0,97241,2016-03-10 10:15:11
170272,2016-03-24 17:45:07,Audi_A3_1.6,privat,Angebot,850,control,,2017,manuell,102,a3,150000,0,,audi,nein,2016-03-24 00:00:00,0,85413,2016-04-07 10:44:39
143440,2016-03-16 15:57:58,Volkswagen_Passat_Variant_2.0_TDI_BlueMotion_Comfortline,privat,Angebot,15990,test,kombi,2013,manuell,140,passat,90000,10,diesel,volkswagen,nein,2016-03-16 00:00:00,0,73540,2016-04-06 20:18:05
33053,2016-03-25 09:52:49,Fast_Oldtimer_Barkas_B_1000__Fensternbus__7_Sitzer__EZ_09.1988,privat,Angebot,1750,test,bus,1988,manuell,46,,150000,9,benzin,sonstige_autos,ja,2016-03-25 00:00:00,0,33014,2016-03-26 19:17:44
13373,2016-03-23 11:47:06,Opel_Astra_G_super_Auto,privat,Angebot,1200,test,,1999,manuell,0,astra,150000,0,benzin,opel,nein,2016-03-23 00:00:00,0,80339,2016-04-03 11:50:53
240330,2016-03-11 19:47:57,Verkaufe_Chevrolet_Trans_Sport_3_4_V6_mit_Zylinderkopfdichtungss.,privat,Angebot,600,test,bus,2000,automatik,188,andere,150000,10,benzin,chevrolet,ja,2016-03-11 00:00:00,0,23568,2016-03-16 08:45:05
206892,2016-03-09 21:46:12,VW_Polo_6N,privat,Angebot,750,test,kleinwagen,1997,manuell,44,,150000,8,,volkswagen,,2016-03-09 00:00:00,0,55452,2016-03-20 06:18:12
334229,2016-03-16 15:46:58,Volkswagen_Golf_1.4_Comfortline,privat,Angebot,4950,test,limousine,2009,manuell,80,golf,150000,8,benzin,volkswagen,nein,2016-03-16 00:00:00,0,93192,2016-03-19 12:47:39
335276,2016-03-14 20:38:22,A4_Avant_2.0_TDI__S_line_Sportpaket_plus_Navi_Leder_Bixenon,privat,Angebot,4200,control,kombi,2007,manuell,170,a4,150000,4,diesel,audi,nein,2016-03-14 00:00:00,0,6886,2016-03-14 20:38:22
342434,2016-03-12 16:36:43,Volkswagen_up!_____so_gut_wie_neu__kaum_gefahren____,privat,Angebot,8500,control,kleinwagen,2014,manuell,60,up,5000,7,benzin,volkswagen,nein,2016-03-12 00:00:00,0,18439,2016-04-07 05:46:20
198472,2016-03-31 21:55:47,Skoda_Octavia_Combi_1.4_TSI_Ambiente,privat,Angebot,8200,test,kombi,2009,manuell,122,octavia,125000,8,benzin,skoda,nein,2016-03-31 00:00:00,0,4539,2016-04-06 18:17:56
216716,2016-04-02 20:41:42,Golf_3_Diesel_alt_aber_treu_!,privat,Angebot,500,test,limousine,1995,manuell,110,golf,150000,10,,volkswagen,,2016-04-02 00:00:00,0,55743,2016-04-02 20:41:42
76390,2016-03-29 12:25:23,fiat_punto_als_bastlerfahrzeug,privat,Angebot,300,control,,2016,manuell,60,punto,150000,0,,fiat,,2016-03-29 00:00:00,0,57290,2016-03-30 20:30:53
200838,2016-04-03 23:51:41,Porsche_911_977_Turbo_PDK_17.000_Km,privat,Angebot,109911,control,coupe,2010,automatik,500,911,20000,5,benzin,porsche,nein,2016-04-03 00:00:00,0,20149,2016-04-06 07:16:32
60004,2016-03-16 17:44:02,Volkswagen_Passat_HIGHLINE_2.0_TDI_DSG_Leder_Ankantara,privat,Angebot,11950,control,kombi,2013,automatik,140,passat,150000,3,diesel,volkswagen,nein,2016-03-16 00:00:00,0,49084,2016-03-25 17:51:48
360849,2016-03-17 15:55:13,BMW_320d_DPF_Touring_Panoramadach_Scheckheft_AHK_Klimaautomatik,privat,Angebot,8999,test,kombi,2008,manuell,177,3er,150000,5,diesel,bmw,nein,2016-03-17 00:00:00,0,34225,2016-03-20 18:26:39
134965,2016-03-21 18:54:02,Suzuki_Alto_1.0_in_pink__erst_44000_km_runter!!!,privat,Angebot,4500,test,kleinwagen,2011,manuell,68,andere,50000,0,benzin,suzuki,,2016-03-21 00:00:00,0,30853,2016-04-01 00:45:03
259319,2016-03-05 14:26:42,Peugeot_307_Top_Ausstattung_Klimaautomatik.und_vieles_mehr,privat,Angebot,1800,test,limousine,2002,manuell,109,3_reihe,150000,2,benzin,peugeot,nein,2016-03-05 00:00:00,0,55120,2016-03-11 23:44:14
84196,2016-03-25 09:52:55,VW_T3_Syncro_Kasten_mit_2_Schiebetueren_sehr_selten!,privat,Angebot,1900,test,suv,1992,,95,,150000,3,benzin,volkswagen,,2016-03-25 00:00:00,0,2633,2016-03-26 19:17:45
309240,2016-03-28 22:48:20,"VW_Sharan_""Highline""_1_9_Tdi_Baujahr_2002_in_sehr_gutem_Zustand_!",privat,Angebot,5500,control,bus,2002,manuell,115,sharan,150000,3,diesel,volkswagen,nein,2016-03-28 00:00:00,0,13125,2016-04-07 07:16:43
73698,2016-03-08 15:25:37,Renault_Megane_Grandtour_1.6_RXi,privat,Angebot,990,test,kombi,2000,manuell,107,megane,150000,3,benzin,renault,nein,2016-03-08 00:00:00,0,60487,2016-03-14 07:46:09
280102,2016-04-06 09:36:18,Mazda_premacy_2_Jahre_neu_TÜV,privat,Angebot,2350,test,,2018,manuell,0,,150000,0,diesel,mazda,,2016-04-06 00:00:00,0,26605,2016-04-06 09:36:18
82748,2016-03-23 17:46:36,Renault_Twingo_1.2,privat,Angebot,650,control,kleinwagen,1999,manuell,58,twingo,150000,12,benzin,renault,nein,2016-03-23 00:00:00,0,47809,2016-04-01 23:45:34
348574,2016-03-22 02:02:42,Ford_Taunus_2.0_GL_/_V6_/_Automatk_/_3._Hd._/_TÜV_neu,privat,Angebot,4500,test,limousine,1981,automatik,90,andere,150000,9,benzin,ford,nein,2016-03-22 00:00:00,0,65321,2016-04-06 02:46:01
227361,2016-04-04 22:49:24,Mitsubishi_Colt_CZ3_1.1,privat,Angebot,2750,test,limousine,2005,manuell,75,colt,150000,12,benzin,mitsubishi,nein,2016-04-04 00:00:00,0,15827,2016-04-04 22:49:24
197790,2016-03-07 09:53:47,Bastler_Auto,privat,Angebot,0,control,kleinwagen,1996,manuell,45,,150000,0,benzin,opel,,2016-03-07 00:00:00,0,32549,2016-03-16 17:20:06
224697,2016-03-08 12:57:26,Mercedes_e_210_Anhaenger_Kupplung,privat,Angebot,50,test,limousine,1999,,0,e_klasse,150000,0,,mercedes_benz,,2016-03-08 00:00:00,0,22089,2016-03-24 22:17:31
74092,2016-03-16 18:46:12,Tip_Top_Auto_sucht_neuen_Besitzer,privat,Angebot,650,control,kleinwagen,1998,manuell,56,sirion,100000,0,benzin,daihatsu,,2016-03-16 00:00:00,0,99086,2016-04-01 05:44:21
279485,2016-03-10 19:55:08,"Opel_Astra_2.0_BiTurbo_ST_19""_Vollleder_Navi_AHK_S/S",privat,Angebot,19980,control,kombi,2013,manuell,194,astra,40000,6,diesel,opel,nein,2016-03-10 00:00:00,0,60314,2016-03-27 10:15:21
156965,2016-03-24 08:53:14,Mazda_626_2.0i_GLE_/_Auto,privat,Angebot,1099,control,limousine,1996,manuell,116,6_reihe,150000,9,benzin,mazda,,2016-03-24 00:00:00,0,49497,2016-04-06 23:45:08
256326,2016-03-11 19:41:37,Mercedes_Benz_E_200_CGI_BlueEFFICIENCY_Automatik,privat,Angebot,20900,test,limousine,2010,automatik,184,e_klasse,70000,10,benzin,mercedes_benz,nein,2016-03-11 00:00:00,0,86836,2016-04-06 00:16:43
319559,2016-03-19 09:48:09,Golf4_1_4Liter_Scheckheft_neuer_TÜV_3.2018__12_Fach_Bereift,privat,Angebot,2000,test,limousine,1999,manuell,75,golf,150000,0,benzin,volkswagen,,2016-03-19 00:00:00,0,31275,2016-03-31 15:46:19
106544,2016-03-30 08:37:02,Volkswagen_Golf_1.8__Klima_,privat,Angebot,900,control,limousine,1996,manuell,75,golf,150000,5,benzin,volkswagen,nein,2016-03-30 00:00:00,0,29352,2016-04-07 00:17:40
254941,2016-04-01 16:38:35,Verk._Seat_Ibiza_75PS_KLIMA_Top_Zustand_TÜV_NEU!!,privat,Angebot,2690,control,kleinwagen,2003,manuell,75,ibiza,150000,6,benzin,seat,nein,2016-04-01 00:00:00,0,97437,2016-04-05 11:18:46
356114,2016-03-19 20:57:23,Audi_A6_2.4_multitronic_Glasdach_Leder_8x_neu_bereift,privat,Angebot,13900,control,limousine,2005,automatik,177,a6,40000,2,benzin,audi,nein,2016-03-19 00:00:00,0,12623,2016-04-07 09:17:14
85890,2016-03-15 18:36:18,VW_Golf_4_1.9_TDI_Kombi_TÜV_Diesel_Volkswagen,privat,Angebot,1600,control,kombi,2000,manuell,90,golf,150000,6,diesel,volkswagen,,2016-03-15 00:00:00,0,95447,2016-03-19 13:18:33
27964,2016-03-08 22:57:58,Peugeot_406_Sport,privat,Angebot,3850,test,limousine,1998,manuell,190,4_reihe,100000,11,benzin,peugeot,,2016-03-08 00:00:00,0,76530,2016-04-06 01:46:27
29459,2016-03-10 21:56:56,Opel_Vectra_1.6_Caravan_Edition_2000,privat,Angebot,1400,control,kombi,2000,manuell,101,vectra,150000,3,benzin,opel,nein,2016-03-10 00:00:00,0,74924,2016-04-07 00:45:27
299074,2016-03-23 22:56:51,Audi_A3_2.0_TFSI_Sportback__DSG__S_tronic,privat,Angebot,6500,test,kombi,2004,automatik,200,a3,125000,12,benzin,audi,ja,2016-03-23 00:00:00,0,1257,2016-03-28 13:45:51
277441,2016-04-02 18:58:19,Volkswagen_Golf_1.4_TSI_Comfortline,privat,Angebot,9750,control,limousine,2009,manuell,122,golf,60000,9,benzin,volkswagen,nein,2016-04-02 00:00:00,0,56070,2016-04-06 11:16:51
6238,2016-04-03 03:02:30,BMW_530xd,privat,Angebot,15990,control,limousine,2006,automatik,231,5er,150000,6,diesel,bmw,nein,2016-04-03 00:00:00,0,87437,2016-04-03 08:53:27
106293,2016-03-27 18:55:56,Volkswagen_Golf_1.6_TDI_DPF_Comfortline,privat,Angebot,8800,control,limousine,2010,manuell,105,golf,125000,2,diesel,volkswagen,nein,2016-03-27 00:00:00,0,24937,2016-04-05 15:47:00
298796,2016-03-10 12:54:33,Peugeot_307_CC___Cabrio___Navi___Top_!!!!,privat,Angebot,3490,test,cabrio,2003,manuell,136,3_reihe,125000,12,benzin,peugeot,nein,2016-03-10 00:00:00,0,38644,2016-03-16 20:25:23
95542,2016-03-15 15:49:05,Fiat_500_1.2,privat,Angebot,6000,control,kleinwagen,2010,manuell,69,500,60000,5,benzin,fiat,nein,2016-03-15 00:00:00,0,84088,2016-03-19 09:45:50
264213,2016-03-17 19:42:33,Honda_Accord_2.2_i_ctdi_sport,privat,Angebot,8650,control,limousine,2006,manuell,140,accord,150000,0,benzin,honda,nein,2016-03-17 00:00:00,0,84453,2016-04-07 07:17:04
188740,2016-03-28 09:50:47,Renault_Megane_dCi_110_FAP_EDC_eco_Coupe_Cabriolet,privat,Angebot,10900,test,cabrio,2010,,0,megane,100000,9,diesel,renault,nein,2016-03-28 00:00:00,0,35435,2016-04-06 05:17:20
69951,2016-03-24 19:59:05,Ford_C_Max_1.0_EcoBoost_Start_Stopp_System_Champi...,privat,Angebot,13900,control,bus,2013,manuell,125,c_max,40000,4,benzin,ford,nein,2016-03-24 00:00:00,0,74336,2016-03-27 17:17:42
112452,2016-03-09 20:50:43,Audi_A4_Avant_2.0_TDI_DPF_multitronic_Attraction,privat,Angebot,15700,test,kombi,2011,automatik,143,a4,80000,3,diesel,audi,nein,2016-03-09 00:00:00,0,89555,2016-03-29 10:46:07
88219,2016-04-02 20:37:53,Ford_C_Max_sport,privat,Angebot,7300,test,bus,2010,manuell,109,c_max,150000,8,diesel,ford,nein,2016-04-02 00:00:00,0,24159,2016-04-06 20:47:16
250952,2016-03-08 14:57:01,Dacia_Duster_dCi_110_FAP_4x4_Prestige,privat,Angebot,15300,test,suv,2014,manuell,109,duster,30000,5,diesel,dacia,nein,2016-03-08 00:00:00,0,82269,2016-04-06 06:46:49
267202,2016-03-15 19:43:09,Peugeot_306_XR,privat,Angebot,600,control,limousine,1995,manuell,75,3_reihe,150000,5,benzin,peugeot,nein,2016-03-15 00:00:00,0,54453,2016-03-23 01:17:35
159168,2016-03-08 16:48:28,"Volkswagen_up!_high_up!_Navi__Sitzhzg._LM_16""__uvm.",privat,Angebot,7980,test,kleinwagen,2012,manuell,75,up,50000,3,benzin,volkswagen,nein,2016-03-08 00:00:00,0,65462,2016-04-07 04:15:19
47104,2016-03-25 17:52:04,Renault_Renault_Clio_1.6_16V_LPG_Initiale_RS_TÜV_NEU,privat,Angebot,2150,test,kleinwagen,2002,manuell,107,clio,150000,10,lpg,renault,nein,2016-03-25 00:00:00,0,63825,2016-04-06 23:17:12
257325,2016-03-15 12:53:00,BMW_323_Ci,privat,Angebot,3750,control,coupe,1999,manuell,170,3er,150000,9,benzin,bmw,nein,2016-03-15 00:00:00,0,52499,2016-03-16 09:16:28
172723,2016-03-29 13:43:29,Renault_Megane_kombii,privat,Angebot,500,control,kombi,1999,manuell,0,megane,150000,5,benzin,renault,ja,2016-03-29 00:00:00,0,16792,2016-04-05 22:46:31
105450,2016-03-24 13:58:58,Skoda_Fabia,privat,Angebot,1550,control,kombi,2001,manuell,75,fabia,150000,9,benzin,skoda,nein,2016-03-24 00:00:00,0,91785,2016-03-24 14:39:15
230279,2016-04-04 21:45:09,Audi_A4_2.0_TDI_/_S_line_/_1.Hand_/_B&O_/_Bi_Xenon,privat,Angebot,17500,test,limousine,2009,manuell,170,a4,150000,6,diesel,audi,nein,2016-04-04 00:00:00,0,78727,2016-04-07 00:16:27
310907,2016-03-05 14:18:37,Fiat_Ulysse_2.0_16V_Erdgas_95_liter_NEU_TÜV_02/2018,privat,Angebot,2900,test,bus,2003,manuell,136,andere,150000,2,benzin,fiat,nein,2016-03-03 00:00:00,0,65931,2016-04-07 03:46:27
323303,2016-03-22 10:55:27,Audi_A3_1.9_TDI_Attraction,privat,Angebot,3499,control,limousine,2003,manuell,101,a3,150000,1,diesel,audi,nein,2016-03-22 00:00:00,0,97944,2016-04-05 23:17:57
115381,2016-03-16 21:38:39,Peugeot_306_Cabrio_Bastlerfahrzeug,privat,Angebot,350,control,cabrio,1995,manuell,0,3_reihe,5000,0,benzin,peugeot,,2016-03-16 00:00:00,0,53123,2016-03-16 21:38:39
125235,2016-03-24 22:42:47,Fiat_500_Sport_1.4_16V_100HP_1_Hand_Zahnriemen/Service_Neu,privat,Angebot,5200,control,,2017,manuell,100,500,70000,11,,fiat,nein,2016-03-24 00:00:00,0,80999,2016-03-26 07:47:37
1340,2016-03-22 10:53:14,Opel_vectra_1_6l_kombi,privat,Angebot,350,control,kombi,1999,manuell,116,vectra,150000,3,benzin,opel,,2016-03-22 00:00:00,0,29336,2016-03-22 10:53:14
367871,2016-03-20 19:49:35,BMW_525_tds_touring,privat,Angebot,1199,test,kombi,1997,manuell,143,5er,150000,10,diesel,bmw,ja,2016-03-20 00:00:00,0,96328,2016-04-07 04:17:16
8017,2016-03-09 11:57:36,Audi_A6_Avant_3.0TDI_Quattro,privat,Angebot,13000,test,kombi,2008,automatik,300,a6,150000,8,diesel,audi,nein,2016-03-09 00:00:00,0,38271,2016-03-21 07:50:10
354456,2016-03-20 00:55:53,Mercedes_Benz_CLK_Coupe_200_Kompressor_Elegance,privat,Angebot,5650,control,coupe,2005,automatik,163,clk,150000,2,benzin,mercedes_benz,nein,2016-03-20 00:00:00,0,41460,2016-04-02 05:17:48
153015,2016-04-02 12:37:14,Audi_A4_Cabriolet_3.0_TDI_DPF_quattro_tiptronic,privat,Angebot,15900,test,cabrio,2006,automatik,232,a4,70000,4,diesel,audi,nein,2016-04-02 00:00:00,0,57223,2016-04-06 10:17:24
35388,2016-03-21 20:36:44,A_Klasse_170CDI,privat,Angebot,450,control,kleinwagen,1999,automatik,90,a_klasse,150000,10,diesel,mercedes_benz,,2016-03-21 00:00:00,0,14513,2016-03-23 02:51:12
272063,2016-04-04 16:58:51,Volkswagen_Karmann_Ghia,privat,Angebot,25980,test,coupe,1969,manuell,44,andere,50000,4,benzin,volkswagen,nein,2016-04-04 00:00:00,0,61231,2016-04-05 12:21:43
320662,2016-03-28 17:49:31,Audi_A4_Typ_B5,privat,Angebot,350,test,limousine,1996,manuell,100,a4,150000,6,benzin,audi,ja,2016-03-28 00:00:00,0,87775,2016-04-02 22:47:34
365472,2016-04-03 16:55:32,Skoda_Fabia_1.2_HTP,privat,Angebot,6200,control,kleinwagen,2008,manuell,60,fabia,60000,8,benzin,skoda,nein,2016-04-03 00:00:00,0,7749,2016-04-05 16:46:25
248117,2016-03-05 15:58:38,Rover_216_gsi_16v,privat,Angebot,290,control,,2016,manuell,111,andere,150000,11,,rover,nein,2016-03-05 00:00:00,0,80992,2016-03-08 13:18:16
366598,2016-03-24 13:47:23,Opel_Astra_1.8_16V_Coupe,privat,Angebot,750,control,coupe,2001,manuell,116,astra,150000,1,benzin,opel,ja,2016-03-24 00:00:00,0,92723,2016-04-03 04:17:30
204326,2016-04-02 10:50:05,Audi_a6_1_8l_guter_Zustand,privat,Angebot,2450,test,limousine,2000,automatik,0,a6,150000,1,benzin,audi,nein,2016-04-02 00:00:00,0,26624,2016-04-02 10:50:05
333163,2016-03-07 16:06:19,BMW_320i_Cabrio_Sport_Edition_M_Paket_wie_neu,privat,Angebot,10000,control,cabrio,1998,manuell,150,3er,90000,7,benzin,bmw,nein,2016-03-07 00:00:00,0,65207,2016-04-05 19:44:47
104805,2016-04-04 15:42:48,Alfa_Romeo147JTD,privat,Angebot,1850,test,limousine,2003,manuell,116,147,150000,3,diesel,alfa_romeo,,2016-04-04 00:00:00,0,29585,2016-04-04 15:42:48
333788,2016-03-31 22:58:04,Passat_2.0_TDI_DPF_DSG_AUTOMATIK,privat,Angebot,5555,test,limousine,2006,automatik,170,passat,150000,11,diesel,volkswagen,,2016-03-31 00:00:00,0,86165,2016-04-06 23:17:20
69045,2016-03-05 21:36:57,volkswagen_vw_polo_5_t_blau_1_4_liter_60_ps,privat,Angebot,0,test,kleinwagen,2000,manuell,60,polo,125000,7,benzin,volkswagen,ja,2016-03-05 00:00:00,0,35460,2016-03-07 16:30:52
17675,2016-03-26 09:37:22,Gepflegter_Audi_A4_b7_Tausch/Verkauf,privat,Angebot,7999,control,kombi,2005,automatik,131,,150000,0,benzin,audi,,2016-03-26 00:00:00,0,24105,2016-03-26 10:45:05
103265,2016-03-07 18:30:54,Citroën_Berlingo_1.9_D_5_Sitzer,privat,Angebot,599,control,bus,1997,manuell,69,berlingo,150000,10,diesel,citroen,nein,2016-03-07 00:00:00,0,65933,2016-03-11 23:44:46
34790,2016-03-26 13:47:20,Ford_Focus_C_Max_1.6_TDCI,privat,Angebot,3350,control,bus,2006,manuell,109,c_max,150000,4,diesel,ford,,2016-03-26 00:00:00,0,51107,2016-03-31 08:47:17
90642,2016-03-28 18:50:53,Porsche_Cayman,privat,Angebot,24900,control,coupe,2007,automatik,245,andere,60000,10,benzin,porsche,nein,2016-03-28 00:00:00,0,86856,2016-04-01 04:15:56
300059,2016-04-01 18:25:58,Volkswagen_Polo_Modell_2000,privat,Angebot,400,control,kleinwagen,1999,manuell,50,polo,150000,0,benzin,volkswagen,ja,2016-04-01 00:00:00,0,56237,2016-04-07 13:17:02
368027,2016-03-31 11:58:09,Volkswagen_Passat_Variant_3.2_V6_FSI_4Motion_DSG,privat,Angebot,8800,control,kombi,2006,automatik,250,passat,150000,12,benzin,volkswagen,nein,2016-03-31 00:00:00,0,55483,2016-04-06 04:46:47
8468,2016-03-21 11:49:35,Ich_verkaufen,privat,Angebot,150,control,kleinwagen,1997,manuell,44,ka,150000,12,benzin,ford,ja,2016-03-21 00:00:00,0,38226,2016-04-04 05:55:00
223500,2016-04-03 10:54:52,Toyota_Avensis_2.2_D_CAT_Combi_Executive,privat,Angebot,7400,control,kombi,2007,manuell,177,avensis,150000,2,diesel,toyota,nein,2016-04-03 00:00:00,0,36433,2016-04-07 11:46:34
150991,2016-04-02 23:55:08,Ford_Focus_Turnier_1.6_TDCi_DPF_Fun_X,privat,Angebot,1999,test,kombi,2006,manuell,109,focus,150000,8,diesel,ford,ja,2016-04-02 00:00:00,0,58454,2016-04-07 08:15:53
167751,2016-03-25 10:55:08,Ford_Focus_ST,privat,Angebot,17500,test,andere,2010,manuell,317,focus,50000,7,benzin,ford,nein,2016-03-25 00:00:00,0,18147,2016-04-02 12:46:02
47673,2016-03-11 16:48:38,Fiat_Punto_Evo_1.2_8V_Dynamic_Start&Stop,privat,Angebot,6500,test,kleinwagen,2011,manuell,69,punto,20000,5,benzin,fiat,nein,2016-03-11 00:00:00,0,27616,2016-04-05 15:17:56
43672,2016-04-04 15:40:46,Alfa_Romeo_166_2.4_JTD_Edizione_Classica,privat,Angebot,650,test,limousine,2001,manuell,140,andere,150000,8,diesel,alfa_romeo,ja,2016-04-04 00:00:00,0,50827,2016-04-06 16:47:27
223972,2016-03-16 19:43:37,Fiat_Punto,privat,Angebot,1950,test,kleinwagen,2005,manuell,0,punto,150000,6,benzin,fiat,ja,2016-03-16 00:00:00,0,79115,2016-04-07 04:45:54
69140,2016-03-08 12:56:52,Jaguar_S_Type_Bj99_3.0_V6,privat,Angebot,1000,test,limousine,1999,automatik,238,s_type,150000,6,benzin,jaguar,ja,2016-03-08 00:00:00,0,55629,2016-03-26 09:15:29
344326,2016-03-16 19:53:23,Jaguar_X_type,privat,Angebot,2199,test,,2002,manuell,196,x_type,150000,4,,jaguar,nein,2016-03-16 00:00:00,0,54411,2016-04-07 05:45:50
17033,2016-03-11 23:53:22,Volkswagen_Lupo_1.4_College,privat,Angebot,2900,test,kleinwagen,2002,manuell,75,lupo,150000,7,benzin,volkswagen,nein,2016-03-11 00:00:00,0,22145,2016-04-05 17:22:17
178507,2016-03-22 20:50:15,Audi_TT_1.8T_Coupe,privat,Angebot,5500,control,,2017,manuell,180,tt,150000,4,benzin,audi,nein,2016-03-22 00:00:00,0,70806,2016-04-06 16:16:49
23177,2016-03-10 14:56:08,Suche_Auto_bis_1000__,privat,Angebot,1000,test,,1990,,0,,5000,0,,sonstige_autos,,2016-03-10 00:00:00,0,26607,2016-03-16 01:45:59
230865,2016-03-17 13:37:16,Renault_Espace_2.2_dCi_Privilege,privat,Angebot,1250,control,bus,2004,manuell,150,espace,150000,1,diesel,renault,ja,2016-03-17 00:00:00,0,46282,2016-03-17 13:37:16
29705,2016-03-07 17:50:07,Passat_2.0_TDI_Sportline_/_R_Line_TOP_GEPFLEGT,privat,Angebot,7900,test,limousine,2008,manuell,140,passat,150000,8,diesel,volkswagen,,2016-03-07 00:00:00,0,44577,2016-03-08 15:49:38
264970,2016-03-23 15:50:17,Land_Rover_Range_Rover_4.6_HSE,privat,Angebot,4700,test,suv,1998,automatik,224,range_rover,150000,9,benzin,land_rover,nein,2016-03-23 00:00:00,0,26789,2016-04-01 21:45:26
295663,2016-03-11 11:53:11,Skoda_Octavia_*Top_Zustand*,privat,Angebot,25500,control,limousine,2013,automatik,184,octavia,60000,10,diesel,skoda,nein,2016-03-11 00:00:00,0,66822,2016-04-05 02:47:04
32328,2016-03-25 15:45:52,Renault_Clio_1.2,privat,Angebot,500,test,kleinwagen,1999,manuell,58,clio,150000,9,benzin,renault,nein,2016-03-25 00:00:00,0,91058,2016-03-28 15:16:12
91986,2016-04-03 15:58:39,Opel_Corsa_1.3_CDTI_Catch_me,privat,Angebot,4690,test,kleinwagen,2007,manuell,90,corsa,150000,7,diesel,opel,nein,2016-04-03 00:00:00,0,72218,2016-04-05 15:46:15
139611,2016-03-29 23:54:06,Daihatsu_Cuore_GL_Classic,privat,Angebot,650,control,kleinwagen,2000,manuell,56,cuore,150000,10,benzin,daihatsu,nein,2016-03-29 00:00:00,0,53359,2016-04-06 21:18:22
268268,2016-03-20 15:45:48,BMW_316I_EZ_21.07.92,privat,Angebot,300,control,coupe,1992,manuell,0,andere,150000,7,benzin,bmw,ja,2016-03-20 00:00:00,0,69502,2016-04-06 20:15:34
82034,2016-03-24 11:58:42,Nissan_Micra_K11_Schnaeppchen,privat,Angebot,700,test,kleinwagen,2001,manuell,60,micra,150000,8,benzin,nissan,,2016-03-24 00:00:00,0,89081,2016-03-25 20:47:07
134650,2016-03-12 19:38:28,Alfa_Romeo_Spider._._._Der_Sommer_kann_kommen!_Auch_Tausch,privat,Angebot,0,test,cabrio,1996,,0,spider,150000,5,benzin,alfa_romeo,,2016-03-12 00:00:00,0,40822,2016-03-29 05:17:55
126449,2016-03-09 15:56:41,Peugeot_307_CC_135,privat,Angebot,4000,control,cabrio,2005,manuell,136,3_reihe,125000,6,benzin,peugeot,nein,2016-03-09 00:00:00,0,88138,2016-03-15 01:15:22
229727,2016-03-10 09:57:03,Audi_A6_3.0_TDI_DPF_quattroTÜV_NEU,privat,Angebot,7750,test,limousine,2004,automatik,224,a6,150000,12,diesel,audi,nein,2016-03-10 00:00:00,0,12057,2016-04-06 07:16:55
68936,2016-03-08 16:39:16,A4_1.9_TDI_131_PS_6_GANG_FULL_LEDER,privat,Angebot,2000,test,kombi,2001,manuell,131,a4,150000,10,diesel,audi,,2016-03-08 00:00:00,0,74376,2016-03-08 16:39:16
237326,2016-03-11 13:55:31,Volkswagen_VW_Golf_4_1.9_TDi_Diesel_Top_Zustand,privat,Angebot,1600,test,,2016,manuell,90,golf,150000,9,,volkswagen,nein,2016-03-11 00:00:00,0,35279,2016-03-12 03:17:08
365219,2016-03-25 16:36:29,Peugeot_607_2Jahre_TÜV__Reseviert_bis_03.04.16,privat,Angebot,4800,control,,2018,automatik,204,andere,150000,2,,peugeot,nein,2016-03-25 00:00:00,0,27749,2016-04-06 20:47:56
31686,2016-03-15 22:56:08,Volkswagen_Passat_Variant_1.8_TSI_Automatik_Highline,privat,Angebot,10500,control,kombi,2009,automatik,160,passat,100000,2,benzin,volkswagen,nein,2016-03-15 00:00:00,0,6258,2016-04-03 16:46:52
87674,2016-03-08 17:45:13,Dodge_Journey_2.0_CRD_DSG_SXT,privat,Angebot,12000,control,bus,2009,automatik,140,,125000,2,diesel,sonstige_autos,nein,2016-03-08 00:00:00,0,90552,2016-03-10 13:15:49
330886,2016-03-13 18:42:54,Ford_C_Max_FunX_1_6_TDCI_gruene_Plakette__Klima_Tuev_03.2018,privat,Angebot,5900,test,,2018,manuell,109,c_max,150000,2,diesel,ford,nein,2016-03-13 00:00:00,0,36179,2016-04-07 04:45:29
51206,2016-04-02 23:52:35,Nissan_micra_k11_1_0_Schiebedach,privat,Angebot,298,test,,2000,,0,micra,150000,0,,nissan,,2016-04-02 00:00:00,0,58840,2016-04-07 07:16:19
71711,2016-03-11 10:56:48,Dachau_Logan_Mcv_Servo_Klima,privat,Angebot,3550,test,kombi,2008,manuell,75,logan,150000,5,benzin,dacia,,2016-03-11 00:00:00,0,13403,2016-03-17 16:46:38
366697,2016-04-03 22:50:29,Skoda_Octavia_4x4_Tdi,privat,Angebot,1800,control,kombi,2000,manuell,90,octavia,150000,0,,skoda,ja,2016-04-03 00:00:00,0,37281,2016-04-06 00:45:15
340930,2016-03-08 20:59:32,Mercedes_Benz_C_200_D_Classic,privat,Angebot,2200,control,limousine,1993,manuell,75,c_klasse,150000,10,diesel,mercedes_benz,nein,2016-03-08 00:00:00,0,52538,2016-03-31 08:44:44
231554,2016-03-31 23:38:15,VW_GOLF_IV_mit_AHK__4_Tueren_und_TÜV_bis_07.2017,privat,Angebot,1299,control,limousine,1998,manuell,75,golf,150000,9,benzin,volkswagen,nein,2016-03-31 00:00:00,0,49509,2016-04-04 22:46:26
18842,2016-04-03 13:25:46,Audi_RS4_Cabriolet,privat,Angebot,31900,test,cabrio,2007,manuell,420,andere,125000,2,benzin,audi,nein,2016-04-03 00:00:00,0,55122,2016-04-06 20:19:40
217064,2016-03-26 18:40:36,Skoda_Fabia_1.4_TDI_Combi,privat,Angebot,3490,test,kombi,2007,manuell,80,fabia,150000,5,diesel,skoda,nein,2016-03-26 00:00:00,0,12099,2016-04-02 10:15:25
100141,2016-03-26 16:39:15,A4__Aut_Leder_Xenon_TopZustand_alles_neu,privat,Angebot,4900,control,limousine,2001,automatik,131,a4,150000,3,benzin,audi,,2016-03-26 00:00:00,0,53119,2016-04-06 04:45:25
274634,2016-03-15 12:47:07,VW_Sharan_1_8T20v_an_Bastler,privat,Angebot,750,control,bus,1999,manuell,150,sharan,150000,3,benzin,volkswagen,ja,2016-03-15 00:00:00,0,27404,2016-04-06 00:47:08
175093,2016-03-19 10:36:21,Nissan_primera,privat,Angebot,1000,test,limousine,2002,,115,,150000,6,benzin,nissan,ja,2016-03-19 00:00:00,0,12619,2016-03-24 04:18:43
26039,2016-03-07 10:37:15,Opel_Corsa_1.4_16V_Color_Edition,privat,Angebot,6250,test,kleinwagen,2010,manuell,87,corsa,60000,5,benzin,opel,nein,2016-03-07 00:00:00,0,33649,2016-03-09 06:17:33
92440,2016-03-07 21:37:59,Ford_Transit__2198cmc__Bj.2010__6_Gang,privat,Angebot,7500,control,bus,2010,manuell,0,transit,125000,6,diesel,ford,nein,2016-03-07 00:00:00,0,85221,2016-03-23 10:47:19
168642,2016-03-26 01:46:59,Volkswagen_Passat_1.6_Comfortline,privat,Angebot,1500,control,limousine,1998,manuell,101,passat,150000,10,benzin,volkswagen,nein,2016-03-25 00:00:00,0,26452,2016-03-29 07:17:46
118612,2016-03-22 15:56:24,Top_Veloster,privat,Angebot,11000,control,coupe,2012,manuell,140,andere,80000,5,benzin,hyundai,nein,2016-03-22 00:00:00,0,63571,2016-04-06 05:45:48
273162,2016-03-21 12:49:35,VW_Lupo_mit_Servo,privat,Angebot,850,control,,2016,manuell,50,lupo,150000,0,benzin,volkswagen,nein,2016-03-21 00:00:00,0,39124,2016-03-24 01:15:35
33711,2016-04-04 13:46:52,Skoda_Fabia_1.4_16v_Inspektion_und_Tuev_neu,privat,Angebot,2800,control,,2018,manuell,75,fabia,150000,5,,skoda,nein,2016-04-04 00:00:00,0,4158,2016-04-06 15:15:31
119484,2016-03-27 17:55:33,Polo_6n2_1_8T_20V_TURBO_Einzelstueck_LOW_Komplett_Neuaufbau,privat,Angebot,0,test,,2000,,0,,80000,0,,volkswagen,,2016-03-27 00:00:00,0,71522,2016-04-05 14:16:15
109089,2016-03-11 19:51:36,C_180_T_BlueEFFICIENCY_7G_TRONIC_Avantgarde,privat,Angebot,10800,test,kombi,2011,automatik,156,c_klasse,30000,8,benzin,mercedes_benz,nein,2016-03-11 00:00:00,0,10115,2016-03-11 19:51:36
326777,2016-03-30 10:44:46,Mercedes_benz_w_124_nur_bis_sonntag,privat,Angebot,720,test,limousine,1993,manuell,136,e_klasse,150000,3,benzin,mercedes_benz,,2016-03-30 00:00:00,0,8132,2016-04-02 23:49:07
136700,2016-03-10 15:57:20,CITROËN_C5_I_Combi_2.0_HDi__1997_cm3__109_PS__80_kW,privat,Angebot,790,test,kombi,2001,manuell,110,c5,150000,8,diesel,citroen,nein,2016-03-10 00:00:00,0,17489,2016-03-12 21:15:33
123240,2016-03-24 15:46:06,Volkswagen_Golf_1.9_TDI_Comfortline,privat,Angebot,5900,test,limousine,2007,manuell,105,golf,150000,7,diesel,volkswagen,nein,2016-03-24 00:00:00,0,82166,2016-04-07 07:44:50
337716,2016-03-12 12:57:18,BMW_525d_Touring_Aut.,privat,Angebot,6300,test,kombi,2004,automatik,177,5er,150000,9,diesel,bmw,nein,2016-03-12 00:00:00,0,84524,2016-03-12 13:42:25
179688,2016-03-08 15:57:21,520D_Scwartz_TOP_ZUSTAND_!,privat,Angebot,3200,test,limousine,2004,manuell,136,5er,150000,9,diesel,bmw,nein,2016-03-08 00:00:00,0,93158,2016-03-08 16:39:31
42831,2016-03-18 11:48:30,Opel_Meriva_1.4,privat,Angebot,4550,control,bus,2008,manuell,90,meriva,125000,5,benzin,opel,nein,2016-03-18 00:00:00,0,22179,2016-04-05 22:16:37
241602,2016-04-02 13:49:50,Volkswagen_Golf_Variant_1.4_TSI_DSG_Comfortline,privat,Angebot,13490,test,kombi,2009,automatik,122,golf,50000,4,benzin,volkswagen,nein,2016-04-02 00:00:00,0,1774,2016-04-06 12:16:25
211398,2016-03-18 10:38:57,Renault_Twingo_mit_neuem_Tuev,privat,Angebot,950,control,,2018,manuell,58,twingo,150000,3,benzin,renault,,2016-03-18 00:00:00,0,28239,2016-03-20 05:15:49
269560,2016-03-08 01:57:41,Opel_Combo_Kasten_1.3CDTIEuro4_DPF_Sondermodell_LKW_Zulassung!,privat,Angebot,4900,control,andere,2010,manuell,75,combo,150000,4,diesel,opel,nein,2016-03-08 00:00:00,0,52525,2016-03-12 06:16:18
595,2016-03-07 17:53:58,Volkswagen_Lupo,privat,Angebot,1190,test,kleinwagen,2001,manuell,60,lupo,125000,11,benzin,volkswagen,nein,2016-03-07 00:00:00,0,23683,2016-03-07 17:53:58
280494,2016-03-26 21:00:06,VW_T4_Transporter_2_4l_Diesel,privat,Angebot,3800,control,bus,1991,manuell,75,,150000,5,diesel,volkswagen,nein,2016-03-26 00:00:00,0,79539,2016-04-06 12:45:45
326713,2016-03-08 12:52:49,2.0_l_Passat_Variant,privat,Angebot,0,test,,1995,,0,passat,5000,8,benzin,volkswagen,nein,2016-03-08 00:00:00,0,26632,2016-04-05 13:45:52
208971,2016-03-23 02:32:38,Mercedes_Benz_B_180_CDI_DPF,privat,Angebot,6500,test,bus,2007,manuell,109,b_klasse,150000,4,diesel,mercedes_benz,nein,2016-03-23 00:00:00,0,55471,2016-03-23 07:37:40
47522,2016-03-31 17:25:23,1969er_Dodge_D200_Pickup_Autom._383cui,privat,Angebot,7300,test,suv,1969,automatik,0,,100000,1,benzin,sonstige_autos,nein,2016-03-31 00:00:00,0,35037,2016-04-06 10:17:21
159440,2016-03-19 20:51:40,Audi_A3_2.0_TDI_Sportback,privat,Angebot,4900,control,kombi,2005,manuell,140,a3,150000,12,diesel,audi,nein,2016-03-19 00:00:00,0,44145,2016-03-20 23:18:18
188664,2016-03-27 12:53:43,Volvo_C70_2.0T,privat,Angebot,4800,test,cabrio,2002,automatik,163,c_reihe,150000,3,benzin,volvo,nein,2016-03-27 00:00:00,0,23730,2016-04-07 08:17:48
27406,2016-03-23 16:52:05,Audi_A3_Ambition_1.6_Liter_101_PS,privat,Angebot,3480,test,limousine,1999,manuell,101,a3,90000,6,benzin,audi,nein,2016-03-23 00:00:00,0,92637,2016-04-05 20:47:01
190689,2016-03-22 19:30:30,Ford_Fiesta,privat,Angebot,599,test,kleinwagen,1997,manuell,75,fiesta,150000,5,benzin,ford,nein,2016-03-22 00:00:00,0,65191,2016-03-27 14:16:31
205994,2016-03-15 20:49:06,Volkswagen_Passat_Variant_2.0_TDI_DPF_PDC_vorne_u._hinten,privat,Angebot,7111,test,kombi,2007,manuell,140,passat,150000,4,diesel,volkswagen,nein,2016-03-15 00:00:00,0,73614,2016-04-01 06:46:44
198203,2016-03-21 01:51:22,Opel_Corsa,privat,Angebot,450,test,kleinwagen,1998,manuell,0,corsa,150000,3,benzin,opel,nein,2016-03-21 00:00:00,0,65375,2016-04-06 08:16:32
333325,2016-03-10 12:06:21,Nissan_Qashqai_2.0_dCi_4_x_4_DPF_TOP_ZUSTAND_!!,privat,Angebot,16250,control,limousine,2011,automatik,150,qashqai,100000,2,diesel,nissan,nein,2016-03-10 00:00:00,0,35396,2016-04-01 22:47:17
1552,2016-03-08 11:55:30,Mercedes_C180_benzina,privat,Angebot,2800,control,limousine,2002,manuell,0,c_klasse,150000,3,benzin,mercedes_benz,,2016-03-08 00:00:00,0,66763,2016-03-09 02:17:46
245056,2016-03-22 20:51:28,Astra_automatik,privat,Angebot,990,control,,2001,automatik,84,astra,150000,5,,opel,,2016-03-22 00:00:00,0,47166,2016-03-28 13:16:16
238088,2016-03-30 09:50:09,BMW_635d_CABRIO_22_ZOLL,privat,Angebot,28250,control,cabrio,2008,automatik,286,,150000,12,,bmw,,2016-03-30 00:00:00,0,44575,2016-04-07 01:15:29
89805,2016-03-29 19:58:11,Suzuki_grand_vitara,privat,Angebot,2900,control,suv,2005,automatik,140,grand,150000,10,benzin,suzuki,,2016-03-29 00:00:00,0,33175,2016-04-06 06:15:59
247270,2016-03-24 15:38:16,Volkswagen_Passat_CC_2.0_TDI_Garantie,privat,Angebot,21490,test,coupe,2014,manuell,140,cc,50000,10,diesel,volkswagen,,2016-03-24 00:00:00,0,30880,2016-04-07 07:16:53
3057,2016-04-01 14:59:23,Mitsubishi_Colt_mit_TÜV___Anfaengerauto___Kleinwagen___sparsam,privat,Angebot,599,test,kleinwagen,1996,automatik,90,colt,150000,3,benzin,mitsubishi,,2016-04-01 00:00:00,0,42277,2016-04-01 15:40:04
125733,2016-03-22 22:50:34,~~~Ford_Galaxy_1.9_TDI~~~_Euro_3~~~,privat,Angebot,2049,control,bus,2000,manuell,116,galaxy,150000,10,diesel,ford,nein,2016-03-22 00:00:00,0,95448,2016-03-24 09:46:50
4641,2016-03-08 15:37:24,Audi_a4_Unfallschaden,privat,Angebot,300,test,limousine,1997,manuell,125,a4,150000,0,,audi,nein,2016-03-08 00:00:00,0,17109,2016-04-06 06:46:33
297021,2016-03-07 13:45:07,Opel_Astra_2.0_16V_Turbo_Coupe_Daytona,privat,Angebot,2999,control,coupe,2004,manuell,200,astra,150000,10,benzin,opel,nein,2016-03-07 00:00:00,0,28816,2016-03-16 12:16:06
36515,2016-04-03 22:51:31,Mazda_3_1.6_Sport_Exclusive_mit_LPG_Gasanlage,privat,Angebot,3800,control,limousine,2005,manuell,105,3_reihe,150000,3,lpg,mazda,nein,2016-04-03 00:00:00,0,13629,2016-04-06 00:45:18
192378,2016-04-03 19:52:40,Volvo_V70_2.5_144PS_Kupplung+Zahnriemen+Inspektion_NEU,privat,Angebot,2499,test,kombi,1997,manuell,144,v70,150000,10,benzin,volvo,nein,2016-04-03 00:00:00,0,49074,2016-04-05 20:45:20
152382,2016-03-09 20:57:16,Opel_Omega_b,privat,Angebot,500,test,kombi,1995,manuell,105,omega,150000,0,benzin,opel,ja,2016-03-09 00:00:00,0,4103,2016-04-05 18:46:42
172966,2016-03-21 18:47:08,*Opel_Corsa_*_14.500km_*_SERVICE_NEU_*,privat,Angebot,7850,test,,2017,manuell,70,corsa,20000,5,benzin,opel,nein,2016-03-21 00:00:00,0,45327,2016-03-22 23:47:01
26133,2016-03-27 19:25:21,Mercedes_Benz_A_170_Avantgarde__1._Hand__PDC__Sitzheizung__etc,privat,Angebot,4500,test,limousine,2005,manuell,116,a_klasse,125000,4,benzin,mercedes_benz,nein,2016-03-27 00:00:00,0,35398,2016-03-31 07:45:42
140501,2016-03-18 10:38:17,Ford_Focus_Turnier_2.0_16V_Style,privat,Angebot,5300,control,kombi,2007,manuell,145,focus,80000,5,benzin,ford,nein,2016-03-18 00:00:00,0,18146,2016-03-22 10:45:05
302102,2016-03-07 13:40:36,Mercedes_Benz_B_180_BE_SPORT_TOP_Ausstattung_AHK_Garantie,privat,Angebot,14190,control,bus,2010,manuell,116,b_klasse,50000,7,benzin,mercedes_benz,nein,2016-03-07 00:00:00,0,58099,2016-04-04 02:16:42
352216,2016-03-12 11:25:34,Omega_b_3.0_v6_vollausstattung,privat,Angebot,900,test,limousine,2000,automatik,211,omega,150000,7,benzin,opel,,2016-03-12 00:00:00,0,65556,2016-03-31 22:18:43
188195,2016-03-17 10:37:40,Mercedes_Benz_vaneo,privat,Angebot,2600,test,bus,2004,manuell,0,andere,150000,3,diesel,mercedes_benz,nein,2016-03-17 00:00:00,0,92637,2016-03-19 10:46:35
212236,2016-03-27 14:56:49,VW_Golf_3_1.8_75ps,privat,Angebot,250,control,,2016,manuell,75,golf,150000,0,benzin,volkswagen,ja,2016-03-27 00:00:00,0,47475,2016-03-27 14:56:49
12852,2016-04-03 20:59:06,OPEL_CALIBRA_2_0_I,privat,Angebot,1150,test,coupe,1994,manuell,115,calibra,150000,11,benzin,opel,,2016-04-03 00:00:00,0,16515,2016-04-05 21:47:38
145077,2016-03-11 13:51:26,Verkaufe_Nissan_Micra_I_Way_K12_Pure_Drive,privat,Angebot,6200,test,kleinwagen,2010,manuell,65,micra,40000,4,benzin,nissan,,2016-03-11 00:00:00,0,21644,2016-03-15 04:17:21
50473,2016-03-21 16:36:22,Mercedes_Benz_280_SEL_RARITÄT,privat,Angebot,6990,control,limousine,1983,automatik,185,andere,150000,4,benzin,mercedes_benz,nein,2016-03-21 00:00:00,0,64342,2016-04-06 17:46:52
117584,2016-03-10 15:25:22,Volkswagen_Golf_1.6_FSI_Trendline,privat,Angebot,6666,test,limousine,2007,manuell,116,golf,125000,6,benzin,volkswagen,nein,2016-03-10 00:00:00,0,65527,2016-04-05 19:17:59
210837,2016-03-19 13:42:48,Fiat_Punto_Typ188,privat,Angebot,200,test,kleinwagen,2000,manuell,80,punto,150000,7,benzin,fiat,,2016-03-19 00:00:00,0,91207,2016-03-19 13:42:48
198591,2016-03-13 16:47:56,Fiat_Punto_zu_verkaufen_hat_noch_ein_Jahr_TÜV,privat,Angebot,899,test,kleinwagen,2002,manuell,0,punto,150000,6,benzin,fiat,,2016-03-13 00:00:00,0,27777,2016-03-17 13:45:35
17234,2016-03-08 20:56:01,Opel_Astra_h_gtc_1.6,privat,Angebot,8499,control,kleinwagen,2009,manuell,116,astra,70000,0,benzin,opel,nein,2016-03-08 00:00:00,0,24988,2016-04-03 20:18:17
303425,2016-03-26 18:45:54,Verkaufe_oder_tausche_bmw_e36_320_mpacket,privat,Angebot,1500,test,,2000,manuell,0,3er,150000,7,benzin,bmw,nein,2016-03-26 00:00:00,0,67663,2016-03-29 21:19:05
156162,2016-03-07 16:36:21,mercedes_benz_310_pritsche,privat,Angebot,3800,control,,2017,manuell,102,,150000,9,,mercedes_benz,nein,2016-03-07 00:00:00,0,66113,2016-03-21 04:15:24
351038,2016-03-21 20:49:03,Ford_Fiesta_1.3,privat,Angebot,990,control,kleinwagen,2003,manuell,60,fiesta,150000,3,benzin,ford,ja,2016-03-21 00:00:00,0,42279,2016-03-30 10:16:18
6876,2016-04-04 14:42:48,Ford_Mustang_Shelby_GT_350_Original_Nr._316,privat,Angebot,30000,test,coupe,2007,manuell,305,mustang,125000,8,benzin,ford,nein,2016-04-04 00:00:00,0,32756,2016-04-06 15:46:16
247363,2016-04-04 15:46:54,Fiat_Punto_1.2_SX,privat,Angebot,800,test,kleinwagen,2000,manuell,60,punto,150000,9,benzin,fiat,ja,2016-04-04 00:00:00,0,49716,2016-04-06 17:17:22
59159,2016-03-30 12:06:37,Mazda_RX_8_Renesis,privat,Angebot,15000,test,coupe,2006,manuell,192,rx_reihe,150000,6,benzin,mazda,nein,2016-03-30 00:00:00,0,65527,2016-04-05 13:16:00
219997,2016-03-15 09:56:35,Volkswagen_Golf_1.4_Trendline,privat,Angebot,7000,control,limousine,2009,manuell,80,golf,70000,5,benzin,volkswagen,nein,2016-03-15 00:00:00,0,3048,2016-03-23 15:47:07
302561,2016-03-17 11:52:41,Sharan_2.0_HIGHLINE_XENON_NAVI,privat,Angebot,3200,control,kombi,2006,,0,sharan,150000,0,diesel,volkswagen,,2016-03-17 00:00:00,0,40210,2016-03-17 11:52:41
98380,2016-03-14 15:52:59,Hyundai_Getz_1.3_Team_06_Tuev_03/2018_Klima,privat,Angebot,3499,control,kleinwagen,2005,manuell,86,getz,50000,5,benzin,hyundai,nein,2016-03-14 00:00:00,0,47800,2016-03-24 23:47:22
17637,2016-04-02 00:46:56,Ford_Fiesta_1.25_Trend___2._Hand___109000km,privat,Angebot,5200,test,kleinwagen,2008,manuell,82,fiesta,125000,9,benzin,ford,nein,2016-04-01 00:00:00,0,40597,2016-04-06 04:16:29
26136,2016-03-13 16:06:20,Volkswagen_Golf_1.4_TSI_Comfortline,privat,Angebot,8900,test,limousine,2010,manuell,122,golf,125000,2,benzin,volkswagen,nein,2016-03-13 00:00:00,0,65439,2016-04-06 16:17:13
293346,2016-03-09 20:51:48,Suzuki_Vitara_Cabrio/Gelaendewagen,privat,Angebot,2200,test,suv,1997,manuell,97,andere,150000,10,benzin,suzuki,nein,2016-03-09 00:00:00,0,49406,2016-03-12 22:46:12
3484,2016-03-05 23:47:22,??Golf_4_1.9_Tdi_??_Unfallfahrzeug_??,privat,Angebot,0,control,limousine,2002,manuell,150,golf,150000,0,diesel,volkswagen,,2016-03-05 00:00:00,0,27749,2016-03-10 05:16:07
95600,2016-04-04 11:55:32,Audi_A4_Avant,privat,Angebot,3800,control,kombi,2001,manuell,135,a4,150000,10,benzin,audi,,2016-04-04 00:00:00,0,56746,2016-04-06 13:44:28
334090,2016-03-29 21:53:49,Volkswagen_T2_ab_Zwitttermodell,privat,Angebot,4900,test,bus,1972,manuell,50,transporter,100000,4,benzin,volkswagen,nein,2016-03-29 00:00:00,0,78048,2016-03-29 22:43:23
104465,2016-03-05 20:49:14,MERCEDES_E_KLASSE_W211_AVANTGARDEservice_neu__FESTPREIS,privat,Angebot,5300,control,kombi,2003,manuell,150,e_klasse,150000,5,diesel,mercedes_benz,nein,2016-03-05 00:00:00,0,6217,2016-03-15 03:17:23
132544,2016-03-05 20:57:33,OPEL_ASTRA_1_8_+++_TÜV_NEU__UNFALLFREI__Scheckheftgepflegt,privat,Angebot,3900,control,limousine,2004,manuell,125,astra,150000,12,benzin,opel,nein,2016-03-05 00:00:00,0,13589,2016-03-07 20:18:00
6128,2016-03-09 20:52:07,Meriva_neuer_TueV/AHK/Sitzheizung,privat,Angebot,4250,test,kombi,2008,manuell,105,meriva,150000,11,benzin,opel,nein,2016-03-09 00:00:00,0,8294,2016-03-12 22:46:12
10074,2016-03-25 16:44:36,Ford_Ka_Lufthansa_Edition__Preis_gesenkt!!!!__,privat,Angebot,200,control,kleinwagen,1998,manuell,59,ka,125000,2,benzin,ford,ja,2016-03-25 00:00:00,0,31840,2016-04-06 21:15:29
243115,2016-03-29 19:52:59,VW_T4_Multivan,privat,Angebot,4900,control,bus,1996,manuell,102,transporter,150000,6,diesel,volkswagen,,2016-03-29 00:00:00,0,91785,2016-03-29 19:52:59
350421,2016-03-22 19:58:53,Mercedes_Benz_G_350_BlueTEC_7G_TRONIC,privat,Angebot,68500,test,suv,2014,automatik,211,g_klasse,50000,6,diesel,mercedes_benz,nein,2016-03-22 00:00:00,0,45711,2016-04-06 14:17:12
269271,2016-04-04 11:45:35,Porsche_911_Coupe_G_Chrom_Modell_mit_Aufstellfenster,privat,Angebot,29500,control,coupe,1978,manuell,165,911,150000,9,benzin,porsche,nein,2016-04-04 00:00:00,0,26135,2016-04-06 12:45:07
299430,2016-03-30 22:51:18,Mercedes_Benz_280_SE_Oldtimer_Bj_68_Klima_keine_Heckflosse,privat,Angebot,9999,control,limousine,1968,automatik,0,s_klasse,100000,1,benzin,mercedes_benz,,2016-03-30 00:00:00,0,91161,2016-04-05 15:46:34
17721,2016-03-09 17:48:46,Volkswagen_Golf_2.0_TDI_BlueMotion_Technology_DSG_Highline,privat,Angebot,21490,test,limousine,2015,automatik,150,golf,20000,5,diesel,volkswagen,nein,2016-03-09 00:00:00,0,24113,2016-04-07 10:44:31
88447,2016-03-08 02:36:18,Suzuki_Jimny_1.5_DDIS_Schneeschild_Winterdienst_Snoway,privat,Angebot,4990,control,suv,2007,manuell,85,,150000,5,diesel,suzuki,nein,2016-03-08 00:00:00,0,78048,2016-03-11 06:45:10
291284,2016-04-03 19:58:29,Volkswagen_Passat_Variant_2.0_TDI_DPF_Comfortline_Blue_...,privat,Angebot,6700,test,kombi,2009,manuell,110,passat,150000,6,diesel,volkswagen,nein,2016-04-03 00:00:00,0,66636,2016-04-05 20:45:44
47379,2016-03-25 13:44:26,Renault_R_5_Aut.,privat,Angebot,3500,test,kleinwagen,1989,automatik,67,andere,50000,3,benzin,renault,nein,2016-03-25 00:00:00,0,81669,2016-04-06 15:44:52
73873,2016-03-23 22:54:26,Volkswagen_Passat_Variant_2.0_TDI_Highline,privat,Angebot,5800,test,kombi,2008,automatik,140,passat,150000,8,diesel,volkswagen,nein,2016-03-23 00:00:00,0,14641,2016-04-06 15:17:33
141247,2016-03-16 23:43:32,Opel_Zafira_A_2.0_TDI_mit_AHK,privat,Angebot,0,test,bus,2002,manuell,101,zafira,150000,11,diesel,opel,,2016-03-16 00:00:00,0,24943,2016-03-17 22:18:14
308424,2016-03-16 21:39:15,Saab_9_3_2.0_Turbo_Aero,privat,Angebot,2500,control,limousine,2001,manuell,205,andere,150000,1,benzin,saab,ja,2016-03-16 00:00:00,0,33415,2016-04-07 08:46:25
285510,2016-03-27 15:52:32,VW_T4_2.5_Diesel_Transporter_9.Sitzer_Top_Zustand__Modell_2001,privat,Angebot,3200,control,,2000,manuell,102,transporter,150000,12,diesel,volkswagen,,2016-03-27 00:00:00,0,37154,2016-04-05 10:49:45
42170,2016-03-24 13:51:17,Volkswagen_Golf_2_Rat_style_TÜV_NEU,privat,Angebot,1250,control,limousine,1988,manuell,54,golf,125000,11,benzin,volkswagen,nein,2016-03-24 00:00:00,0,71665,2016-04-07 05:46:38
130338,2016-03-29 17:57:49,Porsche_Boxster_S__295PS___Klappe__PASM__PCM__BOSE,privat,Angebot,28500,control,cabrio,2009,manuell,295,boxster,80000,1,benzin,porsche,nein,2016-03-29 00:00:00,0,78579,2016-04-02 06:44:24
232386,2016-03-10 22:53:47,Opel_Astra_G__1.6_benzin_NICHT_GERAUCHT_.TUV__bis_2016_.06,privat,Angebot,2000,control,limousine,2000,manuell,85,astra,150000,11,benzin,opel,nein,2016-03-10 00:00:00,0,47166,2016-03-15 10:45:05
67090,2016-03-20 23:36:19,HARTGE_H5_3.5_535i_E28_M535i_240PS,privat,Angebot,14900,control,limousine,1984,manuell,240,5er,150000,12,benzin,bmw,,2016-03-20 00:00:00,0,45327,2016-03-21 07:42:36
37599,2016-03-13 21:47:22,Astra_F_1.6i_75_PS,privat,Angebot,199,test,,2000,manuell,75,astra,150000,0,benzin,opel,,2016-03-13 00:00:00,0,17358,2016-04-06 19:16:52
169194,2016-03-09 00:54:55,Opel_Corsa_1.2_16V,privat,Angebot,2280,test,kleinwagen,2002,manuell,75,corsa,100000,3,benzin,opel,nein,2016-03-08 00:00:00,0,52428,2016-03-09 15:47:13
30938,2016-03-20 19:45:43,Golf3_mit_diversen_Maengeln_abzugeben,privat,Angebot,500,test,kombi,1997,manuell,75,golf,150000,2,benzin,volkswagen,ja,2016-03-20 00:00:00,0,29386,2016-03-27 09:16:01
274855,2016-03-17 18:56:42,Saab_9_3_150PS_2.Hd_Serviceheft_8_fach_bereift,privat,Angebot,3875,control,limousine,2004,manuell,150,andere,125000,3,benzin,saab,nein,2016-03-17 00:00:00,0,42553,2016-04-07 07:17:06
175113,2016-04-01 16:52:50,Audi_A6_3.2_FSI_quattro_tiptronic,privat,Angebot,12500,control,limousine,2004,automatik,256,a6,125000,12,benzin,audi,nein,2016-04-01 00:00:00,0,66649,2016-04-05 12:17:26
283940,2016-03-26 22:38:20,Chevrolet_Cruze_+1.Hand+60000km+TÜV_11/17+8_fach_bereift,privat,Angebot,6800,test,limousine,2012,manuell,113,andere,60000,9,benzin,chevrolet,,2016-03-26 00:00:00,0,42859,2016-04-06 16:16:38
355512,2016-03-11 00:51:36,Opel_Astra_F_Karosse_2/3Tuerer,privat,Angebot,150,test,,2000,,0,astra,150000,0,,opel,,2016-03-10 00:00:00,0,7924,2016-04-06 01:17:19
274846,2016-03-23 18:45:22,Volkswagen_Kaefer,privat,Angebot,13800,test,cabrio,1976,manuell,101,kaefer,100000,1,benzin,volkswagen,nein,2016-03-23 00:00:00,0,57258,2016-03-31 06:17:36
189094,2016-03-16 12:06:24,Volkswagen_gepflegter__VW_Polo,privat,Angebot,2450,test,kleinwagen,2001,manuell,60,polo,70000,6,benzin,volkswagen,nein,2016-03-16 00:00:00,0,61479,2016-03-17 23:30:58
199164,2016-03-28 13:56:28,BMW_320i__E30_,privat,Angebot,3000,test,coupe,1991,manuell,129,3er,150000,0,benzin,bmw,,2016-03-28 00:00:00,0,73240,2016-04-02 18:16:48
257761,2016-03-08 09:56:17,BMW_735i_E65,privat,Angebot,4990,control,limousine,2002,automatik,272,7er,150000,2,benzin,bmw,nein,2016-03-08 00:00:00,0,44629,2016-03-17 14:45:41
103942,2016-04-01 15:38:48,Passat_Kombi_Comfortline_1.9_diesel,privat,Angebot,2000,test,kombi,2003,automatik,101,,150000,0,,volkswagen,,2016-04-01 00:00:00,0,12053,2016-04-07 12:46:17
67455,2016-04-05 09:41:35,Als_Bastlerauto_oder_zur_Aufbereitung,privat,Angebot,500,control,kombi,2001,manuell,90,megane,150000,1,benzin,renault,ja,2016-04-05 00:00:00,0,17235,2016-04-05 09:41:35
110328,2016-03-15 23:42:14,Mercedes_Benz_E_220_T_CDI_Classic,privat,Angebot,3390,control,kombi,2003,automatik,143,e_klasse,150000,3,diesel,mercedes_benz,nein,2016-03-15 00:00:00,0,22049,2016-04-07 09:45:32
262697,2016-03-26 10:47:41,Ford_Mondeo_2.0_Turnier_TDCi_Ghia,privat,Angebot,1800,test,kombi,2003,manuell,131,mondeo,150000,6,diesel,ford,nein,2016-03-26 00:00:00,0,76131,2016-04-03 21:16:25
331232,2016-03-25 15:49:55,BMW_328i,privat,Angebot,2200,test,limousine,1998,manuell,193,3er,150000,7,benzin,bmw,nein,2016-03-25 00:00:00,0,85375,2016-04-06 19:47:30
68648,2016-03-11 20:56:45,Citroën_DS3_THP_155,privat,Angebot,9999,control,kleinwagen,2012,manuell,156,andere,90000,10,benzin,citroen,nein,2016-03-11 00:00:00,0,66265,2016-03-21 12:16:32
268721,2016-04-01 07:36:23,TRABANT_2_Trabbis_wegen_Projektaufgabe_TAUSCH_o._VERKAUF,privat,Angebot,650,test,,1970,manuell,0,601,5000,0,,trabant,,2016-04-01 00:00:00,0,16515,2016-04-07 05:44:40
126710,2016-04-02 10:52:05,Suzuki_Ignis_1.3_X_45,privat,Angebot,5200,test,suv,2007,manuell,94,andere,90000,6,benzin,suzuki,nein,2016-04-02 00:00:00,0,48249,2016-04-06 08:45:12
145200,2016-03-07 14:53:56,WV_T5_Caravelle_Comfortline_Motor:_2_0_l_TDI_132_kW_Allrad,privat,Angebot,24500,control,bus,2012,automatik,134,transporter,150000,5,diesel,volkswagen,,2016-02-22 00:00:00,0,98544,2016-03-09 13:46:20
221003,2016-03-06 16:37:33,Opel_Sintra_2_2_16V,privat,Angebot,899,test,bus,1999,manuell,0,andere,150000,4,benzin,opel,,2016-03-06 00:00:00,0,44145,2016-03-14 23:44:27
290745,2016-04-04 20:53:24,Mazda_MX_5_2.0_MZR_Center_Line,privat,Angebot,14100,control,cabrio,2010,manuell,160,mx_reihe,60000,6,benzin,mazda,nein,2016-04-04 00:00:00,0,71732,2016-04-06 23:18:01
194823,2016-04-03 14:47:21,Opel_Corsa_1.3_CDTI_Style,privat,Angebot,2250,test,kleinwagen,2004,manuell,69,corsa,150000,10,diesel,opel,nein,2016-04-03 00:00:00,0,96271,2016-04-05 13:46:52
270647,2016-03-10 07:56:15,Opel_Corsa_5_Tueren_schiebedach_mit_TÜV,privat,Angebot,650,control,kleinwagen,1998,manuell,60,corsa,150000,2,benzin,opel,nein,2016-03-10 00:00:00,0,49716,2016-04-02 07:48:30
110504,2016-03-22 01:49:48,Audi_A3_1.9_TDI__S_Line_Tuning,privat,Angebot,2550,test,limousine,1999,manuell,90,a3,150000,12,diesel,audi,nein,2016-03-21 00:00:00,0,83342,2016-04-01 17:51:21
314786,2016-04-03 21:45:42,Zum_Ausschlachten_oder_an_Bastler,privat,Angebot,250,test,,2000,,0,,150000,0,,ford,,2016-04-03 00:00:00,0,52457,2016-04-05 22:45:26
321814,2016-03-25 20:53:09,Mercedes_Benz_E_280_CDI_7G_TRONIC_Avantgarde_DPF,privat,Angebot,12000,control,limousine,2007,automatik,190,e_klasse,150000,1,diesel,mercedes_benz,nein,2016-03-25 00:00:00,0,13407,2016-04-07 04:17:04
78950,2016-03-28 14:54:31,VW_Polo_1.4_Trendline_United,privat,Angebot,6299,test,kleinwagen,2009,manuell,80,polo,90000,3,benzin,volkswagen,nein,2016-03-28 00:00:00,0,15562,2016-04-06 19:16:32
144178,2016-03-05 17:58:30,Volkswagen_Touran_1.9_TDI_DPF_Blue_Motion,privat,Angebot,10900,test,bus,2009,manuell,105,touran,150000,1,diesel,volkswagen,nein,2016-03-05 00:00:00,0,23714,2016-03-28 22:44:55
333269,2016-03-22 06:55:55,Verkaufe_Audi_a_4_tdi,privat,Angebot,800,control,limousine,1997,manuell,0,a4,150000,3,diesel,audi,,2016-03-22 00:00:00,0,94139,2016-03-27 21:18:12
254604,2016-03-10 22:46:50,Opel_Astra_Cabrio_Edition_sehr_gepflegt,privat,Angebot,6300,control,cabrio,2007,manuell,105,astra,125000,3,benzin,opel,nein,2016-03-10 00:00:00,0,16259,2016-03-17 17:47:27
333925,2016-03-20 12:25:17,Mitsubishi_Galant_Automatk,privat,Angebot,200,test,kombi,1999,automatik,110,galant,150000,6,benzin,mitsubishi,ja,2016-03-20 00:00:00,0,57610,2016-03-21 17:30:47
132615,2016-03-29 10:51:45,Volkswagen_2.0_TDI_*SCHNÄPPCHEN*_viele_Extras_/_Festpreis,privat,Angebot,6450,control,limousine,2004,manuell,140,golf,150000,11,diesel,volkswagen,nein,2016-03-29 00:00:00,0,28199,2016-04-05 19:46:34
149605,2016-03-08 17:56:02,Mercedes_Benz_E_220_T_CDI_Automatik_Elegance,privat,Angebot,16490,control,kombi,2008,automatik,170,e_klasse,90000,3,diesel,mercedes_benz,nein,2016-03-08 00:00:00,0,81673,2016-03-11 13:44:54
277521,2016-03-12 05:36:20,Renault_Clio_1.6_16V_Initiale_Paris__Leder__Klima,privat,Angebot,499,control,kleinwagen,2000,manuell,107,clio,150000,6,benzin,renault,nein,2016-03-12 00:00:00,0,58256,2016-03-12 08:49:37
332766,2016-03-22 12:45:49,Volkswagen_T3_Kombi,privat,Angebot,3500,control,bus,1979,manuell,50,transporter,125000,3,benzin,volkswagen,nein,2016-03-22 00:00:00,0,19063,2016-04-06 01:16:10
339810,2016-03-10 21:56:08,Opel_Astra_1.9_CDTI_Caravan_DPF_NAVI,privat,Angebot,4099,control,kombi,2008,manuell,101,astra,150000,10,diesel,opel,nein,2016-03-10 00:00:00,0,75382,2016-03-21 19:47:24
118544,2016-03-16 21:57:02,BMW_116i_Urban_Line_F21_schwarz__9/2012__8_fach_bereift,privat,Angebot,13249,control,limousine,2012,manuell,136,1er,60000,9,benzin,bmw,nein,2016-03-16 00:00:00,0,39340,2016-04-07 13:15:36
239129,2016-03-22 20:50:39,Opel_Vectra_B,privat,Angebot,850,control,,2017,manuell,136,vectra,150000,7,,opel,nein,2016-03-22 00:00:00,0,49716,2016-04-04 13:46:14
41752,2016-03-07 09:55:31,Fiat_Punto,privat,Angebot,1300,control,kleinwagen,2000,manuell,60,punto,125000,3,benzin,fiat,nein,2016-03-07 00:00:00,0,63179,2016-03-11 10:45:46
270687,2016-03-07 17:48:16,Leasingvertrag_fuer_BMW_1er_116_i_Alpinweiss_uni;_EZ_06/2014___2017,privat,Angebot,345,test,limousine,2014,automatik,135,1er,20000,6,benzin,bmw,nein,2016-03-07 00:00:00,0,28195,2016-04-06 11:46:16
7122,2016-04-02 19:45:10,Daihatsu_Copen,privat,Angebot,2500,control,cabrio,2006,manuell,87,andere,150000,7,benzin,daihatsu,nein,2016-04-02 00:00:00,0,49479,2016-04-02 19:45:10
253309,2016-03-07 17:46:10,Renault_Clio_TÜV_05/17,privat,Angebot,700,test,kleinwagen,1998,manuell,0,clio,150000,0,benzin,renault,nein,2016-03-07 00:00:00,0,8468,2016-03-28 06:16:30
306798,2016-03-08 20:43:58,Vito_Mixto_Extralang..__6_9_Plaetze_._Scheckheft_Vorhanden,privat,Angebot,5700,control,bus,2003,manuell,109,vito,150000,10,diesel,mercedes_benz,ja,2016-03-08 00:00:00,0,25436,2016-04-05 18:45:22
299214,2016-03-28 15:39:46,Mitsubishi_Outlander_2.4_4WD_Intense,privat,Angebot,8500,control,limousine,2007,manuell,160,outlander,125000,10,benzin,mitsubishi,nein,2016-03-28 00:00:00,0,72818,2016-04-06 20:15:51
329515,2016-03-12 09:56:30,Volkswagen_Golf_2.0_TDI_DPF_DSG_GTD,privat,Angebot,18990,control,limousine,2012,automatik,170,golf,100000,6,diesel,volkswagen,nein,2016-03-12 00:00:00,0,38533,2016-04-06 00:44:47
220639,2016-04-03 16:55:51,Verkaufe_einen_Skoda_Felicia,privat,Angebot,900,control,limousine,1997,manuell,75,andere,100000,2,benzin,skoda,nein,2016-04-03 00:00:00,0,69427,2016-04-05 16:46:28
79230,2016-03-26 23:37:52,Kia_Rio_1.4,privat,Angebot,6300,test,kleinwagen,2011,manuell,97,rio,90000,10,benzin,kia,nein,2016-03-26 00:00:00,0,40721,2016-04-07 03:15:29
289829,2016-03-19 19:54:43,Audi_A3_8L_mit_TÜV_bis_03.2018.,privat,Angebot,1450,control,kleinwagen,1997,manuell,105,,150000,12,benzin,audi,nein,2016-03-19 00:00:00,0,87439,2016-03-27 12:44:23
284363,2016-03-25 23:52:37,Nissan_Micra_TÜV_2017,privat,Angebot,2500,control,limousine,2004,manuell,80,micra,125000,5,benzin,nissan,nein,2016-03-25 00:00:00,0,12623,2016-03-27 18:47:52
55734,2016-04-02 17:51:01,Renault_Scenic,privat,Angebot,700,control,limousine,1999,manuell,109,scenic,150000,4,benzin,renault,nein,2016-04-02 00:00:00,0,66113,2016-04-06 17:17:46
8089,2016-03-13 17:46:15,Volkswagen_Multivan,privat,Angebot,30000,control,bus,2012,,0,transporter,100000,3,diesel,volkswagen,nein,2016-03-13 00:00:00,0,88484,2016-04-06 17:46:29
56765,2016-03-30 14:53:56,Bmw_320d_Facelift,privat,Angebot,10500,control,kombi,2008,automatik,170,3er,150000,10,diesel,bmw,nein,2016-03-30 00:00:00,0,38820,2016-03-30 14:53:56
46368,2016-03-13 01:00:10,BMW_520d_Touring___Panoramadach_,privat,Angebot,7490,control,kombi,2006,manuell,163,5er,150000,4,diesel,bmw,nein,2016-03-13 00:00:00,0,86156,2016-03-17 12:45:15
10625,2016-03-07 13:49:23,1.HAND_Scheckheftgepflegt_Motor_Getriebe_Tip_top,privat,Angebot,999,control,limousine,1990,manuell,136,vectra,150000,11,benzin,opel,nein,2016-03-06 00:00:00,0,60486,2016-03-12 19:20:35
103074,2016-03-11 13:50:00,Baustellenfahrzeug_opel_vectra,privat,Angebot,200,test,kombi,1997,manuell,0,vectra,150000,0,benzin,opel,ja,2016-03-11 00:00:00,0,34127,2016-03-11 13:50:00
332752,2016-03-07 20:44:40,GOLF_4_1.6sr,privat,Angebot,1400,test,,2017,manuell,101,golf,125000,0,benzin,volkswagen,,2016-03-07 00:00:00,0,72459,2016-04-05 13:46:39
347852,2016-04-02 16:47:07,Ford_1.2_ka_Start_Stopp_Automatik,privat,Angebot,5300,control,kleinwagen,2011,manuell,69,ka,100000,5,benzin,ford,,2016-04-02 00:00:00,0,87509,2016-04-06 15:46:43
334936,2016-03-07 16:54:24,MAZDA_323_f__Guenstige_Preis_!!!!!,privat,Angebot,1100,control,limousine,2000,manuell,0,3_reihe,150000,0,benzin,mazda,nein,2016-03-07 00:00:00,0,57610,2016-03-10 08:46:07
263087,2016-03-16 19:43:55,Bmw_316i_M_Paket_Tuev_Neu,privat,Angebot,1600,test,limousine,2000,manuell,105,3er,150000,5,benzin,bmw,nein,2016-03-16 00:00:00,0,78713,2016-03-17 18:16:04
344502,2016-03-27 13:56:03,Mazda_5_1.8_Exclusive,privat,Angebot,8000,test,bus,2009,manuell,116,5_reihe,90000,1,benzin,mazda,nein,2016-03-27 00:00:00,0,4157,2016-04-07 09:46:26
127735,2016-03-12 20:53:18,Opel_Kadett_E,privat,Angebot,900,test,limousine,1991,automatik,75,kadett,100000,3,benzin,opel,nein,2016-03-12 00:00:00,0,23843,2016-04-05 12:18:55
214087,2016-03-25 13:37:56,Tausche_oder_verkaufe_BMW_316i_M_packet_Tuev_2.2018_gg_honda_crx,privat,Angebot,2000,test,limousine,1995,manuell,140,3er,150000,0,benzin,bmw,ja,2016-03-25 00:00:00,0,40595,2016-04-02 16:44:44
44444,2016-03-23 21:53:54,Mercedes_Benz_ML_320_CDI_4Matic_7G_TRONIC_DPF,privat,Angebot,18400,test,suv,2007,automatik,224,m_klasse,150000,7,diesel,mercedes_benz,nein,2016-03-23 00:00:00,0,57368,2016-04-06 05:17:02
342364,2016-04-01 11:59:00,Vito_Mixto__LKW_Zulassung__ATM_43000_km,privat,Angebot,10999,test,bus,2008,automatik,150,vito,150000,0,diesel,mercedes_benz,,2016-04-01 00:00:00,0,12487,2016-04-07 08:46:07
240668,2016-03-16 20:47:07,Toyota_Yaris____Cool,privat,Angebot,3500,control,,2016,,0,yaris,150000,8,,toyota,,2016-03-16 00:00:00,0,37124,2016-03-16 20:47:07
119486,2016-03-07 15:54:23,_Zu_Verkaufen__Opel_Corsa_1.0_12V_World_Cup,privat,Angebot,650,control,kleinwagen,1998,manuell,54,corsa,150000,4,benzin,opel,nein,2016-03-07 00:00:00,0,32257,2016-03-17 00:17:47
276327,2016-03-28 20:50:34,Golf_3_Cabrio,privat,Angebot,800,control,,2016,manuell,90,golf,150000,5,,volkswagen,nein,2016-03-28 00:00:00,0,25524,2016-04-07 03:44:36
35476,2016-03-17 17:25:23,BMW_X3_Panorama/Sportsitze/Sitzheitzung/Sportlenkrad,privat,Angebot,12900,test,suv,2007,manuell,150,x_reihe,150000,3,diesel,bmw,nein,2016-03-17 00:00:00,0,56154,2016-04-06 16:16:25
195427,2016-03-05 17:44:45,Mercedes_Benz_E_230,privat,Angebot,3250,test,limousine,1985,manuell,136,e_klasse,150000,3,benzin,mercedes_benz,nein,2016-03-05 00:00:00,0,49767,2016-04-07 07:45:28
26205,2016-04-01 15:48:39,Jaguar_XF_3.0_V6_Premium_Luxury,privat,Angebot,13000,test,limousine,2008,automatik,238,andere,150000,12,benzin,jaguar,ja,2016-04-01 00:00:00,0,53797,2016-04-07 14:55:59
81235,2016-03-24 09:57:17,BMW_318i_E90_NAVI_XENON_UNFALLFREI__KURVENLICHT,privat,Angebot,10500,control,limousine,2006,manuell,129,3er,125000,9,benzin,bmw,nein,2016-03-24 00:00:00,0,1705,2016-04-04 21:16:13
31602,2016-03-29 09:56:56,Opel_Vivaro_Tranporter_2_9_t_Langversion_L2_H1__im_super_Zustand,privat,Angebot,4990,test,suv,2004,manuell,101,vivaro,150000,3,diesel,opel,nein,2016-03-29 00:00:00,0,92637,2016-04-03 09:36:41
116017,2016-03-30 20:50:18,VW_GOLF_3_gepflegt_Schiebedach_TÜV_NEU_bis_03/2018_Service_NEU,privat,Angebot,1250,control,limousine,1997,manuell,90,golf,150000,5,benzin,volkswagen,nein,2016-03-30 00:00:00,0,1127,2016-04-05 10:47:34
302111,2016-03-24 15:49:08,Ford_Fiesta_Motorschaden,privat,Angebot,200,test,limousine,1997,manuell,75,fiesta,150000,4,benzin,ford,ja,2016-03-24 00:00:00,0,29525,2016-04-07 07:46:39
166893,2016-03-15 13:50:45,Mercedes_Benz_C_250_T_CDI_DPF_Automatik_BlueEFFICIENCY_Avantga,privat,Angebot,9200,control,kombi,2009,automatik,204,c_klasse,150000,12,diesel,mercedes_benz,nein,2016-03-15 00:00:00,0,22763,2016-03-21 10:17:25
115112,2016-03-19 17:42:27,Audi_A3_8L_FACELIFT_1_6_75_kw_/_102_PS_Bj_2002_VIELE_NEUTEILE,privat,Angebot,2499,control,kombi,2002,manuell,102,a3,150000,6,benzin,audi,nein,2016-03-19 00:00:00,0,22559,2016-03-19 17:42:27
349657,2016-04-04 19:39:48,Opel_Corsa_Sport,privat,Angebot,500,test,kleinwagen,1993,manuell,82,corsa,125000,11,benzin,opel,nein,2016-04-04 00:00:00,0,9648,2016-04-04 19:39:48
122112,2016-03-29 07:55:50,Renault_Megane_Scenic_1.9_Diesel_Automatik___Klima___Tempomat,privat,Angebot,950,test,bus,2000,automatik,0,scenic,150000,9,diesel,renault,nein,2016-03-29 00:00:00,0,27749,2016-04-03 15:46:52
62455,2016-03-20 13:47:39,Renault_Twingo_75_PS_1.2_16V_8_fach_bereift_1_Jahr_TÜV,privat,Angebot,1000,test,kleinwagen,2001,manuell,75,twingo,150000,5,benzin,renault,nein,2016-03-20 00:00:00,0,78532,2016-04-06 15:16:16
32856,2016-03-31 21:57:46,Volkswagen_Golf_1.4_Special_Erdgas_Tuev_2017,privat,Angebot,1600,test,kleinwagen,2002,manuell,75,golf,150000,1,cng,volkswagen,nein,2016-03-31 00:00:00,0,38518,2016-03-31 22:39:06
101834,2016-03-21 21:44:56,Ford_Galaxy_2.3_TÜV,privat,Angebot,850,control,bus,2000,manuell,145,galaxy,150000,11,benzin,ford,nein,2016-03-21 00:00:00,0,49809,2016-03-24 11:16:59
161032,2016-03-21 18:39:52,Mercedes_G_460.2_Kombi_geschlossen,privat,Angebot,16000,test,suv,1979,manuell,90,g_klasse,150000,10,lpg,mercedes_benz,nein,2016-03-21 00:00:00,0,46325,2016-04-04 17:47:35
54300,2016-04-02 21:48:15,Renault__Clio_2_mit_LPG_Gasanlage__Tuev_9/2017,privat,Angebot,1500,test,kleinwagen,2001,manuell,75,clio,150000,4,lpg,renault,nein,2016-04-02 00:00:00,0,32423,2016-04-06 22:44:41
85740,2016-03-24 09:46:21,OPEL_ASTRA__H__1_4_L__KOMBI__KLIMA_ALLWETTERREIFEN,privat,Angebot,2850,control,kombi,2005,manuell,90,astra,150000,3,benzin,opel,nein,2016-03-24 00:00:00,0,21706,2016-04-02 22:19:37
124334,2016-03-09 17:52:02,Opel_Zafira_1.9CDTI_Automatik_Edition_DPF/TÜV_NEU/AHK,privat,Angebot,4500,test,bus,2006,automatik,150,zafira,150000,2,diesel,opel,nein,2016-03-09 00:00:00,0,76596,2016-04-01 13:46:43
42480,2016-03-28 17:49:12,Vectra_Caravan_1.6_mit__AHK__Tuev_____2/_2018,privat,Angebot,999,test,kombi,1998,manuell,101,vectra,150000,10,benzin,opel,,2016-03-28 00:00:00,0,94336,2016-04-01 02:46:11
88565,2016-03-09 13:50:51,Isuzu_D_Max_4X4_Space_Cab_Custom_LS,privat,Angebot,21000,control,suv,2012,manuell,163,,50000,8,diesel,sonstige_autos,nein,2016-03-09 00:00:00,0,96352,2016-04-06 04:45:05
88764,2016-03-09 22:53:53,Peugeot_406_Automatik_2004,privat,Angebot,3650,test,limousine,2004,automatik,116,4_reihe,150000,4,benzin,peugeot,nein,2016-03-09 00:00:00,0,20537,2016-03-17 02:17:59
281247,2016-03-19 12:49:59,BMW_118i_E87,privat,Angebot,1750,test,limousine,2005,manuell,129,1er,150000,5,benzin,bmw,ja,2016-03-19 00:00:00,0,67149,2016-03-19 12:49:59
65797,2016-03-19 20:53:19,MX5_zu_verkaufen_oder_Tauschen!!,privat,Angebot,0,control,cabrio,1991,manuell,116,mx_reihe,150000,1,benzin,mazda,,2016-03-19 00:00:00,0,39112,2016-03-22 03:16:24
295061,2016-04-04 22:32:05,Verkaufe_Volkswagen_Polo_1.4_Liter_3_tuerig,privat,Angebot,1500,control,kleinwagen,1998,manuell,75,polo,100000,2,benzin,volkswagen,nein,2016-04-04 00:00:00,0,65529,2016-04-05 11:49:51
205787,2016-03-10 18:54:12,BMW_X1_sDrive20d,privat,Angebot,18590,test,limousine,2010,automatik,177,x_reihe,100000,1,diesel,bmw,nein,2016-03-10 00:00:00,0,42111,2016-03-29 15:16:23
56087,2016-03-15 08:37:22,Volkswagen_Golf_1.4,privat,Angebot,5499,test,limousine,2005,manuell,75,golf,90000,7,benzin,volkswagen,nein,2016-03-15 00:00:00,0,73563,2016-03-18 01:47:22
270312,2016-03-24 22:44:27,Renault_clio_1_2_BJ:_2001_benzine_Blau_metallic_TÜV_12_2017,privat,Angebot,600,control,kleinwagen,2001,manuell,60,clio,150000,6,benzin,renault,,2016-03-24 00:00:00,0,46483,2016-04-01 20:17:47
161458,2016-03-07 18:37:55,BMW_318i_Limosine,privat,Angebot,500,control,limousine,1994,manuell,851,,150000,3,benzin,bmw,,2016-03-07 00:00:00,0,93059,2016-03-17 16:45:34
230579,2016-03-15 14:53:19,Getriebe_Ducato__Jumper___Boxer,privat,Angebot,350,control,bus,1998,manuell,105,ducato,150000,4,diesel,fiat,,2016-03-15 00:00:00,0,24937,2016-04-06 06:45:39
216346,2016-03-17 17:36:56,Mercedes_Benz_A_160,privat,Angebot,1049,control,limousine,1999,automatik,102,a_klasse,150000,10,benzin,mercedes_benz,nein,2016-03-17 00:00:00,0,44532,2016-03-17 18:41:55
368957,2016-04-03 16:50:43,Ford_Focus_Kombi,privat,Angebot,1149,control,,2016,manuell,101,focus,150000,0,benzin,ford,nein,2016-04-03 00:00:00,0,41334,2016-04-05 16:46:03
242333,2016-03-12 01:32:35,Focus_C__Max,privat,Angebot,4800,test,limousine,2005,manuell,115,c_max,80000,6,benzin,ford,nein,2016-03-12 00:00:00,0,56076,2016-03-15 17:46:37
109060,2016-03-21 19:51:34,VW_Fox_blau,privat,Angebot,2750,test,,2016,manuell,65,fox,125000,0,benzin,volkswagen,,2016-03-21 00:00:00,0,21107,2016-04-06 22:46:02
358982,2016-03-20 10:38:32,Peugeot_407_SW_HDi_135_Automatik_Sport,privat,Angebot,7299,control,kombi,2007,automatik,136,4_reihe,125000,6,diesel,peugeot,nein,2016-03-20 00:00:00,0,22549,2016-04-06 06:17:40
214586,2016-03-22 10:57:42,VW_T3__Red_Devil,privat,Angebot,2200,control,bus,1987,manuell,59,transporter,150000,9,,volkswagen,,2016-03-22 00:00:00,0,87752,2016-03-25 03:17:36
142062,2016-03-18 21:46:26,Opel_Agila_1.2_16_V__8_fach_bereift,privat,Angebot,3500,control,kleinwagen,2004,manuell,80,agila,100000,9,benzin,opel,nein,2016-03-18 00:00:00,0,22307,2016-04-05 22:47:33
193597,2016-03-05 14:28:50,Chrysler_300c_Top_Zustand._3.0_Diesel._Tausch_moeglich,privat,Angebot,12500,test,kombi,2007,automatik,218,300c,150000,9,diesel,chrysler,nein,2016-03-05 00:00:00,0,55116,2016-03-17 11:16:44
228806,2016-03-08 15:52:04,Mazda_6_Kombi_mit_Gasanlage,privat,Angebot,1500,test,kombi,2003,,0,6_reihe,150000,4,benzin,mazda,,2016-03-08 00:00:00,0,18507,2016-03-08 15:52:04
163651,2016-03-13 00:50:40,Opel_Astra_1.9_CDTI_DPF,privat,Angebot,2999,control,limousine,2006,manuell,101,astra,150000,10,diesel,opel,nein,2016-03-12 00:00:00,0,69483,2016-03-30 01:47:15
224890,2016-03-25 17:31:39,Opel_Vectra_2.2_GTS,privat,Angebot,2500,control,limousine,2003,manuell,147,vectra,150000,7,benzin,opel,nein,2016-03-25 00:00:00,0,57577,2016-04-07 11:45:26
230302,2016-03-14 21:52:21,gut_erhaltener_Lupo,privat,Angebot,1600,test,,2017,manuell,50,lupo,150000,7,benzin,volkswagen,nein,2016-03-14 00:00:00,0,34305,2016-04-06 14:46:48
300838,2016-04-01 23:37:31,Opel_Astra_Cabrio_1.6_16V_Linea_Rossa,privat,Angebot,2850,control,cabrio,2004,manuell,103,astra,150000,11,benzin,opel,nein,2016-04-01 00:00:00,0,45139,2016-04-06 05:16:59
251941,2016-03-30 19:55:12,Renault_Laguna_Grandtour_1.9_dCi_FAP_Authentique,privat,Angebot,1650,test,kombi,2006,manuell,110,laguna,150000,10,diesel,renault,ja,2016-03-30 00:00:00,0,21481,2016-04-05 09:16:34
56199,2016-03-13 14:45:32,Volkswagen_Bora_2.0L,privat,Angebot,1850,test,limousine,1999,automatik,110,bora,125000,3,benzin,volkswagen,,2016-03-13 00:00:00,0,38126,2016-03-15 17:46:44
224070,2016-03-19 14:58:38,Volkswagen_Golf_Variant_1.9_TDI_GT_Sport,privat,Angebot,2350,test,kombi,2003,manuell,131,golf,150000,10,diesel,volkswagen,nein,2016-03-19 00:00:00,0,41749,2016-03-28 18:15:27
17823,2016-04-03 12:57:59,Opel_Astra_1.3_CDTI__Russpartikelfilter__Neu_,privat,Angebot,4500,control,limousine,2006,manuell,90,astra,150000,4,diesel,opel,nein,2016-04-03 00:00:00,0,84529,2016-04-05 11:47:20
332272,2016-03-20 23:59:17,Honda_Accord_2.0_i_Comfort,privat,Angebot,8390,control,limousine,2006,manuell,155,accord,125000,5,benzin,honda,nein,2016-03-20 00:00:00,0,79395,2016-04-05 21:16:25
65483,2016-03-24 21:58:15,BMW_X3_xDrive20d_Aut.,privat,Angebot,46200,test,limousine,2015,automatik,190,x_reihe,10000,9,diesel,bmw,nein,2016-03-24 00:00:00,0,84130,2016-04-05 20:19:25
51647,2016-04-06 23:36:20,Volkswagen_Corrado_vr6_turbo_hgp_gulf_76_Inzahlungsnahme,privat,Angebot,0,control,,1990,manuell,0,,150000,0,,volkswagen,,2016-04-06 00:00:00,0,35789,2016-04-07 02:25:32
115959,2016-03-29 00:57:17,Opel_Tigra_Twintop,privat,Angebot,2500,test,cabrio,2005,,90,tigra,150000,3,benzin,opel,ja,2016-03-29 00:00:00,0,26388,2016-04-05 14:47:31
151086,2016-03-29 17:53:20,BMW_318i_E36,privat,Angebot,500,control,limousine,1994,manuell,116,3er,150000,0,benzin,bmw,,2016-03-29 00:00:00,0,36211,2016-04-06 03:45:22
250769,2016-03-12 15:55:22,Audi_A3_Cabrio_Ambition_2.0_TDI_6_Gang,privat,Angebot,19990,control,cabrio,2011,manuell,140,a3,60000,3,diesel,audi,nein,2016-03-12 00:00:00,0,64401,2016-04-07 04:44:26
284074,2016-03-08 04:00:05,Volkswagen_Polo_1.2,privat,Angebot,2400,control,kleinwagen,2003,manuell,64,polo,125000,3,benzin,volkswagen,nein,2016-03-08 00:00:00,0,48268,2016-04-06 10:44:45
53807,2016-03-15 09:53:18,Vw_Polo_TÜV_Juli_2016,privat,Angebot,500,control,kleinwagen,1998,manuell,60,polo,5000,2,benzin,volkswagen,nein,2016-03-15 00:00:00,0,36355,2016-03-21 05:18:01
359229,2016-04-04 19:52:20,Smart_forfour_pulse,privat,Angebot,3599,test,kleinwagen,2005,manuell,95,forfour,150000,4,benzin,smart,nein,2016-04-04 00:00:00,0,8606,2016-04-06 22:16:55
205282,2016-03-21 08:47:04,Vw_Polo_6N_45_Servo,privat,Angebot,350,control,kleinwagen,1995,manuell,45,polo,150000,4,benzin,volkswagen,nein,2016-03-21 00:00:00,0,44339,2016-03-21 08:47:04
202051,2016-04-03 16:49:05,Opel_Corsa_12V_Eco,privat,Angebot,1000,control,kleinwagen,1997,manuell,54,corsa,125000,6,benzin,opel,nein,2016-04-03 00:00:00,0,55218,2016-04-06 09:16:54
337104,2016-03-06 10:47:25,Audi_A4_Avant_2.0_TDI_DPF,privat,Angebot,7000,test,kombi,2006,manuell,140,a4,150000,3,diesel,audi,nein,2016-03-06 00:00:00,0,88364,2016-04-06 02:45:59
352789,2016-03-14 13:55:32,Opel_Zafira_1.6,privat,Angebot,5999,test,bus,2006,manuell,105,zafira,125000,5,benzin,opel,nein,2016-03-14 00:00:00,0,46487,2016-03-17 02:15:25
11941,2016-03-26 11:48:40,Corvette_C4_Cabrio_40th_Anniversary_Original_41Tkm.,privat,Angebot,14500,control,cabrio,1993,automatik,306,,50000,4,benzin,sonstige_autos,nein,2016-03-26 00:00:00,0,74889,2016-03-31 06:17:47
305716,2016-03-07 22:50:37,MINI_Cooper_D,privat,Angebot,10900,test,kleinwagen,2008,manuell,109,cooper,90000,7,diesel,mini,nein,2016-03-07 00:00:00,0,14197,2016-04-07 09:16:35
178195,2016-04-04 01:54:30,BMW_316i_limo,privat,Angebot,123456,control,limousine,1994,,0,3er,150000,0,benzin,bmw,,2016-04-03 00:00:00,0,59425,2016-04-06 09:16:34
294109,2016-04-01 22:49:58,*Honda_Civic*,privat,Angebot,290,test,kleinwagen,1997,,0,civic,150000,0,benzin,honda,,2016-04-01 00:00:00,0,23966,2016-04-03 20:46:42
121168,2016-03-07 12:58:47,BMW_318i_Limousine_super_Ausstattung__grosses_Navi..,privat,Angebot,7490,test,limousine,2005,manuell,129,3er,150000,10,benzin,bmw,nein,2016-03-07 00:00:00,0,38226,2016-03-17 08:17:02
122245,2016-03-06 22:49:38,Volkswagen_Golf_Cabrio,privat,Angebot,2500,control,cabrio,1991,manuell,98,golf,150000,2,benzin,volkswagen,nein,2016-03-06 00:00:00,0,2763,2016-03-20 02:16:47
30886,2016-03-26 11:36:44,Golf_4_Cabrio/_Bis_Oster_Montag_1999__,privat,Angebot,2450,control,cabrio,1999,manuell,101,,5000,0,,volkswagen,,2016-03-26 00:00:00,0,6333,2016-03-26 12:39:40
91223,2016-04-02 21:42:52,Volvo_850,privat,Angebot,1750,test,kombi,1996,manuell,141,850,150000,8,diesel,volvo,nein,2016-04-02 00:00:00,0,48480,2016-04-06 22:16:32
66644,2016-03-09 15:47:10,hiermit_verkaufe_ich_Ford_Fiesta_Ambiente,privat,Angebot,3950,control,kleinwagen,2005,manuell,80,fiesta,125000,2,benzin,ford,,2016-03-09 00:00:00,0,32832,2016-03-16 18:16:11
256749,2016-03-07 17:46:51,Smart_fortwo_599___Defekt___verkaufe_oder_tausche,privat,Angebot,0,test,,2000,automatik,0,fortwo,100000,6,,smart,ja,2016-03-07 00:00:00,0,30823,2016-03-19 09:17:29
321675,2016-04-01 15:47:48,Rover_75_2.0_V6,privat,Angebot,1150,test,limousine,2000,automatik,150,andere,125000,5,benzin,rover,ja,2016-04-01 00:00:00,0,63477,2016-04-07 13:17:55
15751,2016-03-12 01:56:29,Vaneo_1.7cdi_viele_neuteile!!!,privat,Angebot,1200,test,bus,2003,manuell,91,andere,150000,1,diesel,mercedes_benz,nein,2016-03-12 00:00:00,0,23758,2016-03-16 05:45:15
85352,2016-03-25 23:36:17,Volkswagen_Sharan_2.0_TDI_DPF_Pacific,privat,Angebot,10000,control,bus,2007,manuell,140,sharan,125000,11,diesel,volkswagen,ja,2016-03-25 00:00:00,0,88605,2016-04-05 18:18:04
301495,2016-03-11 18:58:30,Solider_Golf_2,privat,Angebot,790,test,limousine,1990,manuell,55,golf,150000,11,benzin,volkswagen,nein,2016-03-11 00:00:00,0,26316,2016-03-31 04:44:25
289231,2016-03-07 20:48:24,Ford_Fusion_1.4_Viva_X_Klima/_beh._Frontscheibe,privat,Angebot,3490,test,kleinwagen,2004,manuell,80,fusion,100000,11,benzin,ford,nein,2016-03-07 00:00:00,0,23669,2016-04-05 17:25:54
177322,2016-03-08 16:46:21,Audi_A6_Avant_2.5_TDI,privat,Angebot,2500,test,kombi,2001,manuell,155,a6,150000,12,diesel,audi,ja,2016-03-08 00:00:00,0,46117,2016-03-21 21:44:52
342588,2016-04-03 20:39:31,Mercedes_w124_260e,privat,Angebot,850,test,limousine,1989,manuell,160,e_klasse,150000,4,benzin,mercedes_benz,,2016-04-03 00:00:00,0,38440,2016-04-05 21:16:57
36963,2016-04-04 07:57:10,Opel_vectra_c_neu_tuev_super_zustand,privat,Angebot,2899,test,limousine,2002,manuell,147,,150000,9,benzin,opel,nein,2016-04-04 00:00:00,0,88263,2016-04-06 08:45:31
218302,2016-03-16 20:40:18,Mercedes_Benz_Avantgarde_Azzurro_Sportline,privat,Angebot,3990,control,limousine,1993,manuell,136,andere,125000,1,benzin,mercedes_benz,nein,2016-03-16 00:00:00,0,83101,2016-03-17 19:18:51
171449,2016-03-09 14:52:06,Toyota_Aygo,privat,Angebot,3800,test,kleinwagen,2008,manuell,68,aygo,125000,3,benzin,toyota,nein,2016-03-09 00:00:00,0,53840,2016-03-12 13:45:10
6137,2016-04-01 17:25:26,Ford_Kuga_2.0_TDCi_LEDER_PANORAMA_NAVI_KEYLESS_GO..,privat,Angebot,9990,control,suv,2010,manuell,136,kuga,150000,3,diesel,ford,nein,2016-04-01 00:00:00,0,56170,2016-04-02 20:32:09
296170,2016-03-31 09:52:00,Mercedes_Benz_E_320_Elegance__Leder,privat,Angebot,6985,control,limousine,2002,automatik,224,e_klasse,125000,10,benzin,mercedes_benz,nein,2016-03-31 00:00:00,0,52379,2016-03-31 10:44:59
234278,2016-03-20 14:50:06,C220_CDI_AMG_AVANTGARDE_NAVI,privat,Angebot,8000,test,kombi,2009,,177,c_klasse,125000,10,diesel,mercedes_benz,nein,2016-03-20 00:00:00,0,97909,2016-03-20 14:50:06
362064,2016-03-19 13:58:37,Volkswagen_Lupo_1.4,privat,Angebot,1700,test,kleinwagen,1999,manuell,75,lupo,125000,3,benzin,volkswagen,nein,2016-03-19 00:00:00,0,37176,2016-03-20 15:47:37
24812,2016-04-04 14:44:47,Audi_A6_Avant_3.0TDI_DPF_quattro_S_line,privat,Angebot,10890,test,kombi,2007,manuell,232,a6,150000,12,diesel,audi,nein,2016-04-04 00:00:00,0,58119,2016-04-04 14:44:47
355254,2016-03-11 10:50:38,TÜV_neu__unfallfrei_aus_3._Hand__5_tuerig,privat,Angebot,1600,test,limousine,1998,manuell,75,golf,150000,12,benzin,volkswagen,nein,2016-03-11 00:00:00,0,22523,2016-04-06 23:46:57
190362,2016-04-03 13:47:44,VW_golf_2_Fire_and_ICE,privat,Angebot,300,control,,2016,,0,golf,150000,0,,volkswagen,,2016-04-03 00:00:00,0,9600,2016-04-05 12:45:53
360772,2016-03-28 10:57:10,Renault_Megane_1.4_RXE,privat,Angebot,600,control,limousine,1999,manuell,95,megane,150000,12,benzin,renault,nein,2016-03-28 00:00:00,0,66115,2016-04-06 13:44:54
98263,2016-03-23 21:56:59,Mercedes_Benz_S_420_CDI_L_DPF_7G_TRONIC,privat,Angebot,22000,test,limousine,2007,automatik,320,s_klasse,150000,7,diesel,mercedes_benz,nein,2016-03-23 00:00:00,0,76549,2016-04-06 04:44:32
199335,2016-03-23 14:56:34,Volkswagen_2_Polos_zum_Preis_eines_halben,privat,Angebot,600,test,kleinwagen,1996,manuell,60,polo,150000,2,benzin,volkswagen,ja,2016-03-23 00:00:00,0,51647,2016-03-26 08:44:42
339592,2016-03-10 16:47:06,Polo_6N2_SERVO_TÜV_neu,privat,Angebot,730,control,kleinwagen,1999,manuell,50,polo,150000,8,benzin,volkswagen,nein,2016-03-10 00:00:00,0,59846,2016-03-24 21:47:30
119677,2016-03-26 13:44:25,Mercedes_Benz_SL_350_Automatik,privat,Angebot,14900,control,cabrio,2003,automatik,245,sl,150000,7,benzin,mercedes_benz,nein,2016-03-26 00:00:00,0,70794,2016-04-06 01:16:32
188654,2016-04-05 12:49:56,Volkswagen_White_Star,privat,Angebot,13000,test,bus,1990,manuell,69,transporter,150000,4,diesel,volkswagen,nein,2016-04-05 00:00:00,0,1594,2016-04-05 12:49:56
32415,2016-03-17 13:58:36,Nissan_Almera_Tino,privat,Angebot,2600,control,bus,2003,manuell,0,almera,90000,9,benzin,nissan,nein,2016-03-17 00:00:00,0,6249,2016-04-06 20:19:24
42672,2016-03-14 16:47:09,Volkswagen_Golf_1.9_TDI,privat,Angebot,4200,test,limousine,2002,manuell,101,golf,150000,2,diesel,volkswagen,nein,2016-03-14 00:00:00,0,75172,2016-03-15 11:44:51
3349,2016-04-01 16:57:33,Vw_Polo_6N_Classic_6KV_erst_74Tkm_mit_Tuev_Limousine,privat,Angebot,899,control,limousine,1998,manuell,60,polo,80000,5,benzin,volkswagen,nein,2016-04-01 00:00:00,0,34125,2016-04-05 12:47:12
183077,2016-04-04 22:40:11,Familienwagen,privat,Angebot,900,test,bus,2000,manuell,0,verso,150000,0,benzin,toyota,,2016-04-04 00:00:00,0,57319,2016-04-07 01:16:29
49490,2016-04-02 14:47:10,Volkswagen_Touareg_3.0_V6_TDI_DPF_Automatik,privat,Angebot,14200,test,suv,2008,automatik,239,touareg,150000,6,diesel,volkswagen,nein,2016-04-02 00:00:00,0,86165,2016-04-06 13:16:51
344343,2016-03-13 11:44:00,Volkswagen_Tiguan_2.0_TDI_DPF_4Motion_Automatik,privat,Angebot,16000,control,suv,2008,automatik,140,tiguan,60000,4,diesel,volkswagen,nein,2016-03-13 00:00:00,0,86554,2016-04-06 15:17:29
252798,2016-04-04 14:36:34,opel_vectra_1_8,privat,Angebot,1450,test,limousine,2000,automatik,1800,vectra,150000,4,benzin,opel,nein,2016-04-04 00:00:00,0,6112,2016-04-06 15:45:58
38878,2016-03-17 22:52:01,"Audi_Q5_2.0_TDI_Xenon_Navi_19""_Garantie",privat,Angebot,29990,test,limousine,2013,manuell,143,q5,50000,1,diesel,audi,nein,2016-03-17 00:00:00,0,63877,2016-04-05 20:17:49
325943,2016-04-01 18:54:27,Audi_Coupe_5E_Typ_81,privat,Angebot,1600,control,,1985,manuell,0,andere,150000,0,benzin,audi,,2016-04-01 00:00:00,0,84030,2016-04-05 14:47:15
152367,2016-03-09 18:39:52,Chrysler_Voyager_3.3_LE_FESTPREIS_BIS_10.03.2016,privat,Angebot,1550,test,bus,1998,automatik,158,voyager,150000,10,benzin,chrysler,nein,2016-03-09 00:00:00,0,33165,2016-03-10 14:45:19
49696,2016-03-07 08:36:20,BMW_335_D___nur_Langstrecke__sehr_guter_Zustand,privat,Angebot,14500,control,coupe,2008,automatik,284,3er,150000,4,diesel,bmw,nein,2016-03-07 00:00:00,0,73635,2016-04-06 08:44:46
167337,2016-03-08 03:59:47,108_D_kA_LKW_Zuladungen_Kien_Rost,privat,Angebot,799,control,bus,1998,manuell,0,vito,150000,8,diesel,mercedes_benz,ja,2016-03-08 00:00:00,0,13053,2016-03-17 10:16:23
110067,2016-03-09 12:49:00,RENAULT__TWINGO__INITIALE.VOLL_TÜV_NEU!!,privat,Angebot,1100,control,andere,2002,manuell,58,twingo,150000,9,benzin,renault,nein,2016-03-09 00:00:00,0,12049,2016-04-05 23:45:12
216564,2016-03-11 12:38:30,Renault_Laguna_1.8_Dynamique,privat,Angebot,2800,test,limousine,2005,manuell,120,laguna,150000,3,benzin,renault,nein,2016-03-11 00:00:00,0,10969,2016-04-07 05:44:58
362545,2016-03-16 17:06:23,Audi_A6_Avant_2.5_TDI_Euro_4_Gr._Pla._VOLL_AUSTATTUNG,privat,Angebot,2499,test,kombi,2004,manuell,163,a6,150000,7,diesel,audi,nein,2016-03-16 00:00:00,0,35713,2016-03-18 13:29:32
310043,2016-03-25 09:52:54,Skoda_Roomster_Cycling_1_4_TDI_Diesel,privat,Angebot,7890,test,kombi,2008,manuell,80,roomster,100000,8,diesel,skoda,nein,2016-03-25 00:00:00,0,82490,2016-04-06 08:46:12
290768,2016-04-01 15:25:19,Opel_omega_3.0_vg_vollausstattung,privat,Angebot,600,test,limousine,2000,automatik,211,,150000,4,benzin,opel,,2016-04-01 00:00:00,0,65556,2016-04-07 09:15:31
299857,2016-03-23 19:47:08,Opel__TOP_Astra_Caravan_60PS_KFZ_Steuer_92_00€,privat,Angebot,799,control,kombi,1995,manuell,60,astra,150000,12,benzin,opel,nein,2016-03-23 00:00:00,0,66115,2016-03-25 04:15:38
258755,2016-03-14 22:58:32,Opel_Tigra_a,privat,Angebot,1650,control,,2017,,100,,150000,0,benzin,opel,,2016-03-14 00:00:00,0,16515,2016-03-29 05:46:38
243225,2016-03-17 12:50:22,VW_Golf_III_Coupe_75_PS,privat,Angebot,520,test,kleinwagen,1991,manuell,75,golf,150000,2,benzin,volkswagen,nein,2016-03-17 00:00:00,0,83376,2016-04-06 15:17:13
81457,2016-03-23 18:43:06,Mercedes_e_klasse_w211_bj_2004_220cdi,privat,Angebot,8200,test,,2005,automatik,150,e_klasse,150000,2,,mercedes_benz,nein,2016-03-23 00:00:00,0,76872,2016-04-05 23:16:00
361227,2016-03-10 10:48:25,Renault_Twingo_1.2_Authentique_TÜV_Neu,privat,Angebot,3400,test,kleinwagen,2009,manuell,58,twingo,90000,12,benzin,renault,nein,2016-03-10 00:00:00,0,46145,2016-03-24 08:45:36
127010,2016-03-18 15:43:03,Audi_A6_4b__S_line___2_5_TDI_Tuev_3/2017_Leder,privat,Angebot,1150,control,kombi,1999,automatik,150,a6,150000,12,diesel,audi,,2016-03-18 00:00:00,0,25782,2016-03-23 17:51:00
107323,2016-04-03 16:58:37,VW_Polo_1.4i_Edition__Faltdach,privat,Angebot,650,control,kleinwagen,2000,manuell,75,polo,150000,11,benzin,volkswagen,ja,2016-04-03 00:00:00,0,89233,2016-04-03 16:58:37
236264,2016-03-12 18:57:14,Passat_Kombi,privat,Angebot,1300,test,kombi,1997,manuell,101,passat,150000,4,,volkswagen,nein,2016-03-12 00:00:00,0,72172,2016-03-30 20:45:22
256475,2016-03-29 19:42:36,Renault_Megane_mit_BRC_Gasanlage__Motor_springt_nicht_an,privat,Angebot,599,control,kleinwagen,2001,manuell,95,megane,150000,10,lpg,renault,ja,2016-03-29 00:00:00,0,44357,2016-03-31 12:47:28
369019,2016-03-10 22:46:12,Citroen_XM_Y4_V6_Automatik_sehr_gepflegt,privat,Angebot,2500,control,kombi,1997,automatik,190,andere,150000,5,benzin,citroen,nein,2016-03-10 00:00:00,0,50189,2016-03-27 07:18:05
365522,2016-03-14 10:41:50,Volvo_760_Aut._GLE,privat,Angebot,2200,control,limousine,1988,automatik,143,andere,150000,5,benzin,volvo,nein,2016-03-14 00:00:00,0,64678,2016-04-07 10:45:07
119965,2016-03-29 16:45:31,fiat_punto_evo_aus_erster_Hand,privat,Angebot,4200,control,kleinwagen,2010,manuell,65,,125000,6,benzin,fiat,nein,2016-03-29 00:00:00,0,42551,2016-04-06 02:16:50
346191,2016-04-03 17:25:19,Opel_Tigra_Twin_Top_1.8_Sport,privat,Angebot,4200,test,cabrio,2004,manuell,125,tigra,100000,9,benzin,opel,nein,2016-04-03 00:00:00,0,35516,2016-04-07 01:16:18
370232,2016-03-26 15:49:43,BMW_E30_316_Oldschool,privat,Angebot,1500,test,coupe,1986,manuell,75,3er,150000,0,,bmw,,2016-03-26 00:00:00,0,68219,2016-04-06 04:15:42
177013,2016-03-28 14:25:19,Insignia_2.0_CDTI_4x4_OPC_Line_Start_Stop_Navi_Xenon,privat,Angebot,6000,test,limousine,2011,automatik,160,insignia,40000,10,diesel,opel,nein,2016-03-28 00:00:00,0,60311,2016-03-28 14:25:19
260242,2016-04-03 15:39:10,Citroën_Xsara_1.8i,privat,Angebot,1000,test,limousine,1998,manuell,90,andere,150000,7,benzin,citroen,ja,2016-04-03 00:00:00,0,79664,2016-04-05 14:44:50
135132,2016-03-25 10:47:41,Mini_one_Automatik,privat,Angebot,4000,test,kleinwagen,2002,automatik,96,one,100000,11,benzin,mini,nein,2016-03-25 00:00:00,0,8606,2016-03-29 23:18:12
78402,2016-04-01 21:39:01,Reserviert!!!_Polo_86_c__BJ_94,privat,Angebot,150,control,,1995,,0,,150000,0,,volkswagen,,2016-03-31 00:00:00,0,57234,2016-04-02 16:10:22
80405,2016-03-21 09:06:24,Volkswagen_Beetle_Dark_flint_sehr_selten!,privat,Angebot,8900,test,cabrio,2005,manuell,102,beetle,60000,5,,volkswagen,nein,2016-03-21 00:00:00,0,56567,2016-03-28 09:17:29
192463,2016-03-23 17:38:59,Nur_fuer_Export_BMW_120i,privat,Angebot,8000,control,limousine,2007,manuell,170,1er,125000,10,benzin,bmw,ja,2016-03-23 00:00:00,0,94269,2016-03-27 22:18:49
310047,2016-03-19 11:49:40,SLK_230_Kompressor,privat,Angebot,2850,test,cabrio,1997,manuell,193,slk,5000,3,benzin,mercedes_benz,,2016-03-19 00:00:00,0,55743,2016-03-20 13:44:48
349838,2016-03-14 18:38:20,Mercedes_Benz_E_230_127.000_km_2._Hand,privat,Angebot,2350,test,limousine,1996,manuell,150,e_klasse,150000,10,benzin,mercedes_benz,nein,2016-03-14 00:00:00,0,69190,2016-04-06 02:17:22
41667,2016-03-14 14:41:52,Ford_Escort__Bastlerfahrzeug_mit_Tuev,privat,Angebot,100,control,kleinwagen,1992,manuell,90,escort,150000,8,benzin,ford,ja,2016-03-14 00:00:00,0,28876,2016-03-16 04:17:09
114230,2016-03-09 20:58:07,Honda_CRX_1.6,privat,Angebot,4990,test,coupe,1995,manuell,160,cr_reihe,150000,12,benzin,honda,nein,2016-03-09 00:00:00,0,65203,2016-04-01 21:17:52
119312,2016-03-16 06:36:24,Smart_Fortwo_Pulse,privat,Angebot,4450,control,kleinwagen,2010,automatik,71,fortwo,50000,12,benzin,smart,,2016-03-16 00:00:00,0,22851,2016-03-22 13:47:52
262846,2016-03-19 14:43:55,BMW_320td_compact,privat,Angebot,2900,test,limousine,2002,automatik,150,3er,150000,9,diesel,bmw,nein,2016-03-19 00:00:00,0,12526,2016-04-06 21:18:42
133439,2016-03-15 17:47:20,Renault_ZOE_Intens_AC43_schnellladefaehig___wie_neu___Modell_2015,privat,Angebot,15490,control,kleinwagen,2014,automatik,90,andere,10000,11,elektro,renault,nein,2016-03-15 00:00:00,0,72124,2016-03-20 14:17:34
119275,2016-03-19 17:47:05,4_Sommerreifen_auf_Stahlfelge,privat,Angebot,0,control,,2009,,0,2_reihe,5000,0,,peugeot,,2016-03-19 00:00:00,0,31547,2016-03-23 06:45:42
359301,2016-03-31 12:56:51,Opel_Insignia_2.8_V6_Turbo_Sports_Tourer_4x4_Aut._OPC,privat,Angebot,25400,test,kombi,2013,automatik,325,insignia,40000,5,benzin,opel,nein,2016-03-31 00:00:00,0,10409,2016-04-06 05:46:51
41002,2016-04-04 20:40:53,MINI_Mini_One,privat,Angebot,2700,control,kleinwagen,2002,manuell,90,one,150000,12,benzin,mini,nein,2016-04-04 00:00:00,0,49685,2016-04-06 22:46:32
238251,2016-03-27 23:55:38,Volkswagen_Polo,privat,Angebot,2200,test,kleinwagen,2000,manuell,60,polo,150000,4,benzin,volkswagen,nein,2016-03-27 00:00:00,0,73230,2016-03-28 08:45:24
362578,2016-03-30 02:00:45,Toyota_Yaris_1.3_VVT_i_Sol,privat,Angebot,3999,test,kleinwagen,2007,manuell,87,yaris,100000,1,benzin,toyota,nein,2016-03-30 00:00:00,0,50827,2016-04-06 23:16:29
120180,2016-04-03 15:57:14,Toyota_Yaris_1.0_unfallfrei_1h.scheckh.euro4_fahrbereit,privat,Angebot,1550,test,kleinwagen,2003,manuell,65,yaris,150000,10,benzin,toyota,nein,2016-04-03 00:00:00,0,12047,2016-04-05 15:16:44
202240,2016-04-01 14:47:55,Peugeot_206_Tuev_bis_12/17,privat,Angebot,900,test,kleinwagen,2002,,75,2_reihe,150000,11,,peugeot,nein,2016-04-01 00:00:00,0,60435,2016-04-07 01:46:20
254674,2016-03-11 17:54:08,Mercedes_Benz_B_180_CDI__BlueEFFICIENCY_,privat,Angebot,9999,control,bus,2011,manuell,109,b_klasse,150000,11,diesel,mercedes_benz,nein,2016-03-11 00:00:00,0,26219,2016-03-15 10:17:09
371103,2016-03-14 09:52:58,Seat_Leon_ST_2.0_TDI_FR|LED|ACC|Sound,privat,Angebot,21299,control,kombi,2014,automatik,184,leon,40000,7,diesel,seat,nein,2016-03-14 00:00:00,0,81543,2016-03-27 14:46:37
145545,2016-03-28 11:56:04,Renault_Twingo,privat,Angebot,500,control,kleinwagen,2005,manuell,58,twingo,150000,8,benzin,renault,nein,2016-03-28 00:00:00,0,92242,2016-03-31 19:47:39
203009,2016-04-02 14:50:21,Mercedes_Benz_C_180_Elegance__Xenon__PDC__AHK__Unfallfrei,privat,Angebot,3999,control,limousine,2001,manuell,129,c_klasse,125000,11,benzin,mercedes_benz,nein,2016-04-02 00:00:00,0,55494,2016-04-05 21:16:46
249600,2016-03-30 13:37:10,Opel_astra,privat,Angebot,600,test,kleinwagen,1996,automatik,0,astra,150000,9,benzin,opel,ja,2016-03-30 00:00:00,0,26215,2016-04-07 04:15:32
38750,2016-03-13 20:48:35,VW_Polo_9N_2001_Benziner,privat,Angebot,1100,control,,2017,,0,polo,150000,0,benzin,volkswagen,ja,2016-03-13 00:00:00,0,23715,2016-03-20 15:18:13
240180,2016-03-14 14:57:23,Saab_9_3_1.9_Cabriolet_TiD_DPF_Aut._Linear,privat,Angebot,4500,control,cabrio,2006,automatik,150,andere,150000,9,diesel,saab,nein,2016-03-14 00:00:00,0,58089,2016-04-05 17:25:48
128117,2016-03-28 17:40:08,Mitsubishi_Colt_CZ3,privat,Angebot,3500,test,kleinwagen,2006,manuell,95,colt,150000,1,benzin,mitsubishi,nein,2016-03-28 00:00:00,0,26954,2016-03-28 17:40:08
360179,2016-03-26 11:54:19,Audi_A4_allroad_quattro_2.0_TFSI_S_tronic__weiss_NAVI,privat,Angebot,16500,control,kombi,2009,automatik,211,a4,125000,11,benzin,audi,nein,2016-03-26 00:00:00,0,94032,2016-04-05 23:17:11
294667,2016-03-27 19:36:35,Ford_Fiesta_tuev_bis_11/2016,privat,Angebot,350,control,limousine,1997,manuell,50,,70000,10,benzin,ford,,2016-03-27 00:00:00,0,12355,2016-03-31 02:17:25
164283,2016-04-01 13:37:19,Benz_Diesel_T_mit_fast_2_Jahren_HU/AU,privat,Angebot,1250,test,kombi,1997,manuell,95,c_klasse,150000,7,diesel,mercedes_benz,ja,2016-04-01 00:00:00,0,66130,2016-04-07 10:15:46
129673,2016-03-18 15:48:30,Ford_Galaxy_1.9_TDI_116_ps_7_sitze,privat,Angebot,2500,control,,2016,,0,galaxy,150000,11,diesel,ford,,2016-03-18 00:00:00,0,63691,2016-03-18 15:48:30
217539,2016-03-14 18:41:35,Volkswagen_T4_Caravelle_TDI/Klima/AHK/8_Sitzer/Standheizung,privat,Angebot,4900,test,bus,2001,manuell,151,transporter,150000,7,diesel,volkswagen,ja,2016-03-14 00:00:00,0,30453,2016-04-06 02:17:28
48669,2016-03-20 11:56:45,Renault_zu_verkaufen,privat,Angebot,950,test,limousine,2000,manuell,107,scenic,150000,1,benzin,renault,nein,2016-03-20 00:00:00,0,14827,2016-03-20 11:56:45
132366,2016-04-02 23:55:58,Peugeot_206_HDI_Quiksilver_mit_Webasto_Standheizung___FESTPREIS!,privat,Angebot,1200,test,,2005,manuell,110,2_reihe,150000,12,,peugeot,ja,2016-04-02 00:00:00,0,66131,2016-04-05 04:48:24
225076,2016-03-25 16:54:27,Dacia_Sandero_1.4_MPI_Ambiance,privat,Angebot,1300,control,kleinwagen,2008,manuell,75,sandero,150000,10,benzin,dacia,nein,2016-03-25 00:00:00,0,41515,2016-03-25 16:54:27
178280,2016-04-04 14:56:02,Ford_Focus,privat,Angebot,1200,test,kombi,2000,manuell,100,focus,150000,7,benzin,ford,,2016-04-04 00:00:00,0,87541,2016-04-06 16:17:46
193095,2016-04-05 08:43:48,Nissan_Micra_1.4_Tekna___TÜV_07/2017__Klima_Sitzheizung,privat,Angebot,1650,test,kleinwagen,2003,manuell,88,micra,150000,11,benzin,nissan,nein,2016-04-05 00:00:00,0,12435,2016-04-07 11:15:44
348438,2016-03-23 10:38:15,Ford_Tourneo_Connect__Kurz_,privat,Angebot,5500,control,kombi,2008,manuell,90,andere,100000,8,diesel,ford,nein,2016-03-23 00:00:00,0,79877,2016-04-07 10:17:36
76005,2016-03-11 15:52:14,Mercedes_Benz_C_220,privat,Angebot,1600,test,kombi,1999,automatik,125,c_klasse,150000,2,diesel,mercedes_benz,nein,2016-03-11 00:00:00,0,93051,2016-04-05 12:47:25
52873,2016-04-04 16:48:47,MGF_MG_Cabrio_Roadster_Hardtop_Alufelgen_1.8_Sportauspuff_Klima,privat,Angebot,2999,test,cabrio,1996,manuell,120,andere,70000,9,benzin,rover,nein,2016-04-04 00:00:00,0,55578,2016-04-07 05:36:37
3684,2016-03-31 19:54:14,Nissan_Navara_zum_ausschlachten,privat,Angebot,0,control,suv,1999,manuell,103,navara,150000,6,diesel,nissan,,2016-03-31 00:00:00,0,49638,2016-04-06 14:18:04
95346,2016-03-24 00:59:51,Mini_Cooper,privat,Angebot,3000,test,kleinwagen,1985,manuell,0,cooper,5000,1,benzin,mini,,2016-03-23 00:00:00,0,8301,2016-04-06 20:47:01
268037,2016-03-07 09:57:58,Seat_Cordoba,privat,Angebot,750,control,kombi,2001,manuell,75,cordoba,150000,8,benzin,seat,nein,2016-03-07 00:00:00,0,45739,2016-03-19 05:45:55
109632,2016-03-25 18:43:25,Volkswagen_Polo_1.2_Comfortline,privat,Angebot,3250,test,kleinwagen,2003,manuell,64,polo,150000,6,benzin,volkswagen,nein,2016-03-25 00:00:00,0,94239,2016-04-07 00:16:14
184293,2016-03-21 02:37:41,VW_Golf_3_mit_1_8L__75PS_und_Klima_voll_Funtionsfaehig,privat,Angebot,900,test,kleinwagen,1995,manuell,75,golf,150000,8,benzin,volkswagen,,2016-03-21 00:00:00,0,70567,2016-03-22 12:18:02
179312,2016-03-14 16:51:46,Opel_Corsa_B__GSI_16V,privat,Angebot,0,test,kleinwagen,1998,manuell,0,corsa,150000,5,benzin,opel,nein,2016-03-14 00:00:00,0,71638,2016-04-05 21:18:16
294561,2016-03-13 17:47:29,Seat_Arosa_1.0_MPI,privat,Angebot,600,control,kleinwagen,1999,manuell,50,arosa,125000,4,benzin,seat,nein,2016-03-13 00:00:00,0,78462,2016-03-20 14:47:10
252288,2016-03-30 11:48:06,Audi_a5_3.0tdi_s_line,privat,Angebot,14200,test,coupe,2007,manuell,239,,150000,10,diesel,audi,,2016-03-30 00:00:00,0,44227,2016-04-01 05:44:38
89555,2016-04-05 10:47:19,Vw_Passat_3bg_super_Zustand__AHK__PDC__Sitzheizung__2.0l_20V,privat,Angebot,3990,control,limousine,2003,manuell,0,passat,150000,8,benzin,volkswagen,nein,2016-04-05 00:00:00,0,4824,2016-04-07 13:17:54
130206,2016-04-02 22:38:35,Beetle_Cabrio,privat,Angebot,5900,test,cabrio,2003,manuell,75,beetle,125000,4,benzin,volkswagen,nein,2016-04-02 00:00:00,0,59071,2016-04-04 22:15:39
148464,2016-03-27 16:54:45,Alfa_Romeo_156_SW__2_0_Benziner__AHK,privat,Angebot,800,test,kombi,2000,manuell,155,156,150000,11,benzin,alfa_romeo,,2016-03-27 00:00:00,0,53567,2016-04-05 22:46:10
268274,2016-03-11 07:00:46,Verkaufe_Peugeot__207__110_Sport,privat,Angebot,2000,test,,2018,manuell,0,,150000,0,benzin,peugeot,ja,2016-03-11 00:00:00,0,51519,2016-03-13 04:15:59
194318,2016-04-04 21:39:34,Mercedes_Benz_B_180_CDI,privat,Angebot,9400,test,bus,2010,manuell,109,b_klasse,150000,4,diesel,mercedes_benz,nein,2016-04-04 00:00:00,0,90478,2016-04-07 00:15:33
281446,2016-03-14 13:49:30,Audi_A3_2.0_TDI_Sportback_DPF_S_line_Sportpaket,privat,Angebot,19500,test,kombi,2011,manuell,140,a3,70000,2,diesel,audi,nein,2016-03-14 00:00:00,0,94239,2016-04-05 15:15:37
77344,2016-03-27 18:38:35,BMW_318i,privat,Angebot,1999,control,limousine,2000,manuell,118,3er,150000,7,benzin,bmw,nein,2016-03-27 00:00:00,0,54574,2016-04-05 14:47:43
232995,2016-04-03 14:54:53,Ford_Ka_1.2_Start_Stopp_System_Titanium,privat,Angebot,5999,test,kleinwagen,2011,manuell,69,ka,50000,12,benzin,ford,nein,2016-04-03 00:00:00,0,65232,2016-04-06 21:45:16
108006,2016-04-03 11:36:25,Ford_Fiesta_1.25,privat,Angebot,2380,control,kleinwagen,2004,manuell,69,fiesta,125000,2,benzin,ford,nein,2016-04-03 00:00:00,0,34281,2016-04-07 12:44:39
153169,2016-03-09 15:53:38,Hallo_Verkaufe,privat,Angebot,380,control,limousine,1997,manuell,116,laguna,150000,6,benzin,renault,nein,2016-03-09 00:00:00,0,37139,2016-03-10 12:17:38
187131,2016-03-21 21:52:34,Ford_Kuga_2.0_TDCi_4x4_Automatik_Titanium_TÜV_NEU!,privat,Angebot,15900,control,suv,2011,automatik,163,kuga,125000,5,diesel,ford,nein,2016-03-21 00:00:00,0,81927,2016-04-07 02:46:39
25129,2016-03-28 21:43:08,VW_Golf_3___1_8l_90Ps_1997_180tkm,privat,Angebot,150,control,,2000,manuell,90,golf,150000,0,benzin,volkswagen,ja,2016-03-28 00:00:00,0,2627,2016-04-03 02:48:06
257768,2016-03-21 14:57:01,Volkswagen_t4_Multivan_Allstar/Classic_70BMD2/W44,privat,Angebot,4500,control,bus,1994,manuell,110,transporter,150000,8,benzin,volkswagen,nein,2016-03-21 00:00:00,0,72631,2016-03-24 04:19:52
325696,2016-04-03 13:41:40,Volkswagen_Golf_1.6_TDI_BMT_Cup_Navi_MFL_GRA_AHK,privat,Angebot,15900,control,limousine,2014,manuell,105,golf,50000,5,diesel,volkswagen,nein,2016-04-03 00:00:00,0,48429,2016-04-05 12:18:55
98798,2016-03-31 14:50:39,Hallo_ihr_ich_Verkaufe_einen_schoenen_Citroen_ax_ohne_maengel,privat,Angebot,700,control,kleinwagen,1990,manuell,60,andere,125000,5,benzin,citroen,nein,2016-03-31 00:00:00,0,2694,2016-04-02 10:16:07
179756,2016-03-08 21:47:48,Seat_Ibiza,privat,Angebot,1200,control,kleinwagen,2004,manuell,75,ibiza,150000,1,benzin,seat,ja,2016-03-08 00:00:00,0,84109,2016-03-09 05:46:24
113522,2016-03-25 03:36:44,Audi_A4_2.0_TDI_DPF_Ambition,privat,Angebot,9000,control,limousine,2008,manuell,143,a4,150000,4,diesel,audi,nein,2016-03-25 00:00:00,0,21075,2016-03-25 08:47:05
335147,2016-03-11 16:52:51,Renault_Master_2.5_dti,privat,Angebot,4300,test,bus,2007,manuell,120,,150000,10,diesel,renault,nein,2016-03-11 00:00:00,0,37154,2016-03-12 06:46:24
33590,2016-04-03 22:39:55,Peugeot_106_Long_Beach_K,privat,Angebot,1499,control,kleinwagen,1997,manuell,45,1_reihe,70000,3,benzin,peugeot,nein,2016-04-03 00:00:00,0,31655,2016-04-05 23:44:47
29999,2016-03-15 14:48:47,Nissan_Note_1.6_acenta,privat,Angebot,5250,control,bus,2010,manuell,110,note,125000,3,benzin,nissan,nein,2016-03-15 00:00:00,0,55271,2016-03-15 14:48:47
321187,2016-03-12 05:02:44,BMW_330i_Smg_2_M_paket_2_2004bj_Tuev_01.2017_1_Hand_!!_Tausch??!!,privat,Angebot,6900,control,kombi,2004,,231,3er,150000,1,benzin,bmw,nein,2016-03-12 00:00:00,0,22848,2016-03-12 22:15:15
351705,2016-03-19 10:49:57,Mercedes_Benz,privat,Angebot,900,test,limousine,1997,manuell,136,c_klasse,5000,3,benzin,mercedes_benz,nein,2016-03-19 00:00:00,0,57072,2016-03-28 10:16:11
308371,2016-03-09 23:57:54,Seat_Leon_1.4_TSI_FR__Voll__LED__NR__S/S__TOP!,privat,Angebot,18150,test,limousine,2013,manuell,140,leon,20000,2,benzin,seat,nein,2016-03-09 00:00:00,0,97422,2016-03-16 08:17:59
47977,2016-03-21 09:54:35,Mazda_3_1.4i_Sport/Comfort_Klima_TÜV_NEU,privat,Angebot,2950,control,,2018,manuell,84,3_reihe,150000,0,benzin,mazda,nein,2016-03-21 00:00:00,0,45127,2016-04-06 03:46:02
367126,2016-04-03 15:53:54,Opel_Astra_1.4_Turbo,privat,Angebot,10990,test,limousine,2011,manuell,120,astra,70000,8,benzin,opel,nein,2016-04-03 00:00:00,0,57482,2016-04-05 15:16:31
167148,2016-03-31 17:45:11,BMW_520__MIT_REST_TÜV__06.2017,privat,Angebot,1250,control,limousine,1998,manuell,150,5er,150000,10,benzin,bmw,,2016-03-31 00:00:00,0,22149,2016-04-06 11:15:40
44111,2016-03-15 14:48:26,E_Klasse_Eleganz,privat,Angebot,8900,control,limousine,2007,automatik,178,e_klasse,150000,3,benzin,mercedes_benz,nein,2016-03-15 00:00:00,0,47137,2016-04-06 05:15:49
190387,2016-04-04 18:39:29,Audi_Audi_RS_6_Avant_5.0_TFSI_Quattro_426_KW_Benzin,privat,Angebot,29900,test,kombi,2008,automatik,579,andere,125000,6,benzin,audi,nein,2016-04-04 00:00:00,0,86916,2016-04-06 20:44:31
82456,2016-03-17 21:47:17,Citroën_Jumper_2.2_Hoch_+_Lang__Klima.7_Sitzer._AHK_.66521Km,privat,Angebot,13830,test,bus,2009,manuell,120,andere,70000,9,diesel,citroen,nein,2016-03-17 00:00:00,0,32049,2016-03-24 18:17:58
204375,2016-03-25 19:48:28,Opel_Zafira_2.0_DTI_Elegance,privat,Angebot,1450,test,bus,2003,manuell,101,zafira,150000,12,diesel,opel,nein,2016-03-25 00:00:00,0,17491,2016-04-07 02:16:19
211674,2016-03-15 14:37:24,Hyundai_i10___klimaanlage_,privat,Angebot,5300,control,kleinwagen,2012,,65,i_reihe,60000,3,benzin,hyundai,nein,2016-03-15 00:00:00,0,70569,2016-03-21 10:47:30
65706,2016-03-23 21:57:00,2.4L_1_Hand__TV_11.2016_klima,privat,Angebot,3300,test,,2016,manuell,75,transporter,150000,9,,volkswagen,nein,2016-03-23 00:00:00,0,39576,2016-04-02 06:46:33
142454,2016-03-17 15:25:24,Citroen_Berlingo_2_0_HDI_sehr_gut_Klima,privat,Angebot,1900,test,kombi,2003,manuell,90,berlingo,150000,10,diesel,citroen,,2016-03-17 00:00:00,0,60435,2016-03-22 18:18:10
154343,2016-03-20 20:55:41,Seat_Ibiza_SC_1.2_TSI_Sport__1.Hand__TÜV_Neu,privat,Angebot,7777,test,kleinwagen,2011,manuell,105,ibiza,70000,2,benzin,seat,nein,2016-03-20 00:00:00,0,12109,2016-04-07 06:44:18
231098,2016-03-30 23:47:37,Volvo_V70_D5_Modelljahr_2011,privat,Angebot,12000,control,kombi,2010,manuell,0,v70,150000,7,diesel,volvo,nein,2016-03-30 00:00:00,0,49191,2016-04-06 20:36:37
104474,2016-03-31 10:50:52,BMW_520i_Top_TÜV_6/17,privat,Angebot,2500,control,limousine,2000,manuell,150,5er,150000,5,benzin,bmw,nein,2016-03-31 00:00:00,0,7589,2016-04-06 03:44:39
229753,2016-03-20 21:38:20,BMW_125i_Coupe_***TOP_AUSSTATTUNG***_Leder__PDC__MFL_usw.,privat,Angebot,19999,test,coupe,2009,manuell,218,1er,125000,5,benzin,bmw,nein,2016-03-20 00:00:00,0,86859,2016-04-07 06:17:27
232261,2016-03-20 22:48:16,Audi_Audi_A4_Sport_4__S4__B5_Limousine_mit_TueV___ToP,privat,Angebot,4550,test,limousine,1997,manuell,125,a4,150000,9,benzin,audi,nein,2016-03-20 00:00:00,0,9355,2016-04-07 09:17:42
13471,2016-03-26 20:45:23,Opel_Vectra_B_automatic,privat,Angebot,2150,control,limousine,1998,automatik,101,vectra,125000,4,benzin,opel,nein,2016-03-26 00:00:00,0,51545,2016-04-06 05:44:49
207558,2016-04-03 22:59:02,Volkswagen_Touran,privat,Angebot,6950,control,bus,2006,manuell,140,touran,150000,10,benzin,volkswagen,nein,2016-04-03 00:00:00,0,30457,2016-04-06 02:44:45
209228,2016-03-21 23:54:48,Verkaufe_Audi_a3_Automatik,privat,Angebot,1200,test,kleinwagen,1999,automatik,0,a3,150000,0,benzin,audi,nein,2016-03-21 00:00:00,0,47551,2016-04-01 18:45:10
287026,2016-03-11 14:56:26,Opel_Corsa_1.2_16V,privat,Angebot,1250,control,kleinwagen,2003,,75,corsa,150000,10,benzin,opel,ja,2016-03-11 00:00:00,0,72138,2016-03-19 22:47:26
109517,2016-03-23 21:38:39,Audi_A1_1.6_TDI_Sportback_Attraction,privat,Angebot,12750,test,kleinwagen,2013,manuell,90,a1,50000,4,diesel,audi,nein,2016-03-23 00:00:00,0,27612,2016-04-06 02:46:00
107203,2016-04-03 19:39:22,Audi_a4___Automatik__,privat,Angebot,350,test,limousine,1997,automatik,125,a4,150000,0,,audi,,2016-04-03 00:00:00,0,92421,2016-04-03 19:39:22
60971,2016-03-12 23:55:20,2_Liter_TDI_Volle_Huette_ausser_DSG,privat,Angebot,13500,control,limousine,2012,manuell,140,passat,150000,0,diesel,volkswagen,nein,2016-03-12 00:00:00,0,38554,2016-03-15 17:16:46
75326,2016-03-18 07:53:57,Peugeot_407_HDi_135_Tendance,privat,Angebot,2300,test,limousine,2004,manuell,136,4_reihe,150000,6,diesel,peugeot,nein,2016-03-18 00:00:00,0,77694,2016-03-18 08:47:50
355215,2016-03-26 18:55:52,Almera_mit_Klima_u_TÜV_07/17,privat,Angebot,499,test,kleinwagen,1998,manuell,75,almera,150000,4,benzin,nissan,nein,2016-03-26 00:00:00,0,16845,2016-03-28 08:15:40
130238,2016-03-10 13:58:08,Ford_Ka_1.2_Start_Stopp_System_Champions_Edition,privat,Angebot,6450,test,kleinwagen,2012,manuell,69,ka,50000,2,benzin,ford,nein,2016-03-10 00:00:00,0,61350,2016-03-20 09:15:27
240974,2016-03-21 08:55:29,Volkswagen_Golf,privat,Angebot,4000,control,limousine,2005,manuell,75,golf,100000,7,benzin,volkswagen,nein,2016-03-21 00:00:00,0,29313,2016-03-31 10:15:46
334675,2016-03-21 08:58:41,Opel_corsa_mit_tuev,privat,Angebot,650,control,,2016,,0,corsa,150000,0,benzin,opel,nein,2016-03-21 00:00:00,0,32361,2016-03-23 21:17:57
54689,2016-03-10 00:48:58,Vw_Golf_1.9_TDI_aus_2_Hand_sehr_gepflegt,privat,Angebot,4050,control,limousine,2005,manuell,105,golf,150000,9,diesel,volkswagen,,2016-03-09 00:00:00,0,38518,2016-03-17 04:16:26
139275,2016-04-03 19:57:31,Citroën_Berlingo_1.6_16V_Multispace,privat,Angebot,9200,test,bus,2009,manuell,109,berlingo,90000,7,benzin,citroen,nein,2016-04-03 00:00:00,0,63110,2016-04-05 20:45:40
17847,2016-03-31 09:50:59,BMW_523i__angemeldet__fahrbereit,privat,Angebot,1480,control,limousine,1996,manuell,170,5er,150000,7,benzin,bmw,nein,2016-03-31 00:00:00,0,51147,2016-03-31 09:50:59
63717,2016-03-25 14:47:44,Opel_corsa_gepflegt,privat,Angebot,600,control,kleinwagen,1994,automatik,55,corsa,100000,5,benzin,opel,,2016-03-25 00:00:00,0,10961,2016-04-06 17:46:55
359088,2016-03-31 19:06:21,Volkswagen_Golf_Variant_1.9_SDI,privat,Angebot,1250,control,kombi,2002,manuell,68,golf,150000,7,diesel,volkswagen,ja,2016-03-31 00:00:00,0,57539,2016-04-01 19:16:22
1567,2016-03-30 11:52:33,Audi_A6_4.2_quattro_LPG__Keyless__Standheizung__AHK,privat,Angebot,13490,test,limousine,2006,automatik,334,a6,150000,1,benzin,audi,nein,2016-03-30 00:00:00,0,38100,2016-04-07 02:45:03
100392,2016-03-06 12:46:58,BMW_320i,privat,Angebot,2900,test,limousine,1999,manuell,150,3er,150000,3,benzin,bmw,nein,2016-03-06 00:00:00,0,97342,2016-03-25 08:15:49
206913,2016-03-08 18:40:32,Opel_Zafira_tuev_1/17_voll_fahrbereit!_!!!,privat,Angebot,1600,test,bus,1999,manuell,101,,150000,5,benzin,opel,nein,2016-03-08 00:00:00,0,66482,2016-03-17 21:19:49
7705,2016-03-23 11:54:44,Suzuki_Baleno_1.3_GS,privat,Angebot,500,test,limousine,1997,manuell,86,andere,150000,3,benzin,suzuki,nein,2016-03-23 00:00:00,0,68199,2016-03-26 04:48:21
226752,2016-03-27 22:53:30,VW_Polo_1_9_l_TDI_74_kW_Sportline,privat,Angebot,5000,test,kleinwagen,2006,manuell,101,polo,150000,9,diesel,volkswagen,nein,2016-03-27 00:00:00,0,14822,2016-04-03 22:47:17
301210,2016-03-31 09:56:02,Super_gepflegter_Audi_A4,privat,Angebot,18100,control,kombi,2010,manuell,143,a4,100000,8,diesel,audi,nein,2016-03-31 00:00:00,0,48231,2016-04-06 02:45:10
226041,2016-03-18 21:42:16,Golf_1_6_Tdi_Kombi,privat,Angebot,7500,control,,2010,,0,golf,150000,0,,volkswagen,,2016-03-18 00:00:00,0,44579,2016-03-18 21:42:16
339213,2016-03-17 15:47:33,Mercedes_Benz_C_230_Kompressor,privat,Angebot,2300,test,limousine,2000,manuell,193,c_klasse,125000,5,benzin,mercedes_benz,nein,2016-03-17 00:00:00,0,89284,2016-04-06 23:45:33
126455,2016-03-23 14:31:52,VW_Caddy_TDI_1_6l,privat,Angebot,14000,control,bus,2013,manuell,102,caddy,50000,1,diesel,volkswagen,nein,2016-03-23 00:00:00,0,56479,2016-04-06 13:44:55
138209,2016-03-25 16:53:28,VW_New_Beetle_mit_Scheckheft,privat,Angebot,2950,control,coupe,2002,manuell,0,beetle,150000,1,benzin,volkswagen,nein,2016-03-25 00:00:00,0,45326,2016-04-05 09:42:11
332897,2016-03-28 18:37:40,Opel_Corsa_1.2_16V_Color_Edition,privat,Angebot,4450,control,kleinwagen,2009,manuell,80,corsa,100000,12,benzin,opel,ja,2016-03-28 00:00:00,0,57368,2016-04-02 23:17:40
101640,2016-03-27 13:53:31,Ford_Fiesta_1.6_Ghia_4_tuerig_TOP__ALU.WR.2004,privat,Angebot,2850,test,kleinwagen,2004,manuell,101,fiesta,125000,8,benzin,ford,nein,2016-03-27 00:00:00,0,63694,2016-04-01 13:17:52
137087,2016-03-23 16:53:16,Smart_smart_fortwo_coupe_Passion_Automatik_/_TÜV_NEU,privat,Angebot,4100,test,coupe,2010,automatik,71,fortwo,125000,11,benzin,smart,nein,2016-03-23 00:00:00,0,51065,2016-04-05 20:47:06
24027,2016-03-16 16:37:44,Opel_Astra_Tuev_11/2016_75PS_1_6ccm,privat,Angebot,600,control,limousine,1996,manuell,75,astra,150000,1,benzin,opel,,2016-03-16 00:00:00,0,42283,2016-03-31 23:47:35
160750,2016-04-01 20:35:08,Volkswagen_Golf_Cabrio_2.0_Highline_!!_WOCHENENDE_ANGEBOT_!,privat,Angebot,1600,control,cabrio,1999,manuell,116,golf,150000,3,benzin,volkswagen,nein,2016-03-31 00:00:00,0,57539,2016-04-02 15:30:56
180281,2016-03-13 16:46:20,Volkswagen_Golf,privat,Angebot,1200,test,kleinwagen,2000,manuell,75,golf,150000,5,benzin,volkswagen,ja,2016-03-13 00:00:00,0,37632,2016-03-17 13:45:31
109375,2016-03-26 19:46:44,FORD_FOCUS_1.4_75_PS_mit__TÜV_bis_November_2017_!,privat,Angebot,600,control,limousine,1998,manuell,75,focus,150000,0,benzin,ford,,2016-03-26 00:00:00,0,23936,2016-03-26 19:46:44
121640,2016-03-30 16:49:24,Volkswagen_Golf_1.6_TDI_DPF_Style,privat,Angebot,11750,test,limousine,2012,manuell,105,golf,150000,1,diesel,volkswagen,nein,2016-03-30 00:00:00,0,93309,2016-04-07 07:45:03
369342,2016-04-04 10:49:00,BMW_320d_DPF_Touring,privat,Angebot,7800,control,kombi,2007,manuell,177,3er,150000,10,diesel,bmw,nein,2016-04-04 00:00:00,0,59425,2016-04-04 10:49:00
132305,2016-04-02 01:56:39,Opel_Astra_1.6_Caravan,privat,Angebot,650,test,kombi,1999,manuell,75,astra,150000,1,benzin,opel,nein,2016-04-01 00:00:00,0,68169,2016-04-04 04:16:48
203639,2016-03-28 15:54:30,Kia_Sorento_2.5_CRDi_VGT_Aut._EX,privat,Angebot,10500,control,suv,2007,automatik,170,sorento,125000,7,diesel,kia,nein,2016-03-28 00:00:00,0,75248,2016-04-04 18:45:54
319217,2016-03-24 18:46:32,Skoda_Fabia_1.2_TSI_Combi_Family___1.HAND,privat,Angebot,7500,test,kombi,2011,manuell,105,fabia,90000,8,benzin,skoda,nein,2016-03-24 00:00:00,0,38116,2016-04-07 12:45:44
234504,2016-03-25 17:47:42,Audi_A6_Avant_3.0_TDI_DPF_quattro_S_tronic,privat,Angebot,35900,test,kombi,2014,automatik,245,a6,70000,4,diesel,audi,nein,2016-03-25 00:00:00,0,85293,2016-04-06 22:47:02
40991,2016-03-26 17:46:40,Ford_Fiesta_Klima_und_TÜV,privat,Angebot,599,control,,2016,manuell,0,fiesta,150000,5,,ford,nein,2016-03-26 00:00:00,0,32120,2016-04-04 05:51:28
108128,2016-03-29 11:48:44,Fiat_Punto_Evo_1.4_16V_Multiair_Turbo_Sport_Start...,privat,Angebot,9400,test,kleinwagen,2010,manuell,135,punto,60000,11,benzin,fiat,nein,2016-03-29 00:00:00,0,78073,2016-04-05 20:47:38
269065,2016-04-01 21:52:03,Citroën_C1_1.0___68_PS_1._Hand,privat,Angebot,2850,test,kleinwagen,2006,manuell,68,c1,80000,1,benzin,citroen,nein,2016-04-01 00:00:00,0,37671,2016-04-01 22:40:35
323643,2016-03-27 09:54:29,Opel_Astra_1.6,privat,Angebot,1300,test,limousine,2000,manuell,101,astra,150000,5,benzin,opel,nein,2016-03-27 00:00:00,0,88069,2016-04-01 09:17:50
143371,2016-04-01 23:45:44,Smart_smart_fortwo_coupe_softouch_BRABUS_Xclusive,privat,Angebot,2490,control,kleinwagen,2007,automatik,98,fortwo,80000,11,benzin,smart,nein,2016-04-01 00:00:00,0,6108,2016-04-01 23:45:44
195260,2016-03-17 12:47:00,OPEL_AGILA__Silber_2.Hand_Servo_ABS__EURO_4__HU_1.17_el.Fensterh.,privat,Angebot,1180,test,kleinwagen,2000,manuell,75,agila,150000,10,benzin,opel,nein,2016-03-17 00:00:00,0,26209,2016-03-31 20:18:11
195169,2016-04-02 14:47:46,Volvo_XC70_D5_AWD_Aut._Momentum,privat,Angebot,15850,test,kombi,2008,automatik,185,xc_reihe,150000,3,diesel,volvo,nein,2016-04-02 00:00:00,0,35091,2016-04-06 13:17:15
344597,2016-03-25 22:42:05,Hyundai_i20_1.2,privat,Angebot,4890,control,kleinwagen,2009,manuell,77,i_reihe,80000,2,benzin,hyundai,nein,2016-03-25 00:00:00,0,94166,2016-04-07 05:16:48
276853,2016-03-19 14:55:27,Volkswagen_Golf_1.9_TDI,privat,Angebot,3500,test,limousine,2000,manuell,116,golf,150000,5,diesel,volkswagen,nein,2016-03-19 00:00:00,0,45141,2016-04-06 22:45:52
131130,2016-03-28 22:43:47,Audi_A4_Avant_2.0_TFSI_quattro_S_line_Sportpaket_...,privat,Angebot,18999,control,kombi,2008,manuell,211,a4,125000,11,benzin,audi,nein,2016-03-28 00:00:00,0,44869,2016-04-07 05:16:36
111688,2016-03-08 19:48:32,Fiat_Panda_1.2_Emotion,privat,Angebot,2800,test,kleinwagen,2005,manuell,60,panda,80000,9,benzin,fiat,nein,2016-03-08 00:00:00,0,84178,2016-03-21 03:46:27
252110,2016-04-02 12:58:10,Golf_3__Technisch__in_gutem_Zustand.,privat,Angebot,850,test,limousine,1995,manuell,75,golf,150000,8,benzin,volkswagen,nein,2016-04-02 00:00:00,0,73084,2016-04-06 11:15:31
303269,2016-03-29 16:53:52,Daihatsu_Materia_1.3,privat,Angebot,2800,control,kombi,2007,manuell,91,materia,150000,10,benzin,daihatsu,ja,2016-03-29 00:00:00,0,90768,2016-03-29 17:40:57
370207,2016-03-23 15:48:35,Peugeot_206_60_Filou,privat,Angebot,2888,test,kleinwagen,2004,manuell,60,2_reihe,125000,10,benzin,peugeot,nein,2016-03-23 00:00:00,0,49809,2016-04-05 18:45:33
50072,2016-03-28 13:44:13,Skoda_Fabia,privat,Angebot,6300,test,limousine,2011,manuell,86,fabia,90000,6,benzin,skoda,nein,2016-03-28 00:00:00,0,85125,2016-04-06 16:46:48
118007,2016-03-27 19:53:58,.:.:.:._Auto_guenstig_Mieten_.:.:.:.,privat,Angebot,30,control,,1995,,0,corsa,5000,0,benzin,opel,,2016-03-27 00:00:00,0,9117,2016-03-27 20:44:07
116933,2016-03-22 20:48:03,BMW_545i_Lpg_Prinz_Gasanlage,privat,Angebot,10000,control,limousine,2003,manuell,333,5er,150000,9,lpg,bmw,nein,2016-03-22 00:00:00,0,95698,2016-04-04 13:44:36
23527,2016-03-14 10:59:03,Mercedes_Benz_C_200_Kompressor__Elegance___Mit_Gasanlage__LPG,privat,Angebot,2900,control,limousine,2002,automatik,163,c_klasse,150000,3,benzin,mercedes_benz,nein,2016-03-14 00:00:00,0,44805,2016-03-23 11:46:53
268657,2016-03-25 17:40:13,Audi_A6_Avant_2.7_TDI_quattro_tiptronic,privat,Angebot,22900,test,kombi,2010,automatik,190,a6,125000,9,diesel,audi,nein,2016-03-25 00:00:00,0,87463,2016-04-06 22:44:53
146885,2016-03-10 17:06:22,Mercedes_Benz_ML_270,privat,Angebot,4999,test,suv,2003,automatik,163,andere,150000,4,diesel,mercedes_benz,nein,2016-03-10 00:00:00,0,35576,2016-04-06 12:45:29
156221,2016-03-14 18:37:38,Smart_smart_forfour_cdi_passion_dpf,privat,Angebot,3199,test,kleinwagen,2006,manuell,68,forfour,150000,2,diesel,smart,nein,2016-03-14 00:00:00,0,54314,2016-04-06 02:16:56
67385,2016-03-25 16:57:03,Opel_Astra_F_Winterauto/Anfaengerauto,privat,Angebot,525,control,,2016,manuell,75,astra,125000,0,,opel,nein,2016-03-25 00:00:00,0,59969,2016-04-06 22:45:03
58767,2016-03-26 14:58:50,Opel_Corsa_1.3_CDTI_Enjoy,privat,Angebot,2990,control,kleinwagen,2004,manuell,69,corsa,150000,5,diesel,opel,nein,2016-03-26 00:00:00,0,72406,2016-04-06 03:44:19
147369,2016-03-20 18:50:11,Audi_A4_1.6,privat,Angebot,2800,test,limousine,1996,manuell,101,a4,150000,12,benzin,audi,nein,2016-03-20 00:00:00,0,90449,2016-04-03 01:22:46
47727,2016-03-22 14:37:02,Opel_Astra__G_CC_1998_Sommer+Winterreifen,privat,Angebot,1500,control,,1998,manuell,0,astra,150000,10,benzin,opel,,2016-03-22 00:00:00,0,97456,2016-04-06 05:15:39
113404,2016-03-26 13:51:29,Suzuki_Swift_Bj._2006_100.000km,privat,Angebot,3200,control,kleinwagen,2006,manuell,90,swift,125000,1,benzin,suzuki,nein,2016-03-26 00:00:00,0,49509,2016-04-06 01:46:59
101329,2016-03-19 22:52:13,Renault_Modus_[2004]_1.2_16V_*Klima*_PRIVAT_*Garagenfahrzeug*,privat,Angebot,2200,test,,2017,manuell,75,modus,150000,0,benzin,renault,,2016-03-19 00:00:00,0,21706,2016-04-05 21:16:12
321053,2016-03-23 18:50:57,Mercedes_Benz_C220_CDI_7g+_Avantgarde,privat,Angebot,17900,test,kombi,2011,automatik,170,c_klasse,20000,6,diesel,mercedes_benz,nein,2016-03-23 00:00:00,0,34369,2016-03-23 18:50:57
108171,2016-03-28 18:42:01,Ford_Kuga_2.0_TDCi_4x4_Titanium,privat,Angebot,13000,control,suv,2009,manuell,136,kuga,90000,5,diesel,ford,nein,2016-03-28 00:00:00,0,74193,2016-04-07 00:17:53
222592,2016-03-08 19:56:57,Peugeot_106,privat,Angebot,600,test,kleinwagen,2001,manuell,62,1_reihe,150000,3,benzin,peugeot,nein,2016-03-08 00:00:00,0,58566,2016-03-09 20:48:04
289628,2016-04-01 22:48:06,Mercedes_Benz_Mercedes_Benz_Sprinter_906_Tuev_bis_2017_Gepflegt,privat,Angebot,7999,test,bus,2009,manuell,109,sprinter,150000,1,diesel,mercedes_benz,nein,2016-04-01 00:00:00,0,41747,2016-04-01 22:48:06
281379,2016-03-17 10:50:02,Ford_Fiesta_mit_Tuef,privat,Angebot,390,test,kleinwagen,1996,manuell,0,fiesta,150000,12,benzin,ford,,2016-03-17 00:00:00,0,73734,2016-04-06 09:15:46
236405,2016-03-22 14:36:26,Volkswagen_Polo_1.2_Tour,privat,Angebot,4150,control,kleinwagen,2007,manuell,64,polo,125000,5,benzin,volkswagen,nein,2016-03-22 00:00:00,0,67549,2016-04-04 04:16:15
122239,2016-03-29 21:55:11,Seat_Altea_1.6__Klima__AHK_,privat,Angebot,3000,test,bus,2005,manuell,102,altea,150000,8,benzin,seat,nein,2016-03-29 00:00:00,0,9217,2016-03-31 16:18:07
17113,2016-03-12 00:52:45,Opel_Zafira_1.9_CDTI_Catch_me_now,privat,Angebot,3800,test,bus,2007,manuell,120,zafira,150000,5,diesel,opel,nein,2016-03-11 00:00:00,0,21073,2016-03-12 05:49:49
148355,2016-03-12 14:54:18,Iveco_TurboDaily*TÜV_09/16*Zwinllingsrad*3_5T*,privat,Angebot,2300,test,andere,1993,manuell,116,,150000,9,diesel,sonstige_autos,,2016-03-12 00:00:00,0,81737,2016-03-16 18:18:01
753,2016-03-20 10:54:37,BMW_318_Cabrio_m_Optik,privat,Angebot,1750,control,cabrio,1997,manuell,0,andere,150000,3,benzin,bmw,nein,2016-03-20 00:00:00,0,56567,2016-03-21 07:37:01
135625,2016-04-04 12:56:11,Fiat_brava.1.6_v_...klima,privat,Angebot,580,control,limousine,2000,manuell,75,,150000,0,,fiat,nein,2016-04-04 00:00:00,0,53844,2016-04-04 12:56:11
235980,2016-03-12 20:57:10,C_180_Kompressor,privat,Angebot,9250,test,limousine,2007,manuell,0,c_klasse,125000,10,benzin,mercedes_benz,nein,2016-03-12 00:00:00,0,57271,2016-03-12 21:43:21
227947,2016-03-31 22:53:00,Opel_Corsa_1.2_16V_!!_KLIMAAUTOMATIK_+_SERVO_!!,privat,Angebot,2399,test,kleinwagen,2004,manuell,75,corsa,125000,3,benzin,opel,nein,2016-03-31 00:00:00,0,40667,2016-04-01 00:42:15
49818,2016-03-26 11:38:16,Opel_Corsa_Bastlerfahrzeug,privat,Angebot,80,control,kleinwagen,1999,,56,corsa,150000,0,benzin,opel,ja,2016-03-26 00:00:00,0,49456,2016-03-27 23:17:31
206375,2016-03-23 21:53:05,Opel_Insignia_2.0_CDTI_Sports_Tourer_Aut.,privat,Angebot,17500,test,kombi,2012,automatik,194,insignia,80000,6,diesel,opel,nein,2016-03-23 00:00:00,0,49451,2016-04-04 04:46:07
305129,2016-03-30 17:56:48,Opel_Meriva_1.6_16V_Cosmo,privat,Angebot,3500,control,bus,2006,manuell,105,meriva,150000,5,benzin,opel,nein,2016-03-30 00:00:00,0,40489,2016-04-07 09:44:58
84575,2016-03-28 21:06:24,Peugeot_407_HDi_135_Automatik_Esplanade,privat,Angebot,3200,test,limousine,2005,automatik,136,andere,150000,5,diesel,peugeot,nein,2016-03-28 00:00:00,0,64521,2016-04-07 07:15:43
222102,2016-03-07 22:36:55,HYUNDAY__ATOS_PRIME1.1_guenstig_in_Unterhaltung__TOP_ZUSTAND,privat,Angebot,1650,test,kleinwagen,2005,manuell,58,andere,125000,12,benzin,hyundai,nein,2016-03-07 00:00:00,0,27612,2016-04-06 14:46:09
334802,2016-03-27 18:51:15,Audi_A4_Avant_1.9_TDI,privat,Angebot,1900,control,kombi,1998,manuell,110,a4,150000,12,diesel,audi,nein,2016-03-27 00:00:00,0,39104,2016-04-05 15:46:51
259177,2016-03-15 20:48:35,Verkaufe_ein_kia_joice_120ps_7_sitzer.,privat,Angebot,1650,test,bus,2002,manuell,120,andere,150000,6,benzin,kia,nein,2016-03-15 00:00:00,0,44627,2016-04-07 10:17:02
281946,2016-03-25 16:56:37,Volkswagen_Golf_2.0_GTI_Bi_Xenon_Dynaudio,privat,Angebot,15400,control,limousine,2010,manuell,211,golf,100000,3,benzin,volkswagen,nein,2016-03-25 00:00:00,0,86633,2016-04-06 22:45:00
190773,2016-03-11 23:52:45,BMW_316i_Facelift_TÜV_Neu_/_Klima_/_Top_Zustand,privat,Angebot,1690,test,kleinwagen,1997,manuell,102,3er,150000,7,,bmw,nein,2016-03-11 00:00:00,0,52349,2016-03-15 08:44:39
27801,2016-03-12 15:43:22,Nissan_Primera_1.8_Elegance,privat,Angebot,1400,control,limousine,2000,manuell,114,primera,150000,6,benzin,nissan,nein,2016-03-12 00:00:00,0,90443,2016-04-07 02:45:51
268457,2016-03-19 21:54:29,Opel_astra_g_coupe_bertone_lpg,privat,Angebot,1300,control,limousine,2000,manuell,116,astra,150000,3,lpg,opel,nein,2016-03-19 00:00:00,0,53757,2016-03-19 23:45:31
229795,2016-03-07 00:48:30,MINI_Mini_35,privat,Angebot,5900,test,kleinwagen,1996,manuell,63,andere,60000,3,benzin,mini,nein,2016-03-06 00:00:00,0,84085,2016-04-05 16:47:39
342299,2016-03-08 06:02:59,BMW_118i_Cabrio__Sportsitze__Top_Ausstattung__Sommertraum__Leder,privat,Angebot,18500,test,cabrio,2013,manuell,143,1er,60000,4,benzin,bmw,nein,2016-01-29 00:00:00,0,83556,2016-04-06 10:44:43
16113,2016-03-17 12:45:00,Audi_A6_C4_quattro,privat,Angebot,1111,test,kombi,1995,manuell,150,a6,150000,2,benzin,audi,,2016-03-17 00:00:00,0,87634,2016-03-31 19:45:38
255365,2016-03-28 17:46:41,Alfa_Romeo_1_4_tb_Turismo,privat,Angebot,9000,test,kleinwagen,2009,manuell,155,andere,60000,5,benzin,alfa_romeo,nein,2016-03-28 00:00:00,0,89584,2016-03-28 17:46:41
60008,2016-03-05 18:52:51,Abarth_Punto_Evo,privat,Angebot,12500,test,kleinwagen,2011,manuell,163,,70000,2,benzin,sonstige_autos,nein,2016-03-05 00:00:00,0,75015,2016-03-11 12:15:23
298439,2016-03-29 15:50:13,VW_Golf_3_reparaturbeduerftig,privat,Angebot,500,control,kleinwagen,1996,manuell,0,golf,150000,1,benzin,volkswagen,ja,2016-03-29 00:00:00,0,50823,2016-03-31 08:46:18
339434,2016-03-21 13:50:54,VW_Bora_Comfortline_2.0,privat,Angebot,3999,test,limousine,1999,manuell,115,bora,150000,0,benzin,volkswagen,nein,2016-03-21 00:00:00,0,8371,2016-03-21 13:50:54
117368,2016-04-01 17:51:20,Smart_smart_&_pulse,privat,Angebot,2300,test,kleinwagen,2000,automatik,54,fortwo,30000,11,benzin,smart,nein,2016-04-01 00:00:00,0,71334,2016-04-05 13:17:17
179946,2016-04-03 20:59:06,Bastlerauto_oder_Ersatzteilspender,privat,Angebot,100,test,kleinwagen,1997,manuell,0,,150000,0,benzin,opel,ja,2016-04-03 00:00:00,0,4600,2016-04-05 21:47:37
74892,2016-03-24 15:37:37,Mercedes_Benz_ML_300_CDI_4Matic_7G_TRONIC_DPF_BlueEFFICIEN...,privat,Angebot,27500,test,suv,2011,automatik,204,m_klasse,100000,6,diesel,mercedes_benz,nein,2016-03-24 00:00:00,0,21423,2016-04-07 07:16:40
93226,2016-03-25 16:49:50,Mercedes_Benz_E_220_T_CDI_Automatik_Elegance_DPF,privat,Angebot,11950,control,kombi,2008,automatik,170,e_klasse,150000,3,diesel,mercedes_benz,nein,2016-03-25 00:00:00,0,29410,2016-04-06 21:17:43
104552,2016-03-08 20:39:00,Iveco_Daily_Lkw_MAXI_Lang_Hoch,privat,Angebot,2200,control,bus,2002,manuell,147,,150000,1,diesel,sonstige_autos,nein,2016-03-08 00:00:00,0,49090,2016-03-17 03:44:38
368181,2016-03-21 11:55:46,Alfa_Romeo_GT_1.9_JTD_M_Jet,privat,Angebot,4300,control,coupe,2005,manuell,0,andere,150000,11,diesel,alfa_romeo,nein,2016-03-21 00:00:00,0,52382,2016-04-06 06:45:16
298385,2016-03-20 12:59:22,Mercedes_CLK_230_Coupe_Sport,privat,Angebot,1690,test,coupe,1999,manuell,193,clk,150000,5,benzin,mercedes_benz,nein,2016-03-20 00:00:00,0,94327,2016-04-06 13:16:00
68458,2016-03-31 17:57:28,Peugeot_307_110,privat,Angebot,1500,control,limousine,2002,manuell,109,3_reihe,150000,1,benzin,peugeot,nein,2016-03-31 00:00:00,0,72393,2016-04-06 11:44:44
168125,2016-03-11 00:56:09,Unfall_schaden_Hyundai_Atos_1_1,privat,Angebot,350,test,kleinwagen,2006,manuell,63,andere,125000,0,benzin,hyundai,ja,2016-03-11 00:00:00,0,55234,2016-03-11 07:50:00
191079,2016-03-21 14:39:16,Fiat_Punto_Solo_1_2l___Anfaenger_Auto,privat,Angebot,990,control,kleinwagen,1999,manuell,54,punto,150000,10,benzin,fiat,nein,2016-03-21 00:00:00,0,21255,2016-04-06 11:15:41
93564,2016-03-06 01:57:10,Opel_Astra_1.7_TD,privat,Angebot,699,control,,2017,manuell,68,astra,150000,0,diesel,opel,,2016-03-06 00:00:00,0,23743,2016-03-09 22:16:58
284267,2016-03-30 13:38:11,Volkswagen_Golf_Plus_1.6_BiFuel_Trendline,privat,Angebot,6990,test,bus,2009,manuell,102,golf,150000,12,lpg,volkswagen,nein,2016-03-30 00:00:00,0,23919,2016-04-03 02:47:14
165198,2016-04-04 20:25:23,Volvo_C70_D3_Kinetic,privat,Angebot,16900,control,cabrio,2012,manuell,150,c_reihe,50000,9,diesel,volvo,nein,2016-04-04 00:00:00,0,65510,2016-04-05 12:24:04
198197,2016-03-07 16:56:25,Opel_Corsa_b_1_2_16v_100_Jahre,privat,Angebot,800,control,kleinwagen,1999,manuell,65,corsa,150000,7,benzin,opel,nein,2016-03-07 00:00:00,0,98716,2016-04-05 23:46:18
216737,2016-04-01 18:41:22,Nissan_Primera_1.6_Competence,privat,Angebot,1650,control,limousine,1999,manuell,99,primera,150000,1,benzin,nissan,nein,2016-04-01 00:00:00,0,71642,2016-04-05 14:17:04
5415,2016-03-14 16:52:12,Ford_KA_1.2_._Start_Stopp_System_Trend._Bluetooth,privat,Angebot,4300,test,kleinwagen,2011,manuell,69,ka,60000,9,benzin,ford,nein,2016-03-14 00:00:00,0,53819,2016-03-14 16:52:12
365932,2016-03-28 20:57:05,Mercedes_Benz_C_200_CDI,privat,Angebot,9350,control,kombi,2009,manuell,136,,150000,4,diesel,mercedes_benz,nein,2016-03-28 00:00:00,0,32683,2016-04-07 04:16:06
23622,2016-03-31 12:54:13,Kia_Picanto_Edition_7,privat,Angebot,6200,test,kleinwagen,2012,manuell,69,picanto,40000,2,benzin,kia,nein,2016-03-31 00:00:00,0,73265,2016-04-04 05:16:26
291481,2016-03-21 11:49:34,FRONTERA_B_2.2_SPORT,privat,Angebot,500,control,suv,1998,manuell,0,,125000,0,benzin,opel,,2016-03-21 00:00:00,0,54411,2016-03-25 08:46:02
22480,2016-03-05 15:43:55,VW_Passat_Variant___Automatik___Klima,privat,Angebot,1850,control,kombi,2001,automatik,115,passat,150000,7,benzin,volkswagen,nein,2016-03-05 00:00:00,0,19395,2016-03-10 02:17:17
68430,2016-03-11 00:59:08,HONDA_CIVIC,privat,Angebot,900,test,limousine,1995,manuell,0,civic,150000,8,benzin,honda,,2016-03-10 00:00:00,0,51149,2016-04-06 05:16:45
217967,2016-03-19 12:57:25,Golf_5_1.9_TDI_Bluemotion,privat,Angebot,2500,test,limousine,2004,manuell,105,golf,125000,7,diesel,volkswagen,,2016-03-19 00:00:00,0,24837,2016-03-19 13:42:31
658,2016-03-27 09:56:27,BMW_E_46_Cabrio__Black_Saphir_Metallic__Facelift,privat,Angebot,7400,test,cabrio,2003,automatik,192,,150000,8,,bmw,nein,2016-03-27 00:00:00,0,71067,2016-04-01 08:16:21
140365,2016-03-29 19:53:59,Smart_Smart_fortwo_Coupe_Softouch_Passion___TÜV_neu,privat,Angebot,6900,control,kleinwagen,2011,automatik,71,fortwo,50000,3,benzin,smart,nein,2016-03-29 00:00:00,0,30173,2016-04-06 06:15:49
368087,2016-03-10 02:02:55,Opel_Kadett_E_LS_ORIGINAL_59608KM_TÜV_NEU_!_GLASDACH,privat,Angebot,990,test,limousine,1990,manuell,60,kadett,60000,9,benzin,opel,nein,2016-03-10 00:00:00,0,4178,2016-04-06 00:17:05
305971,2016-03-20 13:45:03,BMW_318d_DPF_Touring_Exclusive_Bluetooth_Schekheft,privat,Angebot,11500,test,kombi,2011,manuell,143,3er,150000,2,diesel,bmw,nein,2016-03-20 00:00:00,0,73734,2016-03-21 16:16:27
295786,2016-03-23 19:53:18,Audi_a4_zu_verkauf,privat,Angebot,1600,control,,2017,manuell,101,a4,150000,0,benzin,audi,nein,2016-03-23 00:00:00,0,54441,2016-04-06 01:45:41
40827,2016-03-30 21:41:30,Audi_A3_2.0_TFSI_Sportback__DSG__S_tronic,privat,Angebot,8350,test,limousine,2006,automatik,200,a3,150000,8,benzin,audi,nein,2016-03-30 00:00:00,0,58456,2016-04-03 12:54:03
286331,2016-03-18 19:51:11,Volkswagen_Caravelle_T4_TDI,privat,Angebot,5500,control,bus,1998,manuell,88,transporter,150000,6,andere,volkswagen,nein,2016-03-18 00:00:00,0,75323,2016-03-18 19:51:11
338679,2016-03-26 13:55:09,Audi_A3_1.6_Sportback__Scheckheftgepflegt_!!!,privat,Angebot,9000,control,kombi,2008,manuell,102,a3,80000,11,benzin,audi,nein,2016-03-26 00:00:00,0,45896,2016-04-06 01:47:07
72052,2016-03-11 14:47:44,Peugeot_206_60_Grand_Filou_Cool,privat,Angebot,2600,control,kleinwagen,2005,manuell,60,2_reihe,125000,3,benzin,peugeot,nein,2016-03-11 00:00:00,0,99974,2016-03-11 14:47:44
247787,2016-03-13 18:38:57,Volkswagen_Corrado_2.0,privat,Angebot,2800,test,coupe,1994,manuell,116,andere,150000,7,benzin,volkswagen,nein,2016-03-13 00:00:00,0,38678,2016-04-06 17:47:09
56408,2016-03-14 18:46:47,Mazda_323___F,privat,Angebot,690,test,limousine,1998,manuell,89,3_reihe,150000,10,benzin,mazda,,2016-03-14 00:00:00,0,19053,2016-03-14 18:46:47
191376,2016-03-14 19:25:21,Audi_A6_3.0_TDI_tiptronic_quattro_Vollaustattung,privat,Angebot,8500,test,limousine,2004,automatik,224,a6,150000,8,diesel,audi,nein,2016-03-14 00:00:00,0,56112,2016-04-06 14:47:08
330597,2016-03-12 21:52:28,BMW_Cabrio_320_Diesel_M_Sportfahrwerk_black_saphire_metallic_Gara,privat,Angebot,18200,test,cabrio,2008,manuell,177,3er,150000,1,diesel,bmw,nein,2016-03-12 00:00:00,0,85290,2016-04-06 12:16:38
235492,2016-04-02 17:25:21,Mini_Clubman_Cooper_D__111_PS__1._Hand_!!!__unfallfrei_!!!,privat,Angebot,13700,control,limousine,2012,manuell,111,clubman,50000,7,diesel,mini,,2016-04-02 00:00:00,0,61273,2016-04-04 08:10:19
79715,2016-03-24 17:47:22,Volkswagen_Sharan_2.0_TDI_DSG_/_Highline_/_7_Sitze_/_VOLL,privat,Angebot,25950,control,bus,2012,automatik,170,sharan,80000,4,diesel,volkswagen,nein,2016-03-24 00:00:00,0,79100,2016-03-26 02:47:49
287909,2016-03-15 12:57:22,Audi_A6_Avant_3.0_TDI_DPF_quattro_tiptronic,privat,Angebot,12500,control,kombi,2006,automatik,232,a6,150000,10,diesel,audi,nein,2016-03-15 00:00:00,0,16247,2016-03-17 06:47:21
171247,2016-03-21 20:52:10,Skoda_Roomster_1.2_TSI_Best_Of__77kW__Panorama_Dach,privat,Angebot,14200,control,bus,2015,manuell,105,roomster,20000,1,benzin,skoda,nein,2016-03-21 00:00:00,0,47279,2016-03-24 10:45:26
30040,2016-03-29 02:36:18,BMW_316i_Limousine__TOP_,privat,Angebot,2800,test,limousine,1999,manuell,105,3er,150000,9,benzin,bmw,nein,2016-03-29 00:00:00,0,67069,2016-04-05 17:44:40
14221,2016-03-20 11:42:49,Audi_A6_2.5_TDI,privat,Angebot,1995,test,limousine,2001,automatik,179,a6,150000,2,diesel,audi,nein,2016-03-20 00:00:00,0,78234,2016-03-20 11:42:49
349957,2016-03-21 19:55:46,E_200_CDi_Avantgarde_EZ_2012__Automatik__schwarz_8_Fach_bereift,privat,Angebot,21000,test,limousine,2012,automatik,136,e_klasse,125000,3,diesel,mercedes_benz,nein,2016-03-21 00:00:00,0,25853,2016-04-04 18:49:14
321843,2016-03-30 04:03:22,Porsche_cayenne,privat,Angebot,10350,test,suv,2005,manuell,250,cayenne,150000,9,benzin,porsche,nein,2016-03-30 00:00:00,0,71292,2016-04-06 23:46:20
330596,2016-03-11 17:43:30,Seat_Leon_1.4_TSI_FR,privat,Angebot,13990,control,limousine,2012,manuell,125,leon,80000,12,benzin,seat,nein,2016-03-11 00:00:00,0,58099,2016-03-23 15:16:29
366084,2016-03-28 19:50:33,Seat_Ibiza_1.2_TSI_FR_ST,privat,Angebot,11400,control,kombi,2013,manuell,105,ibiza,40000,3,benzin,seat,nein,2016-03-28 00:00:00,0,99310,2016-04-07 02:17:43
367710,2016-03-08 20:50:09,Skoda_Octavia_RS,privat,Angebot,9499,control,kombi,2006,manuell,170,octavia,125000,10,diesel,skoda,nein,2016-03-08 00:00:00,0,92266,2016-03-11 06:17:48
172191,2016-04-03 22:50:39,Volvo_V70_T5,privat,Angebot,3800,control,kombi,2000,automatik,250,v70,150000,6,lpg,volvo,nein,2016-04-03 00:00:00,0,18107,2016-04-06 00:16:04
190369,2016-03-15 07:54:23,VW_Golf_4__Werkstattgepflegt__Schnaeppchen,privat,Angebot,1500,test,kombi,2000,manuell,101,golf,150000,5,benzin,volkswagen,nein,2016-03-04 00:00:00,0,29439,2016-03-18 01:47:23
232304,2016-03-29 18:54:43,Skoda_Octavia_1.4_TSI_Green_tec_Ambition,privat,Angebot,14200,control,limousine,2013,manuell,140,octavia,40000,3,benzin,skoda,nein,2016-03-29 00:00:00,0,99734,2016-04-06 04:45:57
116127,2016-04-02 17:48:41,BMW_3_Serie_E36_2.0_I_320_6_cil_Touring_150PS,privat,Angebot,1749,control,kombi,1995,manuell,150,3er,150000,12,benzin,bmw,nein,2016-04-02 00:00:00,0,47638,2016-04-06 17:17:39
345813,2016-03-31 10:57:03,Renault_Megane_Cabrio_Automatik_Diesel_Partikelfilter,privat,Angebot,3699,control,cabrio,2006,automatik,131,megane,150000,11,diesel,renault,nein,2016-03-31 00:00:00,0,53489,2016-03-31 11:45:05
57456,2016-03-20 16:52:55,Skoda_Octavia_2.0_FSI_Automatik_Elegance,privat,Angebot,6249,test,limousine,2005,automatik,150,octavia,150000,11,benzin,skoda,nein,2016-03-20 00:00:00,0,78476,2016-04-06 22:47:07
175658,2016-03-26 12:56:22,Ford_escort,privat,Angebot,600,control,kombi,1998,manuell,0,escort,150000,0,benzin,ford,,2016-03-26 00:00:00,0,78166,2016-03-31 07:46:20
333472,2016-04-03 21:48:22,Kleinwagen_Daihatsu_Sirion_Sehr_Guter_Zustand,privat,Angebot,3950,test,kleinwagen,2007,manuell,91,sirion,80000,10,benzin,daihatsu,,2016-04-03 00:00:00,0,46395,2016-04-05 22:47:40
318126,2016-03-17 20:45:27,Audi_A3_8P1_2.0_FSI_Bose_ATM_08.2012,privat,Angebot,5999,control,limousine,2003,manuell,150,a3,150000,5,benzin,audi,nein,2016-03-17 00:00:00,0,47877,2016-04-07 09:16:58
177482,2016-03-11 20:53:03,VW_Golf4_Lim.1.6_Generation_2001_Euro4,privat,Angebot,2500,control,limousine,2001,manuell,77,,150000,6,benzin,volkswagen,nein,2016-03-11 00:00:00,0,97421,2016-03-22 16:18:06
240679,2016-03-25 17:39:38,VW_Passat_35i_Pacific_Klima_TÜV,privat,Angebot,500,test,kombi,1997,manuell,101,passat,150000,4,benzin,volkswagen,nein,2016-03-25 00:00:00,0,73669,2016-03-25 17:39:38
34660,2016-03-14 21:51:42,VW_Passat_Highline_2.5_TDI_V6_mit_Anhaengerkupplung,privat,Angebot,3650,test,kombi,2005,automatik,163,passat,150000,0,diesel,volkswagen,nein,2016-03-14 00:00:00,0,27793,2016-04-06 14:46:43
30198,2016-03-15 10:52:34,Seat_Ibiza_101_PS_1_9_TDI_schwarz,privat,Angebot,2600,control,,2016,manuell,101,ibiza,150000,7,,seat,nein,2016-03-15 00:00:00,0,33104,2016-04-05 19:47:28
254255,2016-03-28 16:57:25,Audi_A3_2.0_TDI_Cabrio_S_tronic__clean_diesel__S_...,privat,Angebot,46999,test,cabrio,2015,automatik,150,a3,10000,4,diesel,audi,nein,2016-03-28 00:00:00,0,58769,2016-04-06 22:17:56
24687,2016-03-19 02:51:58,Audi_A6_3.0_TDI_quattro,privat,Angebot,6730,test,limousine,2005,manuell,224,a6,150000,11,diesel,audi,nein,2016-03-19 00:00:00,0,33604,2016-03-20 09:48:47
4997,2016-04-03 11:58:06,Schoener_und_gepflegter_X_3_Facelift_technisch_und_optisch_sehr_gu,privat,Angebot,8300,control,suv,2006,manuell,150,x_reihe,150000,12,diesel,bmw,nein,2016-04-03 00:00:00,0,59065,2016-04-03 11:58:06
32051,2016-03-20 12:43:08,Passat_2.0_HIGHLINE_DSG_Scheckheft_1_Hand_Ancantara_Leder_VOLL,privat,Angebot,11950,test,kombi,2013,automatik,140,passat,150000,1,diesel,volkswagen,nein,2016-03-20 00:00:00,0,49084,2016-04-06 11:17:49
192626,2016-03-27 19:55:51,Volkswagen_Polo_86C__VW_fuer_Bastler__Garagenfund_mit_Anhaengerkup.,privat,Angebot,299,control,kleinwagen,1991,manuell,54,polo,150000,10,benzin,volkswagen,ja,2016-03-27 00:00:00,0,52511,2016-04-03 18:18:37
279033,2016-03-27 11:38:24,Fiat_Ulysse___7_Sitzer___AHK,privat,Angebot,278,test,bus,1996,manuell,121,andere,150000,0,benzin,fiat,,2016-03-27 00:00:00,0,97717,2016-04-07 06:44:27
261243,2016-04-01 00:51:31,Audi_A6_Avant_2.7_TDI_DPF_multitronic_gepflegt,privat,Angebot,7600,test,kombi,2006,automatik,179,a6,150000,6,diesel,audi,nein,2016-03-31 00:00:00,0,28779,2016-04-01 07:41:29
110003,2016-03-17 23:53:52,Opel_Zafira_Tourer_Style_1.4_Turbo_140_PS_Start_/_Stop,privat,Angebot,23900,control,bus,2015,manuell,140,zafira,10000,7,benzin,opel,nein,2016-03-17 00:00:00,0,44536,2016-03-29 12:18:12
147452,2016-04-01 17:38:37,Honda_Jazz_1_4_Klima,privat,Angebot,2200,test,,2017,manuell,85,jazz,125000,4,,honda,nein,2016-04-01 00:00:00,0,6847,2016-04-01 17:38:37
177258,2016-03-21 10:48:27,E_36_mit_Tuev_10/2017_erst_96_tkm_und_18_Zollfelgen,privat,Angebot,1150,test,limousine,1996,manuell,75,3er,100000,5,benzin,bmw,nein,2016-03-21 00:00:00,0,14089,2016-03-22 14:50:21
107973,2016-03-12 17:40:17,Opel_Insignia_2.0_CDTI_Aut.,privat,Angebot,13000,test,limousine,2009,automatik,160,insignia,125000,4,diesel,opel,nein,2016-03-12 00:00:00,0,71384,2016-03-14 09:46:32
188231,2016-03-06 11:46:52,Audi_TTS_Coupe_S_tronic,privat,Angebot,19999,test,coupe,2009,automatik,272,tt,125000,11,benzin,audi,nein,2016-03-06 00:00:00,0,12159,2016-03-21 11:15:37
144410,2016-03-29 13:53:14,Audi_A4_Avant_1.9_Tdi_Ahk_Klima_Tuev,privat,Angebot,1111,control,kombi,1997,manuell,110,,150000,0,diesel,audi,nein,2016-03-29 00:00:00,0,21680,2016-04-05 23:17:45
38870,2016-03-31 08:54:53,Buran_NVA_DDR_Schneemobil_Grenztruppen_Oldtimer_Motorschlitten,privat,Angebot,1999,control,andere,1978,,0,,5000,1,benzin,sonstige_autos,,2016-03-31 00:00:00,0,19348,2016-04-04 02:15:30
293176,2016-03-30 11:52:13,Volkswagen_Touareg_3_0_TDI_Motor_Neu_bei_Vw_24.000_Km,privat,Angebot,20900,test,suv,2010,automatik,239,touareg,150000,12,diesel,volkswagen,nein,2016-03-30 00:00:00,0,56626,2016-04-07 02:45:03
367160,2016-04-04 17:58:30,Renault_Kangoo_1.2_Econ_Tuev_NEU_2.Hand!!!,privat,Angebot,750,test,bus,1998,manuell,58,kangoo,150000,11,benzin,renault,nein,2016-04-04 00:00:00,0,13469,2016-04-04 17:58:30
134580,2016-03-15 20:52:06,Porsche_Panamera_S,privat,Angebot,50000,test,limousine,2009,automatik,400,andere,100000,11,benzin,porsche,nein,2016-03-15 00:00:00,0,80992,2016-04-07 03:45:25
90109,2016-03-31 18:39:11,Mercedes_Benz_1.7_CDI_La_Vida_schwere_Zuladung_gruene_Plakette,privat,Angebot,4450,control,kombi,2005,manuell,92,andere,150000,9,diesel,mercedes_benz,nein,2016-03-31 00:00:00,0,63768,2016-04-07 12:44:42
274216,2016-03-21 13:43:05,Audi_A3__Ambiente_2.0TDI_1.Hand_Xenon,privat,Angebot,3900,test,limousine,2003,manuell,140,a3,150000,6,diesel,audi,nein,2016-03-21 00:00:00,0,81241,2016-03-21 13:43:05
258493,2016-03-10 14:38:59,VW_Lupo_mit_Faltdach,privat,Angebot,950,test,kleinwagen,1998,manuell,50,lupo,150000,11,benzin,volkswagen,nein,2016-03-10 00:00:00,0,52525,2016-04-07 12:15:25
88631,2016-03-09 12:52:31,Fiat_Punto__My_Life_1_4_8V,privat,Angebot,6700,control,limousine,2011,manuell,77,punto,40000,7,benzin,fiat,nein,2016-03-09 00:00:00,0,77933,2016-04-05 23:45:17
83789,2016-03-19 19:39:54,Volkswagen_Golf_3_USA_Manhattan_1_8_Klima,privat,Angebot,500,control,limousine,1996,manuell,90,golf,150000,11,benzin,volkswagen,ja,2016-03-19 00:00:00,0,61200,2016-03-27 11:47:17
31985,2016-03-31 16:49:26,Volkswagen_Golf_Cabrio_1.8,privat,Angebot,1400,control,cabrio,1995,,0,golf,150000,8,benzin,volkswagen,nein,2016-03-31 00:00:00,0,33790,2016-04-06 10:15:55
275754,2016-03-17 07:56:23,Golf5_2.0FSI,privat,Angebot,4300,control,limousine,2006,manuell,150,golf,150000,9,benzin,volkswagen,nein,2016-03-17 00:00:00,0,21256,2016-03-17 09:40:29
148590,2016-03-05 15:48:06,Volkswagen_Passat_1.6,privat,Angebot,999,control,limousine,1997,manuell,101,passat,150000,2,benzin,volkswagen,ja,2016-03-05 00:00:00,0,13357,2016-03-05 16:44:28
76654,2016-03-28 13:55:12,Schnaeppchen!!!!_Citroen_xsara_picasso!!!!!,privat,Angebot,750,test,,2017,manuell,0,andere,150000,3,benzin,citroen,nein,2016-03-28 00:00:00,0,53879,2016-03-28 13:55:12
47680,2016-03-14 00:43:00,Volkswagen_Golf_1.2_TSI_Comfortline,privat,Angebot,12990,control,limousine,2011,manuell,105,golf,80000,5,benzin,volkswagen,nein,2016-03-13 00:00:00,0,47447,2016-03-30 07:44:38
347106,2016-03-12 09:54:49,Opel_corsa,privat,Angebot,650,control,kleinwagen,1999,,0,,150000,0,benzin,opel,,2016-03-12 00:00:00,0,48480,2016-03-13 01:17:57
13242,2016-03-07 17:56:30,Renault_Megane_2.0_Turbo_Coupe_Cabriolet_Privilege,privat,Angebot,3000,test,cabrio,2005,manuell,163,megane,150000,3,benzin,renault,nein,2016-03-07 00:00:00,0,39167,2016-03-27 03:15:59
57441,2016-03-21 12:54:28,Jaguar_XJ_3.0_V6_Premium_luxury,privat,Angebot,28499,control,limousine,2011,automatik,202,x_type,125000,3,diesel,jaguar,nein,2016-03-21 00:00:00,0,53229,2016-04-06 07:45:37
7958,2016-03-31 10:50:52,Opel_corsa_1_2!,privat,Angebot,629,control,kleinwagen,1996,manuell,0,corsa,150000,0,benzin,opel,nein,2016-03-31 00:00:00,0,66909,2016-04-02 05:46:11
213197,2016-03-07 18:06:23,Bmw_E36_Cabrio_Unfallschaden,privat,Angebot,650,control,cabrio,1996,manuell,120,3er,150000,0,benzin,bmw,ja,2016-03-07 00:00:00,0,56191,2016-04-01 11:47:27
30523,2016-03-12 14:51:07,Ford_Focus_Turnier_1.6_TDCi_DPF_Start_Stopp_Syste...,privat,Angebot,11900,test,kombi,2013,manuell,116,focus,40000,3,diesel,ford,nein,2016-03-12 00:00:00,0,28215,2016-03-17 16:44:32
248234,2016-03-21 13:40:52,Honda_civic_mit_tuev,privat,Angebot,1300,test,kleinwagen,1991,manuell,90,civic,150000,0,benzin,honda,,2016-03-21 00:00:00,0,31848,2016-03-21 13:40:52
63526,2016-03-30 20:53:11,Schoenes_Auto_fuer_paar_tausend_Euro,privat,Angebot,6999,control,,2016,manuell,0,a4,150000,3,diesel,audi,,2016-03-30 00:00:00,0,87700,2016-04-07 13:18:09
211585,2016-03-07 11:53:31,Volkswagen_Golf_IV_1.4__WR__SR/Batterie/Auspuff_neu,privat,Angebot,1690,test,limousine,1998,manuell,75,golf,150000,1,benzin,volkswagen,nein,2016-03-07 00:00:00,0,99817,2016-03-29 04:15:37
100102,2016-04-02 13:53:05,Mercedes_Benz_C_43_AMG_Top_Zustand,privat,Angebot,19500,test,limousine,2000,automatik,306,c_klasse,70000,12,benzin,mercedes_benz,nein,2016-04-02 00:00:00,0,83362,2016-04-06 12:46:09
18945,2016-04-01 08:53:09,Opel_Astra_2_0,privat,Angebot,1499,test,,2016,manuell,136,astra,100000,0,benzin,opel,nein,2016-04-01 00:00:00,0,21217,2016-04-03 05:44:58
15221,2016-04-01 16:58:30,Skoda_Octavia_Combi_1.6_TDI_DPF_Classic,privat,Angebot,5999,control,kombi,2009,manuell,105,octavia,150000,10,diesel,skoda,nein,2016-04-01 00:00:00,0,30519,2016-04-05 12:17:52
361464,2016-03-24 22:56:52,Audi_A4_2.0_Diesel,privat,Angebot,6500,control,,2006,automatik,140,a4,150000,3,,audi,,2016-03-24 00:00:00,0,49635,2016-04-06 03:44:59
264901,2016-03-07 18:51:16,Ford_Fiesta,privat,Angebot,250,control,,2000,manuell,75,fiesta,125000,12,,ford,ja,2016-03-07 00:00:00,0,95182,2016-03-12 01:45:07
192852,2016-03-30 14:56:58,Volkswagen_Touran_2.0_TDI_Highline_7_Sitzer_Neu_TÜV,privat,Angebot,11499,control,bus,2011,manuell,140,touran,150000,1,diesel,volkswagen,nein,2016-03-30 00:00:00,0,75438,2016-04-07 05:44:56
205980,2016-04-04 09:50:42,VW_Passat_noch_7_Monate_TUV___Automatik,privat,Angebot,500,control,kombi,1998,automatik,0,passat,150000,0,benzin,volkswagen,ja,2016-04-04 00:00:00,0,6112,2016-04-06 10:46:02
83389,2016-03-20 16:48:56,BMW_325_Cabrio_Frontschaden__M_Paket__MFL__Navi_etc.,privat,Angebot,2500,test,cabrio,2000,manuell,193,3er,150000,9,benzin,bmw,ja,2016-03-20 00:00:00,0,85221,2016-03-20 16:48:56
4009,2016-03-31 18:58:47,Ford_Galaxy_16V_Trend,privat,Angebot,1050,control,bus,2000,manuell,145,galaxy,150000,4,benzin,ford,nein,2016-03-31 00:00:00,0,59379,2016-03-31 18:58:47
134588,2016-03-19 18:54:09,Wegen_Neuanschaffung_zu_verkaufen,privat,Angebot,0,test,limousine,1997,manuell,150,5er,150000,6,benzin,bmw,ja,2016-03-19 00:00:00,0,31177,2016-04-07 06:16:40
327095,2016-03-12 09:54:58,Mercedes_Benz_E_200_Cabrio_BlueEFFICIENCY_7G_TRONIC,privat,Angebot,28499,control,cabrio,2012,automatik,184,e_klasse,80000,6,benzin,mercedes_benz,nein,2016-03-12 00:00:00,0,39104,2016-04-06 01:47:24
254436,2016-04-04 14:41:07,OPEL_CORSA_B_1_2_i_16_V__MO_2000__HU_08/2016__D_4_KAT_ANGEMELDET,privat,Angebot,880,test,kleinwagen,2000,manuell,65,corsa,150000,4,benzin,opel,,2016-04-04 00:00:00,0,58119,2016-04-04 14:41:07
312063,2016-03-05 14:33:44,Mercedes_Benz_Viano_3.0_CDI_DPF_lang_Automatik_Trend_Edition,privat,Angebot,23500,control,bus,2011,automatik,224,viano,150000,8,diesel,mercedes_benz,nein,2016-03-03 00:00:00,0,60388,2016-03-23 06:17:22
103333,2016-03-08 18:56:49,Golf_3_Joker_mit_Motorschaden,privat,Angebot,0,test,kleinwagen,1997,manuell,75,golf,150000,0,benzin,volkswagen,ja,2016-03-08 00:00:00,0,31073,2016-03-27 16:16:44
277265,2016-03-14 04:56:09,Citroen_C1_1.0_Style_____mit_Stadtflitzer_in_den_Fruehling,privat,Angebot,3500,control,limousine,2008,automatik,50,c1,40000,4,benzin,citroen,,2016-03-14 00:00:00,0,33330,2016-03-15 13:42:29
167298,2016-03-12 20:42:15,Volkswagen_Fox_1.2___schoenes__unfallfreies_Nichtraucherauto,privat,Angebot,3450,test,kleinwagen,2007,manuell,54,fox,100000,10,benzin,volkswagen,nein,2016-03-12 00:00:00,0,38667,2016-04-05 13:45:22
257265,2016-03-17 21:56:20,Citroën_2.2_Hoch_+_Lang__Klima.7_Sitzer._AHK_.66521Km,privat,Angebot,13830,test,bus,2009,manuell,120,andere,70000,9,diesel,citroen,nein,2016-03-17 00:00:00,0,32049,2016-03-23 12:48:31
128833,2016-03-13 01:57:14,Opel_Astra_2.0_Edition_100_+++_Automatik_+++,privat,Angebot,2290,control,limousine,2000,automatik,136,astra,150000,9,benzin,opel,nein,2016-03-13 00:00:00,0,36179,2016-04-06 08:44:39
309656,2016-04-01 14:36:20,Scheckheft_gepflegt_sparsam_und_im_super_Zustand,privat,Angebot,500,test,kleinwagen,1997,manuell,58,micra,150000,0,benzin,nissan,,2016-04-01 00:00:00,0,49086,2016-04-01 15:43:20
148928,2016-03-10 14:39:13,Volkswagen_Caddy_1.6,privat,Angebot,6250,test,bus,2005,manuell,102,caddy,125000,11,benzin,volkswagen,nein,2016-03-10 00:00:00,0,26871,2016-03-17 21:47:44
231837,2016-03-18 11:41:41,Twingo_Initiale_Paris_Leder_Klima_Servolenkung_all_inklusive,privat,Angebot,1350,control,,2018,manuell,0,twingo,125000,9,benzin,renault,nein,2016-03-18 00:00:00,0,26441,2016-03-27 22:47:26
21892,2016-03-31 11:36:59,Mercedes_Benz_B_200_CDI_DPF,privat,Angebot,5950,control,bus,2005,manuell,140,b_klasse,150000,5,diesel,mercedes_benz,nein,2016-03-31 00:00:00,0,76139,2016-03-31 12:43:46
119189,2016-04-01 11:54:36,Porsche_Boxster_S___Bi_Xenon___Voll_Leder___PCM___TOP!,privat,Angebot,24999,test,cabrio,2005,manuell,280,boxster,70000,7,benzin,porsche,nein,2016-04-01 00:00:00,0,22145,2016-04-07 08:17:21
80138,2016-03-15 21:37:22,Seat_Arosa_1.7_SDI,privat,Angebot,1599,control,kleinwagen,2002,manuell,60,arosa,150000,1,diesel,seat,nein,2016-03-15 00:00:00,0,97618,2016-03-17 19:45:48
240571,2016-03-25 09:56:20,BMW_120d_Coupe_M_Paket,privat,Angebot,9900,test,coupe,2008,manuell,177,1er,150000,9,diesel,bmw,nein,2016-03-25 00:00:00,0,93180,2016-04-06 09:46:21
362658,2016-04-03 15:55:11,Renault_Megane_2.0_Coupe_Cabriolet_Exception,privat,Angebot,7750,test,cabrio,2008,manuell,135,megane,70000,5,benzin,renault,nein,2016-04-03 00:00:00,0,29369,2016-04-05 15:16:38
309473,2016-03-20 20:06:22,Peugeot_206_CC_110,privat,Angebot,2490,test,cabrio,2004,manuell,109,2_reihe,150000,7,benzin,peugeot,nein,2016-03-20 00:00:00,0,35415,2016-03-21 22:31:51
168320,2016-03-27 19:48:22,Opel_Astra_1.6,privat,Angebot,1099,control,limousine,1997,automatik,75,astra,90000,6,benzin,opel,nein,2016-03-27 00:00:00,0,30855,2016-04-03 17:46:48
6117,2016-03-16 15:55:45,Skoda_Fabia_Kombi__TÜV_auf_Wunsch_NEU!_,privat,Angebot,5599,test,kombi,2009,manuell,69,fabia,80000,7,benzin,skoda,nein,2016-03-16 00:00:00,0,31558,2016-04-06 18:45:44
318195,2016-03-27 16:48:02,VW_GOLF_3_1.8_75PS_Nichtraucher_Langstreckenfahrzeug,privat,Angebot,790,test,limousine,1991,manuell,75,golf,150000,11,benzin,volkswagen,nein,2016-03-27 00:00:00,0,70173,2016-04-05 12:21:27
160091,2016-03-26 20:47:23,Audi_A6,privat,Angebot,8800,control,kombi,2006,,0,a6,150000,2,,audi,nein,2016-03-26 00:00:00,0,22359,2016-03-26 20:47:23
297287,2016-03-21 17:52:54,Chevrolet_spark_original_14000km,privat,Angebot,3750,control,kleinwagen,2011,manuell,0,spark,20000,12,benzin,chevrolet,,2016-03-21 00:00:00,0,58135,2016-03-21 17:52:54
66946,2016-03-11 16:55:57,Volkswagen_Passat_Variant_2.0_TDI***KLIMAAUTOMATIK**TOP***,privat,Angebot,5390,test,kombi,2007,manuell,140,passat,150000,5,diesel,volkswagen,nein,2016-03-11 00:00:00,0,97225,2016-03-14 14:16:53
157786,2016-03-25 14:50:03,Audi_A6_3.0_TDI_DPF_quattro_S_tronic,privat,Angebot,34000,control,limousine,2011,automatik,286,a6,70000,5,diesel,audi,nein,2016-03-25 00:00:00,0,63071,2016-03-25 14:50:03
365551,2016-03-21 09:58:29,Audi_Q7_3.0_TDI_DPF_quattro_tiptronic_7Sitzer_XEN_NAV,privat,Angebot,21890,control,suv,2008,automatik,239,q7,150000,4,diesel,audi,nein,2016-03-21 00:00:00,0,50259,2016-04-06 03:44:52
226696,2016-03-12 20:46:35,Nissan_Micra_LX,privat,Angebot,650,test,kleinwagen,1994,manuell,54,micra,125000,3,benzin,nissan,nein,2016-03-12 00:00:00,0,66113,2016-03-12 20:46:35
89442,2016-03-28 16:54:15,Mazda_MX_5_1.6i_16V,privat,Angebot,8490,test,cabrio,1998,manuell,110,mx_reihe,125000,12,benzin,mazda,nein,2016-03-28 00:00:00,0,3238,2016-04-06 22:17:48
293057,2016-03-26 08:55:20,Volkswagen_T5_Multivan_Concert,privat,Angebot,22999,test,bus,2008,manuell,174,transporter,150000,3,diesel,volkswagen,,2016-03-26 00:00:00,0,6686,2016-04-05 20:44:50
66909,2016-04-03 17:38:20,Seat_Ibiza_1.8i_GLX_Automatik,privat,Angebot,1650,test,kleinwagen,1994,automatik,90,ibiza,70000,5,benzin,seat,nein,2016-04-03 00:00:00,0,87474,2016-04-03 17:38:20
292782,2016-03-15 20:49:43,Opel_Corsa_1.2_16V_Edition.Klima.50TKM.1Hand,privat,Angebot,5999,test,kleinwagen,2010,manuell,80,corsa,50000,11,benzin,opel,nein,2016-03-15 00:00:00,0,52066,2016-03-17 17:45:12
30280,2016-03-16 13:39:52,Seat_Arosa,privat,Angebot,180,control,kleinwagen,2000,manuell,50,arosa,150000,3,benzin,seat,ja,2016-03-16 00:00:00,0,94315,2016-03-29 22:45:16
237223,2016-03-07 21:38:36,Audi_A4_Avant_2.0_TDI_DPF_Ambiente,privat,Angebot,10490,control,kombi,2008,manuell,143,a4,150000,8,diesel,audi,nein,2016-03-07 00:00:00,0,86391,2016-04-05 23:44:32
244896,2016-03-12 15:40:15,Volkswagen_Golf_6_1_6__DYNAUDIO__18_Zoll,privat,Angebot,8250,control,limousine,2009,manuell,102,golf,125000,6,benzin,volkswagen,nein,2016-03-12 00:00:00,0,85084,2016-04-07 02:45:49
248395,2016-03-15 19:46:07,BMW_530d_Touring_Aut.,privat,Angebot,11500,control,kombi,2007,automatik,235,5er,150000,9,diesel,bmw,ja,2016-03-15 00:00:00,0,49477,2016-03-17 15:47:17
94857,2016-03-26 20:56:08,Jeep_Grand_Cherokee_2.7_CRD_Limidet_Gruene_Plak._DPF,privat,Angebot,6990,control,suv,2003,automatik,163,grand,150000,11,diesel,jeep,nein,2016-03-26 00:00:00,0,50769,2016-04-06 11:45:19
146134,2016-03-22 13:42:05,Fiat_500_1.2_Lounge,privat,Angebot,5990,control,kleinwagen,2010,manuell,69,500,80000,3,benzin,fiat,nein,2016-03-22 00:00:00,0,46236,2016-04-02 04:16:13
199708,2016-03-11 13:58:56,A3_2.0_TDI_Quattro_Coupe,privat,Angebot,3100,test,coupe,2007,,0,a3,150000,11,diesel,audi,nein,2016-03-11 00:00:00,0,64739,2016-03-11 14:39:30
72230,2016-03-13 18:47:18,Klassischer_Golf_I_Cabrio,privat,Angebot,3750,test,cabrio,1992,manuell,98,golf,150000,5,benzin,volkswagen,nein,2016-03-13 00:00:00,0,54486,2016-03-28 14:17:05
252483,2016-03-11 16:50:17,Volkswagen_Polo_60_Servo_Colour_Concept,privat,Angebot,600,test,kleinwagen,1996,manuell,60,polo,150000,3,benzin,volkswagen,nein,2016-03-11 00:00:00,0,50937,2016-03-11 16:50:17
149200,2016-03-27 14:48:04,Mazda__323,privat,Angebot,0,control,,2016,manuell,0,,150000,12,benzin,mazda,ja,2016-03-27 00:00:00,0,30966,2016-04-03 10:45:57
240488,2016-03-29 18:25:26,BMW_BMW_320_Ci__Tiptronic__Navi__Glasdach__Xenon,privat,Angebot,8500,test,coupe,2004,manuell,170,3er,80000,2,benzin,bmw,nein,2016-03-29 00:00:00,0,65197,2016-03-31 14:12:09
346556,2016-03-27 11:50:35,SUV_BMW__X3__2.0di,privat,Angebot,10900,test,suv,2006,manuell,149,x_reihe,125000,4,diesel,bmw,nein,2016-03-27 00:00:00,0,15741,2016-04-07 07:16:08
75218,2016-03-25 23:25:24,Volkswagen_Passat,privat,Angebot,13900,test,kombi,2010,manuell,122,passat,60000,11,benzin,volkswagen,nein,2016-03-25 00:00:00,0,65428,2016-04-05 20:17:22
186422,2016-03-16 23:56:16,Unfalls_Auto_zuverkaufen,privat,Angebot,650,test,limousine,2001,automatik,0,vectra,125000,9,benzin,opel,nein,2016-03-16 00:00:00,0,42117,2016-04-02 03:46:35
108204,2016-03-31 10:51:55,Verkaufe_Baby_Benz,privat,Angebot,299,control,limousine,1992,manuell,109,,150000,11,andere,mercedes_benz,,2016-03-31 00:00:00,0,6729,2016-03-31 11:41:26
1045,2016-03-13 20:25:18,Jeep_Grand_Cherokee_5.2_Limited_TÜV_NEU_03/2018,privat,Angebot,3200,test,suv,1995,automatik,211,grand,150000,4,benzin,jeep,nein,2016-03-13 00:00:00,0,64546,2016-03-14 06:49:04
256820,2016-03-20 19:48:17,Volkswagen_Passat_Variant_2.0_TDI_4Motion_DSG_BlueMotion_Te,privat,Angebot,18500,test,kombi,2011,automatik,170,passat,90000,11,diesel,volkswagen,nein,2016-03-20 00:00:00,0,24966,2016-04-07 04:15:24
60017,2016-03-09 23:25:21,Volkswagen_Golf_4__1.6,privat,Angebot,1500,test,limousine,1998,manuell,102,golf,150000,5,benzin,volkswagen,nein,2016-03-09 00:00:00,0,61231,2016-04-06 02:46:47
352104,2016-03-22 13:55:54,Volkswagen_Golf_1.4,privat,Angebot,5990,control,limousine,2008,manuell,80,golf,90000,10,benzin,volkswagen,nein,2016-03-22 00:00:00,0,74405,2016-03-29 17:47:25
155425,2016-03-08 07:54:45,Ford_Focus_Turnier_1.6_Ti_VCT_Trend,privat,Angebot,7800,test,kombi,2011,manuell,105,focus,80000,6,benzin,ford,nein,2016-03-08 00:00:00,0,34355,2016-03-09 23:17:19
254283,2016-03-14 22:06:22,Fiat_Grande_Punto_1.9_Multijet_8V_DPF_Sport,privat,Angebot,3500,control,kleinwagen,2006,manuell,131,andere,150000,10,diesel,fiat,nein,2016-03-14 00:00:00,0,65589,2016-03-16 17:30:09
134537,2016-03-14 15:58:39,Vw_Golf_3_Variante_1_9erTDI_GT_Spezial_Klima_Zv_AHK_E_Fenster_MFA,privat,Angebot,800,control,kombi,1996,manuell,90,golf,150000,7,diesel,volkswagen,,2016-03-14 00:00:00,0,17309,2016-04-05 20:44:59
235014,2016-03-19 04:36:41,Opel_Zafira_1.8_16V_Comfort/Klimaanlage/Automatik,privat,Angebot,1999,test,bus,2000,manuell,116,zafira,125000,1,benzin,opel,nein,2016-03-19 00:00:00,0,80807,2016-03-21 12:15:57
150385,2016-04-02 14:52:54,BMW_530d,privat,Angebot,8300,test,limousine,2004,automatik,218,5er,150000,9,diesel,bmw,nein,2016-04-02 00:00:00,0,85598,2016-04-06 13:17:46
309674,2016-03-31 19:42:34,Mercedes_Benz_E_220_T_CDI_Automatik_Avantgarde,privat,Angebot,15700,control,kombi,2008,automatik,170,e_klasse,125000,11,diesel,mercedes_benz,nein,2016-03-31 00:00:00,0,79576,2016-04-06 13:45:32
99880,2016-03-22 08:37:53,Ford_Sierra,privat,Angebot,1100,control,coupe,1992,,0,andere,125000,0,,ford,,2016-03-22 00:00:00,0,30952,2016-03-26 08:18:03
14142,2016-03-25 14:45:45,VW_Passat_Variant,privat,Angebot,600,control,kombi,1997,manuell,115,passat,150000,1,benzin,volkswagen,nein,2016-03-25 00:00:00,0,94562,2016-03-30 04:44:52
5564,2016-04-03 21:43:08,BMW_1502_Gruen,privat,Angebot,1500,test,limousine,1977,manuell,75,andere,150000,7,benzin,bmw,nein,2016-04-03 00:00:00,0,87700,2016-04-05 22:18:45
44172,2016-03-12 17:41:52,Renault_Kangoo_Rapid_1.5_dCi_Extra,privat,Angebot,500,test,bus,2002,manuell,82,kangoo,150000,11,diesel,renault,ja,2016-03-12 00:00:00,0,35423,2016-03-19 20:45:16
285901,2016-03-22 22:52:37,Opel_Astra_1.4_Turbo_Sports_Tourer,privat,Angebot,10500,control,kombi,2011,manuell,120,astra,100000,3,benzin,opel,nein,2016-03-22 00:00:00,0,26629,2016-04-07 02:46:14
73048,2016-03-28 19:56:09,Ford_Mondeo_2.2_Turnier_TDCi_Ambiente,privat,Angebot,2800,control,kombi,2005,manuell,155,mondeo,150000,7,diesel,ford,nein,2016-03-28 00:00:00,0,67271,2016-04-07 02:17:58
38847,2016-03-20 07:56:29,Volkswagen_Touran_1.9_TDI._klimaaut._Tuev_neu._Navi._Topzust,privat,Angebot,8399,control,bus,2008,manuell,105,touran,125000,9,diesel,volkswagen,nein,2016-03-20 00:00:00,0,24837,2016-03-22 15:17:55
116793,2016-03-28 21:48:05,Renault_Espace_Energy_dCi_160_EDC_Intens,privat,Angebot,33990,control,bus,2015,automatik,160,espace,20000,6,diesel,renault,nein,2016-03-28 00:00:00,0,53909,2016-04-07 04:44:40
306929,2016-03-23 10:41:15,Seat_Ibiza_TÜV_neu,privat,Angebot,1550,control,kleinwagen,2001,manuell,60,ibiza,150000,6,benzin,seat,,2016-03-23 00:00:00,0,68305,2016-03-30 18:47:28
355206,2016-03-05 15:47:08,Audi_A6_2.8_Quattro_Limousine_*TÜV_NEU!!!*,privat,Angebot,3500,control,limousine,1997,manuell,193,a6,150000,11,benzin,audi,,2016-03-05 00:00:00,0,4357,2016-04-05 15:17:58
494,2016-03-30 18:38:15,Alfa_Romeo_147_1.6_Twin_Spark,privat,Angebot,2990,test,limousine,2006,manuell,105,147,150000,6,benzin,alfa_romeo,nein,2016-03-30 00:00:00,0,74912,2016-04-07 09:44:33
274426,2016-03-19 13:39:11,MINI_Mini_Cooper_Park_Lane,privat,Angebot,6900,test,kleinwagen,2005,manuell,116,cooper,125000,12,benzin,mini,nein,2016-03-19 00:00:00,0,63546,2016-04-06 18:48:26
319914,2016-04-01 19:43:51,Ford_Mondeo_2.0_Turnier_TDDI_Trend,privat,Angebot,2800,control,kombi,2003,manuell,131,mondeo,150000,11,diesel,ford,nein,2016-04-01 00:00:00,0,75382,2016-04-01 19:43:51
334981,2016-03-24 10:57:07,Volkswagen__Beetle_2.0_TSI_PDC_Sport,privat,Angebot,18900,test,limousine,2014,manuell,211,beetle,20000,1,benzin,volkswagen,nein,2016-03-24 00:00:00,0,34298,2016-04-07 01:46:56
311156,2016-03-29 10:59:22,Tausche_Smart_gegen_VW_Golf5_+Zuzahlung,privat,Angebot,0,control,,2006,automatik,0,,100000,0,,volkswagen,,2016-03-29 00:00:00,0,18055,2016-04-05 20:46:45
200436,2016-03-07 19:40:12,Opel_Corsa_C,privat,Angebot,2690,control,kleinwagen,2006,manuell,60,corsa,125000,9,benzin,opel,nein,2016-03-07 00:00:00,0,38226,2016-03-22 03:16:43
128286,2016-03-11 20:49:26,Ford_Mondeo_Ghia,privat,Angebot,6000,control,kombi,2007,manuell,130,mondeo,90000,4,diesel,ford,nein,2016-03-11 00:00:00,0,4158,2016-04-06 04:17:13
300890,2016-03-29 13:55:39,Seat_Toledo_2.0i_Magnus_Automatik,privat,Angebot,680,control,limousine,1997,automatik,116,toledo,90000,9,benzin,seat,nein,2016-03-29 00:00:00,0,22143,2016-04-05 23:17:48
328777,2016-03-22 14:46:45,Volkswagen_Golf_2.0_R,privat,Angebot,28900,control,limousine,2010,manuell,271,golf,20000,10,benzin,volkswagen,nein,2016-03-22 00:00:00,0,45659,2016-04-06 03:45:54
266904,2016-03-23 21:56:44,Audi_A4_Avant_2_7TDI_DPF_Xenon_Leder_8fach_Alu_Multilenkrad_PDC,privat,Angebot,9490,test,kombi,2006,manuell,179,a4,150000,7,diesel,audi,nein,2016-03-23 00:00:00,0,91085,2016-04-06 05:45:31
64710,2016-03-14 12:49:24,BMW_528_i__zum_ausschlachten_oder_herrichten,privat,Angebot,699,test,limousine,1997,manuell,193,5er,150000,3,benzin,bmw,,2016-03-14 00:00:00,0,94481,2016-03-22 06:17:52
241072,2016-03-26 18:40:37,Audi_A4_Avant_2_0_TDI_140_PS__Brilliantschwarz_sehr_gepflegt,privat,Angebot,6600,test,kombi,2005,manuell,140,a4,150000,8,diesel,audi,nein,2016-03-26 00:00:00,0,86695,2016-04-06 07:44:57
270558,2016-04-02 23:39:53,Citroen_C8,privat,Angebot,1200,test,bus,2003,manuell,136,andere,150000,0,benzin,citroen,,2016-04-02 00:00:00,0,67316,2016-04-03 00:41:29
283130,2016-03-10 19:48:27,BMW_E34_2.0_TOURiNG,privat,Angebot,2399,control,kombi,1995,manuell,150,,80000,5,benzin,bmw,nein,2016-03-10 00:00:00,0,12437,2016-04-06 03:45:58
146973,2016-03-22 19:53:04,VW_Passat_1.8_Mit_Klima_Tuev_6.16,privat,Angebot,990,test,,2016,manuell,125,passat,150000,5,,volkswagen,nein,2016-03-22 00:00:00,0,44145,2016-03-22 20:41:24
203535,2016-04-02 22:37:59,Opel_Corsa_b,privat,Angebot,799,test,kleinwagen,1998,manuell,0,corsa,125000,6,benzin,opel,,2016-04-02 00:00:00,0,68535,2016-04-02 23:46:31
331443,2016-04-04 13:44:58,Honda_Civic_1.4i_Klima_TÜV,privat,Angebot,599,control,limousine,1997,manuell,90,civic,150000,6,benzin,honda,nein,2016-04-04 00:00:00,0,39124,2016-04-04 13:44:58
38031,2016-04-02 14:49:59,"BMW_728_LPG__AUTOGAS__20_""__AUTOMATIK__LEDER__TÜV_NEU__TAUSCH_MGL",privat,Angebot,3999,test,limousine,1997,automatik,192,7er,150000,2,lpg,bmw,nein,2016-04-02 00:00:00,0,23923,2016-04-06 13:17:39
349748,2016-03-27 11:49:42,*VW_Polo_6N*,privat,Angebot,900,test,kleinwagen,1996,manuell,60,polo,150000,9,benzin,volkswagen,nein,2016-03-27 00:00:00,0,22117,2016-04-07 07:16:07
316022,2016-03-12 22:56:51,Mercedes_Benz_300_SE,privat,Angebot,15500,control,limousine,1989,automatik,179,andere,70000,10,benzin,mercedes_benz,nein,2016-03-12 00:00:00,0,77977,2016-04-06 11:15:58
291331,2016-04-03 17:37:17,Ford_Mondeo_2_0_Diesel_DPF_gruene_Plakette,privat,Angebot,1700,test,kombi,2004,manuell,115,mondeo,150000,11,,ford,nein,2016-04-03 00:00:00,0,21073,2016-04-05 17:26:26
310896,2016-03-09 11:12:51,Kia_Sportage_2.0_EX_4WD_Allrad,privat,Angebot,6990,control,suv,2007,manuell,141,sportage,70000,10,benzin,kia,nein,2016-03-07 00:00:00,0,65396,2016-03-15 03:17:41
140903,2016-03-27 03:57:31,VW_Polo_6N__MIT_TÜV__5_Tuerer_Fahrbereit_!,privat,Angebot,789,test,kleinwagen,1997,manuell,60,polo,150000,10,benzin,volkswagen,,2016-03-27 00:00:00,0,34497,2016-04-07 05:17:16
167677,2016-03-30 17:36:19,Ford_Probe_2_2_5_24V,privat,Angebot,360,control,coupe,1993,manuell,165,andere,150000,6,benzin,ford,,2016-03-30 00:00:00,0,6249,2016-04-07 08:16:32
336095,2016-03-25 14:46:46,Fiat_2.8_TDI,privat,Angebot,3500,control,bus,1999,manuell,122,ducato,60000,7,diesel,fiat,nein,2016-03-25 00:00:00,0,72290,2016-04-06 17:46:38
337724,2016-03-11 23:55:39,Ford_Kuga_2.0_TDCi_4x4_Titanium,privat,Angebot,7690,test,suv,2012,manuell,140,kuga,150000,4,diesel,ford,nein,2016-03-11 00:00:00,0,1906,2016-03-12 06:47:50
138532,2016-03-21 19:54:26,Sehr_schoener.__Ka_abzugeben,privat,Angebot,3700,test,kleinwagen,2009,manuell,0,ka,70000,6,benzin,ford,,2016-03-21 00:00:00,0,12627,2016-03-21 19:54:26
36620,2016-03-17 18:58:01,BMW_323i_Automatik_mit_AHK_E46,privat,Angebot,4895,control,limousine,1998,automatik,170,3er,150000,9,benzin,bmw,nein,2016-03-17 00:00:00,0,55234,2016-04-07 06:16:59
5092,2016-04-03 09:56:27,BMW_E46_318i_mit_M_Packet__8x18_vorn_10x18_hinten,privat,Angebot,2500,control,limousine,2000,manuell,118,3er,150000,0,benzin,bmw,,2016-04-03 00:00:00,0,51702,2016-04-07 11:17:27
326814,2016-03-13 12:51:20,Seat_Ibiza_1999_1.4_fuer_basler_oder_ausschlachten_unfalwagen,privat,Angebot,265,test,kleinwagen,1999,manuell,75,ibiza,150000,5,benzin,seat,ja,2016-03-13 00:00:00,0,45478,2016-04-06 15:45:07
206998,2016-03-26 21:49:06,Peugeot_207_SW_Family_Silber_metallic,privat,Angebot,7300,control,andere,2011,manuell,92,2_reihe,100000,8,diesel,peugeot,nein,2016-03-26 00:00:00,0,67125,2016-04-06 13:16:35
1458,2016-03-26 19:36:22,Mercedes_Benz_Sprinter_211_CDI___Klimaanlage___3_Sitzer___Kast,privat,Angebot,6800,control,bus,2007,manuell,109,sprinter,150000,9,diesel,mercedes_benz,nein,2016-03-26 00:00:00,0,45525,2016-04-06 10:45:19
25686,2016-03-30 08:50:34,Renault_Scenic_Automatik,privat,Angebot,750,control,bus,1999,automatik,139,scenic,125000,9,benzin,renault,nein,2016-03-30 00:00:00,0,47809,2016-04-07 00:17:21
62237,2016-03-28 20:37:19,Volkswagen_Polo_1.6_TDI_Trendline_5__tuerig___Schwarz,privat,Angebot,7300,control,kleinwagen,2009,manuell,75,polo,100000,11,diesel,volkswagen,nein,2016-03-28 00:00:00,0,82296,2016-04-07 10:15:50
65998,2016-03-23 11:56:24,BMW_323i_Touring_Exclusiv_M_Paket,privat,Angebot,1300,test,kombi,1997,manuell,170,3er,150000,8,benzin,bmw,nein,2016-03-23 00:00:00,0,85104,2016-03-26 04:47:52
157439,2016-04-04 22:39:06,Volvo_v50_Kinetik_d5,privat,Angebot,6999,test,,2016,automatik,180,v50,150000,10,,volvo,,2016-04-04 00:00:00,0,30823,2016-04-07 01:16:25
304921,2016-03-14 19:38:23,Sehr_schicker_GOLF_4,privat,Angebot,1299,control,limousine,1997,manuell,101,golf,150000,0,benzin,volkswagen,,2016-03-14 00:00:00,0,10777,2016-04-06 04:17:24
168558,2016-03-05 16:57:28,Volkswagen_Golf_1.4_FSI_Comfortline,privat,Angebot,3290,control,limousine,2004,manuell,90,golf,150000,6,benzin,volkswagen,nein,2016-03-05 00:00:00,0,66538,2016-03-25 21:17:14
200479,2016-03-12 08:54:53,Renault_Megane_Cabrio,privat,Angebot,690,control,cabrio,2000,manuell,0,megane,150000,0,benzin,renault,ja,2016-03-12 00:00:00,0,41836,2016-03-19 04:47:08
603,2016-03-20 16:44:16,VW_Sharan_Family_1.9_TDI,privat,Angebot,4000,test,bus,2001,manuell,115,sharan,150000,0,diesel,volkswagen,nein,2016-03-20 00:00:00,0,26603,2016-03-27 04:44:28
195310,2016-03-30 22:47:47,Bmw_m_316i_316_e46,privat,Angebot,2000,control,limousine,1999,manuell,0,3er,150000,0,benzin,bmw,,2016-03-30 00:00:00,0,27632,2016-04-05 14:18:11
271019,2016-03-21 08:25:20,Opel_Corsa_B_bj_97/60ps/_1_4l/kein_TÜV,privat,Angebot,300,control,kleinwagen,1997,manuell,60,corsa,150000,0,benzin,opel,,2016-03-21 00:00:00,0,35708,2016-03-21 10:07:15
325473,2016-03-29 21:06:22,BMW_316i,privat,Angebot,3850,control,limousine,2002,manuell,116,3er,150000,11,benzin,bmw,nein,2016-03-29 00:00:00,0,60316,2016-04-02 13:47:45
150489,2016-04-03 23:53:16,VW_Polo_2011_KLIMA,privat,Angebot,7444,control,,2016,manuell,60,polo,60000,8,benzin,volkswagen,nein,2016-04-03 00:00:00,0,48341,2016-04-04 06:49:52
262594,2016-04-04 19:36:23,Citroën_berlingo_Benzin_Tuev__3/2018,privat,Angebot,1250,test,,2018,manuell,75,berlingo,150000,3,benzin,citroen,nein,2016-04-04 00:00:00,0,46459,2016-04-04 19:36:23
240980,2016-03-25 15:56:30,Volkswagen_Golf_1.4,privat,Angebot,2500,test,limousine,1999,manuell,75,golf,150000,3,benzin,volkswagen,nein,2016-03-25 00:00:00,0,22119,2016-04-02 19:48:22
245208,2016-03-28 20:53:29,polo_6n2__zuverkaufen,privat,Angebot,2200,control,,2018,manuell,60,polo,150000,3,,volkswagen,nein,2016-03-28 00:00:00,0,29525,2016-03-28 20:53:29
257455,2016-03-27 08:55:07,Alfa_Romeo_Gtv___bj_2000,privat,Angebot,1800,test,coupe,2000,manuell,146,andere,150000,0,benzin,alfa_romeo,nein,2016-03-27 00:00:00,0,99310,2016-03-27 10:39:39
75879,2016-03-14 03:42:36,Mercedes_Benz_E_500_7G_TRONIC,privat,Angebot,8800,test,limousine,2003,automatik,306,e_klasse,150000,11,lpg,mercedes_benz,nein,2016-03-13 00:00:00,0,45879,2016-04-07 00:44:51
366591,2016-04-03 11:37:01,BMW_316i_mit_8_fach_Bereifung,privat,Angebot,500,control,coupe,1996,manuell,102,3er,150000,11,benzin,bmw,nein,2016-04-03 00:00:00,0,88450,2016-04-07 12:44:42
37679,2016-03-29 14:55:54,Polo_ohne_TÜV_Bastler,privat,Angebot,99,test,,1995,,75,polo,150000,0,,volkswagen,,2016-03-29 00:00:00,0,97509,2016-03-31 08:16:47
42895,2016-03-30 15:58:55,Peugeot_207CC_150_THP_Sport,privat,Angebot,6900,test,cabrio,2007,manuell,150,2_reihe,100000,12,benzin,peugeot,nein,2016-03-30 00:00:00,0,40231,2016-04-07 07:16:01
40347,2016-03-31 23:38:00,Nissan_Micra_1.2_visia,privat,Angebot,2800,control,kleinwagen,2003,manuell,80,micra,70000,3,benzin,nissan,nein,2016-03-31 00:00:00,0,50321,2016-04-07 01:44:34
12789,2016-03-09 13:43:49,Opel_Corsa_1.2_16V_Scheckheftgepflegt,privat,Angebot,2700,control,kleinwagen,2006,manuell,80,corsa,150000,3,benzin,opel,nein,2016-03-09 00:00:00,0,79618,2016-04-06 01:48:36
270477,2016-03-23 19:43:20,Golf_6_GTI_Edition_35__Garantie__Leder__Navi__Xenon,privat,Angebot,18490,control,limousine,2012,manuell,235,golf,60000,3,benzin,volkswagen,nein,2016-03-23 00:00:00,0,29313,2016-03-29 14:47:27
185192,2016-03-29 17:47:45,BMW_120D_E87_130_KW_/_177_PS,privat,Angebot,9500,control,limousine,2008,manuell,177,1er,100000,9,diesel,bmw,nein,2016-03-29 00:00:00,0,10243,2016-04-06 03:44:58
294873,2016-03-08 14:45:27,Golf_1.4_Baujahr_1999,privat,Angebot,1200,test,limousine,1999,manuell,75,golf,150000,11,benzin,volkswagen,nein,2016-03-08 00:00:00,0,51069,2016-03-09 13:17:08
33273,2016-03-12 17:50:23,Golf_4_V5_2_3L_LPG_Automatik_Klima_sehr_Sparsam_30€_ca.550Km,privat,Angebot,2000,test,coupe,1998,automatik,150,golf,150000,8,lpg,volkswagen,nein,2016-03-12 00:00:00,0,40221,2016-03-16 21:47:54
211068,2016-03-09 12:39:14,Mercedes_Benz_A_170_CDI,privat,Angebot,2250,control,limousine,2003,manuell,95,a_klasse,150000,2,diesel,mercedes_benz,nein,2016-03-09 00:00:00,0,47179,2016-03-12 23:15:34
347793,2016-03-11 10:52:22,Opel_Corsa_16V_Edition_100,privat,Angebot,1200,test,kleinwagen,1999,manuell,65,corsa,100000,11,benzin,opel,ja,2016-03-11 00:00:00,0,57072,2016-04-07 01:45:08
185578,2016-04-07 10:36:35,Mercedes_Benz_E_200_Kombi,privat,Angebot,1999,control,kombi,2002,manuell,136,e_klasse,150000,5,benzin,mercedes_benz,nein,2016-04-07 00:00:00,0,90766,2016-04-07 10:36:35
30459,2016-03-17 22:38:01,Audi_A4_1.8_T_quattro,privat,Angebot,3899,test,limousine,2003,manuell,163,a4,150000,4,benzin,audi,nein,2016-03-17 00:00:00,0,50823,2016-04-01 18:45:43
20085,2016-04-04 19:45:25,Audi_TT_1.8_T_S_Line,privat,Angebot,5000,test,coupe,2000,manuell,179,tt,150000,0,benzin,audi,nein,2016-04-04 00:00:00,0,44388,2016-04-06 21:46:40
320011,2016-03-19 11:50:49,C220_CDI_AMG_AVANTGARDE_NAVI,privat,Angebot,8000,test,kombi,2009,,177,c_klasse,125000,10,diesel,mercedes_benz,nein,2016-03-19 00:00:00,0,71254,2016-03-19 11:50:49
246906,2016-03-14 10:51:56,Mercedes_Benz_C_180_Kompressor,privat,Angebot,6099,control,limousine,2005,manuell,143,c_klasse,150000,5,benzin,mercedes_benz,nein,2016-03-14 00:00:00,0,97424,2016-04-07 12:46:40
325184,2016-04-01 16:55:22,Volkswagen_Passat_Variant_1.9_TDI_Highline,privat,Angebot,2100,control,kombi,2001,manuell,131,passat,150000,11,diesel,volkswagen,nein,2016-04-01 00:00:00,0,13187,2016-04-05 12:17:47
71445,2016-03-15 13:57:27,Honda_civic_1_4_is_ej9_TÜV_Neu,privat,Angebot,949,control,kleinwagen,1996,manuell,90,civic,150000,1,benzin,honda,nein,2016-03-15 00:00:00,0,44629,2016-03-23 22:19:33
286531,2016-03-10 13:55:17,Ford_Galaxy,privat,Angebot,1850,test,bus,2000,manuell,145,galaxy,150000,5,benzin,ford,nein,2016-03-10 00:00:00,0,56316,2016-03-28 03:44:25
265854,2016-03-12 23:57:52,Opel_Astra_1.7_CDTI_Caravan,privat,Angebot,3400,control,kombi,2005,manuell,80,astra,150000,8,diesel,opel,nein,2016-03-12 00:00:00,0,52499,2016-03-17 12:44:43
321386,2016-03-10 10:51:57,Kia_Carens_defeckt,privat,Angebot,350,test,kombi,2002,manuell,81,andere,5000,4,benzin,kia,ja,2016-03-10 00:00:00,0,45891,2016-03-12 14:45:35
106591,2016-03-27 17:37:53,Golf_4_1_4_16_v__4_tuer_rot_nur_149000_km_tuev_neu,privat,Angebot,2490,test,kleinwagen,1999,manuell,55,golf,150000,4,benzin,volkswagen,nein,2016-03-27 00:00:00,0,87600,2016-04-05 13:17:38
137955,2016-03-28 09:56:54,Peugeot_206_CC_110_Platinum,privat,Angebot,3499,control,cabrio,2002,manuell,109,2_reihe,150000,8,benzin,peugeot,nein,2016-03-28 00:00:00,0,86669,2016-04-06 11:16:23
223649,2016-03-12 09:49:37,BMW_116i__nur_22tkm__Monitor__PDC,privat,Angebot,14950,control,limousine,2012,,136,1er,30000,12,benzin,bmw,nein,2016-03-12 00:00:00,0,92331,2016-03-13 00:45:41
38792,2016-04-01 18:44:30,Seat_Altea_XL_1_6_TDI_Style_mit_AHK,privat,Angebot,11000,control,kombi,2011,manuell,105,altea,100000,3,diesel,seat,nein,2016-04-01 00:00:00,0,46395,2016-04-05 14:17:25
265903,2016-03-11 15:46:44,Twingo._Benzin,privat,Angebot,1800,test,kleinwagen,2004,manuell,58,twingo,125000,12,benzin,renault,,2016-03-11 00:00:00,0,50997,2016-03-14 12:46:29
88312,2016-03-29 23:43:28,Opel_Tigra_Twin_Top_1.4,privat,Angebot,5100,control,cabrio,2005,manuell,90,tigra,90000,5,benzin,opel,nein,2016-03-29 00:00:00,0,55545,2016-04-06 10:45:01
80307,2016-03-06 20:38:43,Volkswagen_polo_tuv_bis_09.16,privat,Angebot,170,control,kleinwagen,1997,manuell,0,polo,150000,0,,volkswagen,,2016-03-06 00:00:00,0,54649,2016-04-06 23:15:28
167372,2016-04-03 17:41:56,BMW_320i_Cabrio_Aut.,privat,Angebot,25000,test,cabrio,2013,automatik,170,3er,40000,7,benzin,bmw,nein,2016-04-03 00:00:00,0,45665,2016-04-03 17:41:56
130173,2016-03-24 14:36:16,Mercedes_Benz_SL_350_Cabrio_mit_Notsitzen_und_Hardtop,privat,Angebot,12900,test,cabrio,1976,automatik,194,sl,150000,7,benzin,mercedes_benz,nein,2016-03-24 00:00:00,0,51375,2016-03-28 23:17:17
371313,2016-03-30 14:54:35,Volkswagen_Golf_III_Cabrio_1.8,privat,Angebot,1000,control,cabrio,1995,manuell,82,golf,150000,7,benzin,volkswagen,nein,2016-03-30 00:00:00,0,31832,2016-04-07 06:15:44
112533,2016-03-12 14:47:21,T5_Multivan_Caravelle_etc.,privat,Angebot,9000,test,,2007,manuell,0,transporter,100000,0,,volkswagen,,2016-03-12 00:00:00,0,12435,2016-04-07 01:17:00
123147,2016-03-27 12:51:15,Honda_Accord_1.8i,privat,Angebot,1150,test,limousine,1997,manuell,116,accord,150000,5,benzin,honda,nein,2016-03-27 00:00:00,0,59075,2016-04-05 05:47:24
346186,2016-03-10 16:37:18,Mercedes_A_150___5_Tuerer___Scheckh.___TÜV_11/17___8_fach_bereift,privat,Angebot,5599,control,limousine,2004,manuell,95,a_klasse,100000,11,benzin,mercedes_benz,nein,2016-03-10 00:00:00,0,29640,2016-03-12 06:18:00
311066,2016-03-22 12:48:45,Toyota_Prius__Hybrid__Executive,privat,Angebot,10590,control,limousine,2012,automatik,99,andere,60000,7,hybrid,toyota,nein,2016-03-22 00:00:00,0,49492,2016-03-31 08:45:40
278533,2016-03-31 19:42:50,Ford_Fiesta_inkl_Sommer_&_Winterreifen_Euro_2_TÜV_04/2016,privat,Angebot,200,control,kleinwagen,1998,manuell,50,fiesta,100000,4,benzin,ford,,2016-03-31 00:00:00,0,37431,2016-03-31 19:42:50
93244,2016-03-07 17:41:39,Citroën_Saxo_1.1_Chrono,privat,Angebot,799,test,kleinwagen,2001,manuell,60,andere,150000,5,benzin,citroen,nein,2016-03-07 00:00:00,0,46117,2016-03-07 17:41:39
296809,2016-04-01 22:46:39,BMW_E30_320_i_Cabrio__VFL_/_BBS_/_Zahnriemen+TÜV+Inspektion__Neu,privat,Angebot,7999,test,cabrio,1990,manuell,129,3er,150000,3,benzin,bmw,,2016-04-01 00:00:00,0,56203,2016-04-05 14:44:35
275838,2016-03-23 13:45:42,MAZDA_MPV___EXTRAS___7_Einzelsitze/Anhaengerkupplung,privat,Angebot,1400,test,bus,2000,manuell,122,andere,150000,12,benzin,mazda,nein,2016-03-23 00:00:00,0,21039,2016-03-23 13:45:42
6875,2016-03-09 19:55:39,Smart_Cabrio,privat,Angebot,1199,test,cabrio,2001,,60,fortwo,150000,3,benzin,smart,nein,2016-03-09 00:00:00,0,26603,2016-03-12 20:49:11
328280,2016-03-17 14:56:09,Ford_scopio_zu_verkaufen,privat,Angebot,250,control,limousine,1996,automatik,136,andere,150000,2,benzin,ford,,2016-03-17 00:00:00,0,37619,2016-04-06 22:45:43
26282,2016-03-13 20:06:18,VW_Polo_1.2_Klima_TÜV_neu!_...seit_10_Jahren_in_einer_Hand,privat,Angebot,2850,test,kleinwagen,2004,manuell,54,polo,125000,8,benzin,volkswagen,nein,2016-03-13 00:00:00,0,56566,2016-03-19 07:45:17
224650,2016-03-28 09:51:25,Lexus_RX_300_Luxury,privat,Angebot,9000,control,suv,2005,automatik,204,,150000,5,lpg,sonstige_autos,ja,2016-03-28 00:00:00,0,63811,2016-04-06 11:47:06
170664,2016-03-10 22:50:36,VW_T5_Tdi_2_5,privat,Angebot,6500,control,bus,2005,manuell,131,transporter,150000,8,diesel,volkswagen,,2016-03-10 00:00:00,0,48565,2016-03-12 05:45:32
179163,2016-03-20 23:58:22,Opel_Vectra_B_mit_Gewindefahrwerk_und_div._Ersatzteilen,privat,Angebot,250,control,limousine,1996,manuell,115,vectra,150000,5,benzin,opel,,2016-03-20 00:00:00,0,6237,2016-04-05 21:17:57
191354,2016-03-30 18:56:03,Citroën_Xantia_2.0_16V_Edition,privat,Angebot,500,test,limousine,1999,manuell,132,andere,150000,8,benzin,citroen,nein,2016-03-30 00:00:00,0,38350,2016-04-07 10:17:13
191582,2016-03-12 08:36:22,Mazda_323_f,privat,Angebot,425,control,kleinwagen,2000,manuell,73,3_reihe,150000,0,benzin,mazda,ja,2016-03-12 00:00:00,0,29410,2016-04-06 00:17:58
296064,2016-03-20 13:25:23,Calibra_turbo_4x4,privat,Angebot,10000,test,coupe,1993,manuell,204,calibra,150000,0,benzin,opel,,2016-03-20 00:00:00,0,65462,2016-04-06 21:16:57
155498,2016-03-13 14:51:46,BMW_116i_Facelift,privat,Angebot,9990,test,limousine,2009,manuell,122,1er,90000,12,diesel,bmw,nein,2016-03-13 00:00:00,0,54689,2016-04-06 16:17:11
190998,2016-03-11 11:37:41,Ich_verkaufe_einen_schoenen_Suzuki_Swift,privat,Angebot,7000,control,kleinwagen,2009,automatik,90,swift,40000,3,benzin,suzuki,,2016-03-11 00:00:00,0,80805,2016-04-07 01:44:58
311876,2016-03-08 23:36:23,T4_Multivan_TOPSTAR_mit_DPF,privat,Angebot,7900,control,bus,1998,manuell,102,transporter,150000,3,diesel,volkswagen,nein,2016-03-08 00:00:00,0,14532,2016-03-17 18:18:06
138574,2016-03-21 09:50:37,Mercedes_Benz_E_280_CDI_7G_TRONIC_Avantgarde_DPF,privat,Angebot,11995,control,limousine,2006,automatik,190,e_klasse,150000,12,diesel,mercedes_benz,nein,2016-03-21 00:00:00,0,12099,2016-04-04 02:17:03
105995,2016-03-30 12:36:34,MINI_Mini_One,privat,Angebot,14500,control,kleinwagen,2013,manuell,75,one,30000,9,benzin,mini,nein,2016-03-30 00:00:00,0,32049,2016-04-07 03:15:40
34921,2016-03-12 11:46:16,BMW_318_Ci_2.0_E46_Coupé_KLIMA/FACELIFT`Mod.04_Tuev10/16,privat,Angebot,3490,test,coupe,2003,manuell,0,3er,150000,10,,bmw,nein,2016-03-12 00:00:00,0,55543,2016-03-20 09:45:21
76528,2016-03-20 17:54:52,Kia_Sportage_4WD_EURO4_Scheckhelft_2.Hand_TÜV_07/2017,privat,Angebot,5799,test,suv,2008,manuell,141,sportage,150000,3,benzin,kia,nein,2016-03-20 00:00:00,0,59075,2016-03-25 19:15:42
237712,2016-04-03 20:45:23,Vw_Passat_1.6,privat,Angebot,3500,test,limousine,2004,manuell,0,passat,150000,1,benzin,volkswagen,ja,2016-04-03 00:00:00,0,27283,2016-04-05 21:18:15
71683,2016-03-25 20:52:33,Fiat_Punto_guenstig,privat,Angebot,400,control,kleinwagen,2002,manuell,60,punto,125000,2,benzin,fiat,,2016-03-25 00:00:00,0,91560,2016-03-27 09:17:59
86019,2016-03-15 16:54:38,Audi_A4_Avant_Automatik_1.8_Lpg_Gasanlage,privat,Angebot,500,control,kombi,1997,automatik,125,a4,150000,8,benzin,audi,nein,2016-03-15 00:00:00,0,13057,2016-03-15 16:54:38
124079,2016-03-19 13:43:57,Golf_3_GT_101_PS_!!!,privat,Angebot,700,test,limousine,1995,manuell,101,golf,150000,6,benzin,volkswagen,ja,2016-03-19 00:00:00,0,22143,2016-04-04 17:17:35
10338,2016-03-13 00:46:59,Volvo_V70_D5_Summum,privat,Angebot,4800,control,kombi,2004,automatik,163,v70,150000,10,diesel,volvo,nein,2016-03-12 00:00:00,0,66113,2016-03-15 14:19:18
73009,2016-03-13 23:41:19,Mercedes_Benz_250_TD,privat,Angebot,1890,test,kombi,1992,manuell,90,andere,150000,12,diesel,mercedes_benz,nein,2016-03-13 00:00:00,0,83533,2016-04-06 19:17:52
209620,2016-03-06 13:25:20,Citroën_C1_1.0_Style,privat,Angebot,3400,control,kleinwagen,2007,manuell,68,c1,60000,2,benzin,citroen,nein,2016-03-06 00:00:00,0,65205,2016-03-06 14:07:03
6228,2016-03-31 08:57:29,e46_330d_Diesel_Touring_Leder_Navi_Xenon_PDCTuev_06/2017,privat,Angebot,4250,control,kombi,2003,manuell,184,3er,150000,3,diesel,bmw,nein,2016-03-31 00:00:00,0,92660,2016-04-06 03:15:46
27587,2016-03-10 18:57:23,Ford_Focus_Kombi_TDCi_Titanium,privat,Angebot,13000,test,kombi,2012,manuell,115,focus,80000,8,diesel,ford,nein,2016-03-10 00:00:00,0,95191,2016-03-21 08:45:08
281179,2016-03-21 13:38:57,Renault_Clio_mit_Tuev,privat,Angebot,600,test,kleinwagen,2000,manuell,75,clio,150000,3,benzin,renault,nein,2016-03-21 00:00:00,0,32758,2016-03-25 09:47:49
27600,2016-03-05 21:51:12,braune_Trabbi_Limousine,privat,Angebot,500,test,limousine,1964,,23,601,5000,7,benzin,trabant,,2016-03-05 00:00:00,0,36391,2016-03-24 16:17:41
282308,2016-04-03 14:50:54,*_VW_Golf_4_Tuev_NEU_68.000_km_Automatik_Klima_*,privat,Angebot,2999,test,,2018,automatik,0,golf,70000,5,benzin,volkswagen,,2016-04-03 00:00:00,0,22415,2016-04-05 13:47:45
245025,2016-03-17 21:25:36,Passat_Variant_2.0TDI_DPF_Highline,privat,Angebot,2600,control,limousine,2005,manuell,0,passat,150000,9,diesel,volkswagen,,2016-03-17 00:00:00,0,55118,2016-03-17 21:25:36
47916,2016-04-04 18:45:27,Opel_Zafira_1.9_CDTI,privat,Angebot,7400,test,bus,2007,manuell,150,zafira,150000,6,diesel,opel,nein,2016-04-04 00:00:00,0,57413,2016-04-06 20:46:14
195165,2016-03-16 17:52:34,Renault_Clio_1.6_16V_Grandtour_Aut._Edition_Dynamique,privat,Angebot,4700,control,kombi,2008,automatik,111,clio,90000,4,benzin,renault,nein,2016-03-16 00:00:00,0,25770,2016-03-16 17:52:34
211359,2016-03-28 11:57:38,Smart_451___Navi__Kamera__Led_Tagfahrlicht,privat,Angebot,5500,control,kleinwagen,2008,automatik,71,fortwo,60000,10,benzin,smart,nein,2016-03-28 00:00:00,0,90429,2016-04-02 15:45:36
98541,2016-03-07 18:56:47,Audi_RS6_Avant_Dynamik.Plus_Vmax_305_B&O,privat,Angebot,107000,control,kombi,2015,automatik,560,andere,10000,1,benzin,audi,nein,2016-03-07 00:00:00,0,6128,2016-04-07 09:45:11
345431,2016-03-19 12:53:34,Ford_Fiesta_Style,privat,Angebot,500,test,kleinwagen,1997,manuell,60,fiesta,150000,9,benzin,ford,nein,2016-03-19 00:00:00,0,45772,2016-03-21 17:19:15
11220,2016-03-29 23:56:32,Audi_A6_Avant_3.0_TDI_DPF_quattro_tiptronic,privat,Angebot,22900,control,kombi,2010,automatik,310,a6,125000,1,diesel,audi,nein,2016-03-29 00:00:00,0,80638,2016-04-06 21:44:58
160554,2016-03-30 11:54:10,Versicherung_gesucht_fuer_KFZ,privat,Angebot,0,test,kombi,1999,manuell,101,passat,150000,12,,volkswagen,nein,2016-03-30 00:00:00,0,26624,2016-03-30 11:54:10
245998,2016-03-10 20:40:59,Volkswagen_Up!__Beispielbild_,privat,Angebot,7500,test,kleinwagen,2012,manuell,60,up,20000,1,benzin,volkswagen,,2016-03-10 00:00:00,0,54329,2016-03-21 12:16:43
251165,2016-03-26 19:36:24,Volkswagen_Caddy_2.0_TDI_Maxi__7_Si.__Navi_PDC_AHK_TÜV/AU,privat,Angebot,8950,control,kombi,2009,manuell,140,caddy,150000,8,diesel,volkswagen,nein,2016-03-26 00:00:00,0,38259,2016-04-06 10:45:21
96797,2016-03-25 09:54:45,Mazda_6_Sport_Kombi_2_3_Active_Plus___Leder_Xenon__Bose;_4_Winter,privat,Angebot,6300,test,kombi,2006,manuell,167,6_reihe,125000,10,benzin,mazda,nein,2016-03-25 00:00:00,0,91336,2016-03-29 22:16:19
254108,2016-03-20 18:36:48,SLK_200_Kompressor,privat,Angebot,16000,test,cabrio,2009,automatik,183,slk,125000,5,benzin,mercedes_benz,nein,2016-03-20 00:00:00,0,88367,2016-03-21 21:45:37
117251,2016-03-10 19:44:39,Ford_Focus_1.6_Futura,privat,Angebot,500,control,limousine,2003,manuell,101,focus,150000,7,benzin,ford,ja,2016-03-10 00:00:00,0,4357,2016-03-19 06:46:28
128875,2016-03-25 19:54:47,VW_GOLF_PLUS_2.0_TDI_DPF_DSG,privat,Angebot,6999,test,bus,2007,automatik,140,golf,150000,2,diesel,volkswagen,nein,2016-03-25 00:00:00,0,51399,2016-04-01 05:16:29
353651,2016-03-08 19:57:31,Opel_Astra_1.9_CDTI_Caravan_Neuen_Tuev_DPF_OPC_Line_*Top*,privat,Angebot,3800,test,,2018,manuell,150,,150000,8,,opel,nein,2016-03-08 00:00:00,0,15711,2016-03-12 07:46:39
106595,2016-03-27 20:54:29,hyundai_matrix,privat,Angebot,3200,control,,2007,manuell,110,andere,150000,0,diesel,hyundai,nein,2016-03-27 00:00:00,0,94032,2016-04-05 20:17:35
57586,2016-03-14 15:38:54,Opel_Corsa_B__Eco__2000_Edition,privat,Angebot,850,control,kleinwagen,2000,manuell,55,corsa,150000,3,benzin,opel,nein,2016-03-14 00:00:00,0,24975,2016-03-20 02:47:55
50347,2016-03-21 23:54:08,Auto_zum_Verkauf,privat,Angebot,3500,test,kombi,2003,automatik,174,a6,150000,4,diesel,audi,nein,2016-03-21 00:00:00,0,88045,2016-03-26 07:17:11
34606,2016-04-04 18:51:56,Smart_smart_fortwo_cabrio_softtouch_passion_cdi,privat,Angebot,4250,test,cabrio,2005,automatik,41,fortwo,125000,9,diesel,smart,nein,2016-04-04 00:00:00,0,26655,2016-04-06 21:16:05
273181,2016-04-01 20:45:59,Peugeot_207_Sport_+Klima!!!,privat,Angebot,5490,test,kleinwagen,2009,manuell,120,2_reihe,60000,4,benzin,peugeot,nein,2016-04-01 00:00:00,0,67360,2016-04-05 18:15:35
124513,2016-03-16 23:38:00,MB_115__/8_zuverkaufen,privat,Angebot,3900,test,,1980,manuell,0,andere,150000,6,benzin,mercedes_benz,nein,2016-03-16 00:00:00,0,27568,2016-03-22 12:16:55
58549,2016-03-07 23:06:22,BMW_320i_original_M_Cabrio___Beschreibung_lesen,privat,Angebot,8500,control,cabrio,2001,manuell,170,3er,5000,7,benzin,bmw,nein,2016-03-07 00:00:00,0,56203,2016-04-05 16:44:31
86191,2016-04-03 14:50:39,Golf_3_Benziner_mit_TÜV,privat,Angebot,250,test,,2016,manuell,0,golf,150000,0,,volkswagen,ja,2016-04-03 00:00:00,0,88630,2016-04-05 13:47:44
369491,2016-03-10 17:06:19,Der_kleine_Schwarze___Smart_four_two,privat,Angebot,2500,test,coupe,2005,automatik,61,fortwo,125000,11,benzin,smart,nein,2016-03-10 00:00:00,0,60435,2016-03-11 08:16:33
22679,2016-04-04 10:55:10,Mercedes__Benz_C_200_Cdi._Euro_4,privat,Angebot,4350,control,limousine,2005,manuell,122,c_klasse,150000,3,diesel,mercedes_benz,,2016-04-04 00:00:00,0,27612,2016-04-04 10:55:10
170344,2016-03-21 14:52:59,Mercedes_Benz_C_180_Eleg_Facelift_Scheckheft_technisch_TOP,privat,Angebot,2490,control,limousine,1997,manuell,122,c_klasse,150000,8,benzin,mercedes_benz,nein,2016-03-21 00:00:00,0,87435,2016-04-06 12:15:39
94646,2016-03-16 18:59:12,OPEL_Corsa_D__1_2___sehr_gepflegt,privat,Angebot,5790,control,kleinwagen,2009,manuell,80,corsa,60000,4,benzin,opel,nein,2016-03-16 00:00:00,0,45892,2016-03-19 17:19:55
85857,2016-03-12 18:46:02,BMW_525I_Shadownline__Leder__Verkauf/Tausch_gegen_V8__Us__7er_GTI,privat,Angebot,4500,test,kombi,2001,automatik,192,5er,150000,1,benzin,bmw,nein,2016-03-12 00:00:00,0,15517,2016-03-29 04:16:05
175218,2016-03-10 23:25:25,BMW_320d_DPF_Aut.,privat,Angebot,6450,test,limousine,2006,automatik,163,3er,150000,10,diesel,bmw,nein,2016-03-10 00:00:00,0,63303,2016-03-21 01:45:57
189641,2016-03-11 08:53:04,info_email_bitte,privat,Angebot,9000,test,,2009,manuell,0,golf,90000,0,benzin,volkswagen,nein,2016-03-11 00:00:00,0,83454,2016-03-19 11:44:23
331977,2016-03-12 10:57:05,"Volkswagen_Golf_5_V_""TopZustand""TueV""",privat,Angebot,2800,control,limousine,2004,manuell,75,golf,100000,9,benzin,volkswagen,nein,2016-03-12 00:00:00,0,6295,2016-03-19 07:45:17
213464,2016-03-28 16:36:43,BMW_330d_touring_voll_ausgestattet,privat,Angebot,3650,test,kombi,2001,automatik,184,3er,150000,11,diesel,bmw,nein,2016-03-28 00:00:00,0,32547,2016-03-28 16:36:43
123981,2016-03-22 22:54:32,Dodge_Caliber_2.0_CRD_SXT,privat,Angebot,7300,control,kombi,2007,manuell,140,,125000,5,diesel,sonstige_autos,nein,2016-03-22 00:00:00,0,85435,2016-04-07 05:45:10
166385,2016-03-20 11:49:04,VW_Kaefer_1600i,privat,Angebot,5200,test,kleinwagen,1997,manuell,46,kaefer,70000,9,benzin,volkswagen,nein,2016-03-20 00:00:00,0,59065,2016-03-28 09:17:11
315266,2016-03-09 13:51:55,Volkswagen_Golf_1.9_TDI_Special,privat,Angebot,3000,control,limousine,2002,manuell,101,golf,150000,2,diesel,volkswagen,nein,2016-03-09 00:00:00,0,67065,2016-04-06 04:45:12
55183,2016-03-11 18:49:30,Opel_astra_H_1.6_2005_Navi__Neue_TUV,privat,Angebot,3500,test,kombi,2005,manuell,105,astra,150000,0,benzin,opel,,2016-03-11 00:00:00,0,41334,2016-03-12 09:16:18
194049,2016-03-14 11:57:34,Volkswagen_Tiguan_2.0_TDI_DPF_4Motion_Sport,privat,Angebot,15500,test,suv,2009,manuell,170,tiguan,100000,2,diesel,volkswagen,nein,2016-03-14 00:00:00,0,70771,2016-04-05 11:50:44
137040,2016-03-24 19:45:51,Audi_TT_8N_Coupe_schwarz,privat,Angebot,4250,control,coupe,1999,manuell,180,tt,150000,7,benzin,audi,ja,2016-03-24 00:00:00,0,49632,2016-04-05 11:48:34
323984,2016-03-17 13:51:10,VW_Sharan_TDI___140_PS___TÜV_neu__DPF,privat,Angebot,4500,control,bus,2006,manuell,140,,150000,12,diesel,volkswagen,nein,2016-03-17 00:00:00,0,39108,2016-03-31 23:46:28
182238,2016-03-19 16:47:25,Ford_Fiesta_TÜV/ASU_09/2016_Euro_2_Norm_Angemeldet_Fahrbereit!!,privat,Angebot,550,test,kleinwagen,1995,manuell,50,fiesta,150000,6,benzin,ford,nein,2016-03-19 00:00:00,0,6844,2016-03-19 16:47:25
274680,2016-03-14 13:36:42,S_Max_2.2_TDCi_DPF_Durashift_Titanium_S_Xenon,privat,Angebot,8500,test,bus,2012,automatik,200,s_max,60000,3,diesel,ford,nein,2016-03-14 00:00:00,0,10115,2016-03-14 14:43:50
50202,2016-03-14 11:31:19,Toppppp!!renault_clio,privat,Angebot,1600,control,kleinwagen,2004,manuell,60,clio,150000,3,benzin,renault,nein,2016-03-14 00:00:00,0,65936,2016-03-17 16:17:10
293426,2016-04-03 20:36:55,BMW_318i,privat,Angebot,4250,test,limousine,2001,manuell,143,3er,125000,11,benzin,bmw,nein,2016-04-03 00:00:00,0,28832,2016-04-05 21:16:47
90472,2016-03-17 11:45:48,Alfa_Spider_2_2_Exclusive_Rentnerfahrzeug__Vollausstattung,privat,Angebot,12999,control,cabrio,2007,manuell,185,spider,50000,2,benzin,alfa_romeo,nein,2016-03-17 00:00:00,0,66606,2016-03-20 12:18:07
55757,2016-03-25 17:51:18,Renault_twingo_1.2_40kw,privat,Angebot,699,test,,2016,manuell,0,twingo,150000,1,benzin,renault,,2016-03-25 00:00:00,0,56743,2016-04-06 23:16:51
186951,2016-03-23 18:46:28,Mercedes_Benz_A_140_Elegance,privat,Angebot,1700,test,limousine,2000,manuell,82,a_klasse,150000,6,benzin,mercedes_benz,nein,2016-03-23 00:00:00,0,97350,2016-04-05 23:18:24
68676,2016-03-18 15:38:21,Tausche_gegen_Kastenwagen_Kleinwagen__Kombi__koennt_alles_Anbieten,privat,Angebot,0,control,limousine,2001,manuell,131,a4,150000,0,diesel,audi,nein,2016-03-18 00:00:00,0,21109,2016-04-05 22:17:37
252340,2016-03-05 20:47:14,Ford_Mondeo_2.0_TDCi_Automatik_Ghia,privat,Angebot,2990,control,limousine,2005,automatik,131,mondeo,150000,6,diesel,ford,nein,2016-03-05 00:00:00,0,34246,2016-03-06 03:44:46
27001,2016-03-12 14:54:38,Renault_Scenic_/_Autogas___LPG,privat,Angebot,2499,test,bus,2002,manuell,95,scenic,150000,9,lpg,renault,nein,2016-03-12 00:00:00,0,74072,2016-04-07 01:17:30
82360,2016-03-17 09:36:43,Volkswagen_kombilimousine,privat,Angebot,9900,test,kombi,2011,manuell,140,passat,150000,10,diesel,volkswagen,nein,2016-03-17 00:00:00,0,12045,2016-04-06 07:17:31
166773,2016-03-21 18:57:12,Seat_Leon_1.8_T_20V_Sport,privat,Angebot,3950,test,limousine,2000,manuell,179,leon,150000,2,benzin,seat,nein,2016-03-21 00:00:00,0,50181,2016-04-06 21:47:18
233390,2016-03-23 04:04:12,MAZDA_DEMIO_E_10_Tauglich,privat,Angebot,1000,test,kombi,1999,manuell,60,andere,150000,9,benzin,mazda,nein,2016-03-23 00:00:00,0,26125,2016-03-24 15:44:22
281488,2016-03-30 00:38:36,Ford_S_Max_2.0_TDCi_DPF,privat,Angebot,12500,test,bus,2008,manuell,116,s_max,150000,3,diesel,ford,nein,2016-03-29 00:00:00,0,86159,2016-04-06 20:16:27
195536,2016-04-01 22:46:45,Volkswagen_Golf_VII_Comfortline_1.2_TSI_BlueMotion_Techn.,privat,Angebot,16250,test,limousine,2013,manuell,105,golf,40000,10,benzin,volkswagen,nein,2016-04-01 00:00:00,0,38112,2016-04-05 20:46:13
324863,2016-03-14 23:53:10,BMW__316I_Compakt,privat,Angebot,200,control,andere,1997,manuell,102,3er,150000,10,benzin,bmw,,2016-03-14 00:00:00,0,36154,2016-03-16 02:45:11
18537,2016-03-24 08:54:35,Ford_Kuga_2.0_TDCi_4x4_Titanium,privat,Angebot,18500,control,suv,2010,manuell,136,kuga,80000,5,diesel,ford,nein,2016-03-24 00:00:00,0,66265,2016-04-06 21:46:52
57330,2016-03-08 20:45:38,Seat_toledo_mit_austauschmotor,privat,Angebot,1800,control,limousine,2000,manuell,110,toledo,90000,3,diesel,seat,,2016-03-08 00:00:00,0,75417,2016-03-14 15:46:37
51598,2016-03-12 18:39:11,Bmw_e36_compact_top_Zustand/_TÜV_Neu_/viele_neuteile/_kein_Rost!,privat,Angebot,1499,test,coupe,1995,manuell,102,,150000,8,benzin,bmw,nein,2016-03-12 00:00:00,0,58730,2016-03-19 21:48:36
195084,2016-03-05 14:37:38,Volkswagen_Polo_1.4,privat,Angebot,3300,control,kleinwagen,2003,automatik,75,polo,90000,4,benzin,volkswagen,nein,2016-03-05 00:00:00,0,70192,2016-04-07 07:46:23
178403,2016-03-16 12:38:41,"Audi_A4_S_Line_19""_B&O.Leder.Tempomat",privat,Angebot,12900,test,limousine,2008,automatik,160,a4,150000,3,benzin,audi,nein,2016-03-16 00:00:00,0,76189,2016-04-06 06:16:28
209475,2016-03-31 02:37:00,Seat_Arosa,privat,Angebot,1150,test,kleinwagen,2000,manuell,50,arosa,150000,8,benzin,seat,nein,2016-03-31 00:00:00,0,48739,2016-04-06 02:16:20
194575,2016-03-15 20:49:31,Nissan_Navara_Autm._LB_LE,privat,Angebot,31000,test,suv,2014,automatik,231,navara,40000,6,diesel,nissan,nein,2016-03-15 00:00:00,0,71069,2016-03-19 17:20:51
247950,2016-03-27 13:43:29,Ford_Focus__Kombi__Tuev11/16__AHK_Angemeldet,privat,Angebot,1299,test,kombi,2000,manuell,116,focus,150000,11,benzin,ford,nein,2016-03-27 00:00:00,0,32257,2016-03-27 13:43:29
139572,2016-03-28 15:38:10,Mercedes_Benz_C_220_CDI_Automatik_Avantgarde_DPF,privat,Angebot,6900,control,limousine,2004,automatik,150,c_klasse,150000,4,diesel,mercedes_benz,nein,2016-03-28 00:00:00,0,73207,2016-04-06 20:15:40
73161,2016-03-26 21:58:30,Ehrlicher__toller__kleiner_spritziger_Opel_Corsa_C,privat,Angebot,1395,control,kleinwagen,2002,manuell,75,corsa,150000,0,benzin,opel,nein,2016-03-26 00:00:00,0,47805,2016-03-31 19:46:09
261841,2016-03-31 14:44:55,"Golf_2__15""_G60_Felgen__Gewindefahrwerk",privat,Angebot,1800,control,,2017,manuell,55,golf,150000,0,benzin,volkswagen,,2016-03-31 00:00:00,0,72555,2016-04-04 06:44:48
108071,2016-03-25 12:53:22,Mitsubishi_Colt_1.3_Invite_Edition_Gold,privat,Angebot,2999,test,limousine,2005,manuell,95,colt,50000,3,benzin,mitsubishi,nein,2016-03-25 00:00:00,0,66640,2016-04-04 13:18:39
283266,2016-04-02 16:55:29,Opel_Tigra_1.4i_16V_Color_Line_Tobacco,privat,Angebot,899,control,kleinwagen,1998,manuell,90,tigra,150000,8,benzin,opel,nein,2016-04-02 00:00:00,0,55278,2016-04-02 16:55:29
159453,2016-03-24 20:55:39,FORD_C_MAX....1.8L,privat,Angebot,2800,test,,2017,manuell,125,c_max,150000,2,,ford,nein,2016-03-24 00:00:00,0,32049,2016-03-26 07:15:52
244742,2016-03-13 15:24:15,Volkswagen_Scirocco_1.4_TSI_DSG,privat,Angebot,10990,test,coupe,2009,automatik,160,scirocco,125000,9,benzin,volkswagen,nein,2016-03-13 00:00:00,0,57537,2016-04-05 23:16:34
42055,2016-04-03 10:51:03,Bmw_118i_bj_2008_im_guten_Zustand,privat,Angebot,7400,control,limousine,2008,manuell,143,1er,125000,9,benzin,bmw,nein,2016-04-03 00:00:00,0,15562,2016-04-05 09:17:19
74131,2016-03-11 20:49:30,120D_Sport;VOLLAUSSTATTUNG;NAVI_XENON_...,privat,Angebot,11899,control,limousine,2008,manuell,177,1er,125000,9,diesel,bmw,,2016-03-11 00:00:00,0,81549,2016-04-06 04:17:12
142136,2016-04-03 21:48:58,Opel_Corsa_C_1.0_Eco_60PS___TÜV_kommt_neu,privat,Angebot,2100,test,kleinwagen,2004,manuell,60,corsa,150000,1,benzin,opel,nein,2016-04-03 00:00:00,0,26188,2016-04-05 22:47:42
312391,2016-03-23 17:25:18,Opel_corsa__1.7_CDTI_Klima_neue_TÜV,privat,Angebot,3299,test,limousine,2005,manuell,101,corsa,150000,5,diesel,opel,,2016-03-23 00:00:00,0,65428,2016-04-06 17:16:59
180168,2016-04-03 15:45:43,Ford_Focus_1.6_TDCI_Sport/_8_fach_bereift,privat,Angebot,3200,test,limousine,2007,manuell,109,focus,150000,6,diesel,ford,,2016-04-03 00:00:00,0,68309,2016-04-05 14:46:35
207205,2016-03-20 16:55:55,Audi_A5_3.0_TDI_quattro,privat,Angebot,17600,test,coupe,2009,automatik,239,a5,150000,0,diesel,audi,,2016-03-20 00:00:00,0,89347,2016-04-06 22:47:15
64315,2016-03-08 16:45:15,Borgward_isabella_restauration_Guenstiger_Oldtimer_Winterprojekt,privat,Angebot,2460,test,limousine,1960,manuell,60,,60000,3,benzin,sonstige_autos,nein,2016-03-08 00:00:00,0,72144,2016-03-09 15:47:46
199145,2016-03-13 10:36:32,Mercedes_Benz_A_160,privat,Angebot,2900,control,limousine,2000,manuell,102,a_klasse,90000,2,benzin,mercedes_benz,nein,2016-03-13 00:00:00,0,89522,2016-03-15 17:44:55
344863,2016-03-11 10:49:32,Renault_Megane_1.6_Benzine,privat,Angebot,349,test,limousine,2000,manuell,107,megane,150000,6,benzin,renault,nein,2016-03-11 00:00:00,0,50739,2016-03-12 14:45:10
27256,2016-03-08 15:54:36,Passat_2.0_Navi_Leder,privat,Angebot,2600,test,kombi,2005,,0,passat,150000,6,diesel,volkswagen,,2016-03-08 00:00:00,0,36039,2016-03-08 15:54:36
242914,2016-03-12 13:51:36,Chevrolet_SSR_6.0L_V8,privat,Angebot,25600,control,cabrio,2005,automatik,396,andere,40000,7,benzin,chevrolet,nein,2016-03-12 00:00:00,0,14712,2016-04-06 21:18:45
222742,2016-04-02 01:00:07,Ford_Galaxy_1_9_TDi,privat,Angebot,1390,test,,2017,manuell,90,galaxy,150000,2,,ford,,2016-04-01 00:00:00,0,33607,2016-04-06 06:15:40
321288,2016-04-06 21:36:18,BMW_316ti_compact,privat,Angebot,2500,control,limousine,2002,manuell,116,3er,150000,7,benzin,bmw,nein,2016-04-06 00:00:00,0,56729,2016-04-06 21:36:18
8696,2016-03-15 22:52:40,BMW_318i,privat,Angebot,675,control,limousine,1998,manuell,116,3er,150000,1,benzin,bmw,nein,2016-03-15 00:00:00,0,32139,2016-03-21 00:45:09
66692,2016-03-19 15:55:49,BMW_316i,privat,Angebot,3450,control,limousine,2003,manuell,116,3er,150000,3,benzin,bmw,nein,2016-03-19 00:00:00,0,91126,2016-04-07 00:46:42
198871,2016-03-21 20:25:45,Renault_Clio_TÜV__04.2017_Reserviert,privat,Angebot,580,test,,2017,manuell,70,clio,150000,9,benzin,renault,nein,2016-03-21 00:00:00,0,65933,2016-03-21 22:28:10
181221,2016-04-03 15:53:33,VW_Polo_N6,privat,Angebot,550,test,kleinwagen,1995,manuell,55,polo,150000,4,benzin,volkswagen,nein,2016-04-03 00:00:00,0,96052,2016-04-05 15:16:29
54562,2016-04-03 12:48:25,Land_Rover_Range_Rover_Evoque_eD4_Pure,privat,Angebot,24900,control,suv,2013,manuell,150,range_rover_evoque,100000,1,diesel,land_rover,nein,2016-04-03 00:00:00,0,94036,2016-04-07 14:58:20
217168,2016-03-19 21:37:13,Land_Rover_Range_Rover_Sport_TDV8_HSE_Limited_Edition,privat,Angebot,14900,control,suv,2007,automatik,272,range_rover_sport,150000,10,diesel,land_rover,nein,2016-03-19 00:00:00,0,65366,2016-03-24 01:45:31
356489,2016-03-26 13:55:04,Smart_smart_&_pulse,privat,Angebot,1099,control,kleinwagen,2000,,54,fortwo,90000,9,benzin,smart,nein,2016-03-26 00:00:00,0,18581,2016-04-02 03:45:29
229031,2016-04-05 10:38:37,Audi_A6_Avant_3.0_TDI_DPF_quattro,privat,Angebot,10999,control,kombi,2009,automatik,239,a6,150000,2,diesel,audi,nein,2016-04-05 00:00:00,0,83607,2016-04-05 10:38:37
292270,2016-03-08 21:46:20,Punto_176_mit_neuen_Tuev,privat,Angebot,800,control,kleinwagen,1998,manuell,65,punto,150000,3,benzin,fiat,,2016-03-08 00:00:00,0,79341,2016-03-11 08:15:26
79124,2016-03-15 12:38:52,Unfallwagen,privat,Angebot,400,control,kombi,1996,manuell,134,omega,150000,0,benzin,opel,ja,2016-03-15 00:00:00,0,87700,2016-03-16 08:15:53
337349,2016-03-17 16:25:23,Subaru_Forester_2.0_AWD_Allrad,privat,Angebot,3990,control,,2016,manuell,125,forester,150000,5,benzin,subaru,nein,2016-03-17 00:00:00,0,57629,2016-04-06 12:46:22
155034,2016-03-08 18:46:55,Chrysler_PT_Cruiser_2.0_Limited_Auto_Leder_SHZ_Tempomat,privat,Angebot,2990,test,limousine,2001,automatik,0,ptcruiser,50000,12,benzin,chrysler,nein,2016-03-08 00:00:00,0,12557,2016-03-16 07:46:08
171665,2016-03-27 18:47:24,Audi_A4_Avant_1.6,privat,Angebot,550,control,kombi,1998,manuell,101,a4,150000,3,benzin,audi,ja,2016-03-27 00:00:00,0,85049,2016-03-27 18:47:24
174494,2016-03-08 18:56:33,Renault_Clio_1.2,privat,Angebot,750,test,kleinwagen,2002,manuell,75,clio,90000,2,benzin,renault,ja,2016-03-08 00:00:00,0,46236,2016-03-10 15:19:04
151677,2016-03-27 08:37:15,Audi_A6_Avant_3.0_S_Line_Bose_Sound,privat,Angebot,3900,test,kombi,2003,automatik,220,a6,150000,6,benzin,audi,,2016-03-27 00:00:00,0,79312,2016-03-27 10:45:46
236547,2016-03-14 20:53:54,Sehr_gepflegter_Renault_Clio_bj:2003_5_tuerig_Klimaautomatik_u.u.u,privat,Angebot,1950,control,kleinwagen,2003,manuell,75,clio,150000,4,benzin,renault,nein,2016-03-14 00:00:00,0,78727,2016-03-15 16:19:55
327360,2016-03-14 18:52:09,Bmw_520_i_24_V,privat,Angebot,750,test,limousine,1994,manuell,150,5er,150000,3,benzin,bmw,nein,2016-03-14 00:00:00,0,34537,2016-03-21 10:18:34
76334,2016-04-01 11:57:45,Ford_KA_mit_TÜV_CD_Player_El.Fenster_Servo_etc.,privat,Angebot,635,test,kleinwagen,1999,manuell,60,ka,125000,4,benzin,ford,nein,2016-04-01 00:00:00,0,26133,2016-04-03 07:51:24
187291,2016-03-29 15:54:00,Polo_86c_Rat_Style_Oldschool,privat,Angebot,599,control,coupe,1993,manuell,45,polo,125000,10,benzin,volkswagen,nein,2016-03-29 00:00:00,0,98673,2016-04-06 02:15:47
43663,2016-03-05 14:23:33,Toyota_Celica,privat,Angebot,2200,test,coupe,2000,manuell,143,andere,150000,6,benzin,toyota,,2016-03-04 00:00:00,0,65451,2016-03-08 08:46:39
99323,2016-03-27 18:57:39,2005_Smart_Fortwo__Weiss/Schwarz__sehr_gepflegt__Tuev/AU_01/2018,privat,Angebot,1990,control,kleinwagen,2005,automatik,50,fortwo,150000,4,benzin,smart,nein,2016-03-27 00:00:00,0,65189,2016-03-29 14:30:45
74750,2016-03-21 20:58:27,Audi_Audi_A4_Cabriolet_2.0_TFSI__Vollausst._S_Line,privat,Angebot,11880,control,cabrio,2006,automatik,200,andere,125000,10,benzin,audi,nein,2016-03-21 00:00:00,0,74564,2016-04-02 23:19:28
285302,2016-04-03 22:47:34,Nissan_Qashqai_1.2_DIG_T_ACENTA,privat,Angebot,17000,control,limousine,2014,manuell,116,qashqai,30000,6,benzin,nissan,nein,2016-04-03 00:00:00,0,49134,2016-04-06 00:15:36
61166,2016-03-28 17:53:11,Audi_A4_Avant_2.5_TDI_quattro,privat,Angebot,4500,test,kombi,2002,manuell,179,a4,150000,10,diesel,audi,nein,2016-03-28 00:00:00,0,79848,2016-04-06 23:46:05
326912,2016-03-05 20:47:53,Ich_suche_ein_Auto_mit_schlechtem_Lack_oder_Blechschaden,privat,Angebot,0,control,,2000,,0,,150000,1,,sonstige_autos,,2016-03-05 00:00:00,0,26817,2016-03-07 08:44:44
229226,2016-03-14 14:36:17,Verkaufe_VW_Polo_mit_TÜV_bis_11/2017_und_Allwetterreifen,privat,Angebot,1000,control,kleinwagen,2000,manuell,50,polo,150000,7,benzin,volkswagen,nein,2016-03-14 00:00:00,0,47551,2016-03-29 08:46:26
286568,2016-04-04 13:25:16,MINI_Cooper_Roadster,privat,Angebot,15200,test,cabrio,2012,manuell,122,cooper,20000,8,benzin,mini,nein,2016-04-04 00:00:00,0,56112,2016-04-05 12:17:46
98599,2016-03-29 21:50:36,Ford_Fiesta_Style_1_25_/_75_PS__Tuev_05.2016,privat,Angebot,300,test,kleinwagen,1998,manuell,75,fiesta,150000,11,benzin,ford,nein,2016-03-29 00:00:00,0,51109,2016-04-02 11:15:22
79006,2016-03-08 12:39:17,BMW_520ia,privat,Angebot,900,test,limousine,1990,manuell,150,5er,150000,7,benzin,bmw,nein,2016-03-08 00:00:00,0,67376,2016-03-12 19:17:28
367431,2016-03-05 18:45:22,BMW_328i_Automatik___Schiebedach_Leder_Temp_Shz_TÜV,privat,Angebot,2690,test,kombi,1999,manuell,193,3er,150000,11,benzin,bmw,nein,2016-03-05 00:00:00,0,6237,2016-03-20 23:45:33
297215,2016-03-07 16:42:27,VW_Polo_6N___60_PS___44_KW___TÜV_bis_09/16___Fahrbereit!,privat,Angebot,350,control,kleinwagen,1996,manuell,60,polo,150000,9,benzin,volkswagen,ja,2016-03-07 00:00:00,0,75323,2016-03-15 09:17:15
359776,2016-03-16 16:51:01,BMW_528I...silber,privat,Angebot,1500,control,,2016,manuell,0,,150000,3,benzin,bmw,,2016-03-16 00:00:00,0,63739,2016-03-28 16:44:41
303163,2016-03-20 08:55:51,Volkswagen_Golf_1.2_TSI_*MATCH*_BDC_*navi....neu_TÜV,privat,Angebot,12450,test,,2018,,105,golf,50000,7,,volkswagen,,2016-03-20 00:00:00,0,45884,2016-04-02 06:15:38
168428,2016-04-02 12:50:05,Volkswagen_Passat_Variant_2.0_TDI_DPF_Comfortline,privat,Angebot,5500,test,kombi,2007,manuell,140,passat,125000,8,diesel,volkswagen,ja,2016-04-02 00:00:00,0,89195,2016-04-02 12:50:05
175172,2016-04-03 11:45:54,Nissan_Xtrail_2.0_4x4_DPF_LE,privat,Angebot,14500,control,suv,2010,manuell,150,x_trail,70000,12,diesel,nissan,nein,2016-04-03 00:00:00,0,21224,2016-04-07 12:45:34
300416,2016-04-02 23:50:35,VW_Golf_5_2.0_FSI_Comfortline_zu_verkaufen,privat,Angebot,5900,test,limousine,2004,manuell,150,golf,125000,6,benzin,volkswagen,nein,2016-04-02 00:00:00,0,23554,2016-04-07 04:45:04
204757,2016-03-19 16:58:33,Volkswagen_Polo_Fox,privat,Angebot,700,test,kleinwagen,1993,manuell,45,polo,100000,9,benzin,volkswagen,nein,2016-03-19 00:00:00,0,83564,2016-03-28 20:44:39
154785,2016-03-12 10:48:08,Hyundai_Santa_Fe_2.2_CRDi_4WD,privat,Angebot,8250,control,suv,2006,manuell,150,santa,150000,7,diesel,hyundai,nein,2016-03-12 00:00:00,0,23743,2016-03-13 01:46:16
12621,2016-03-12 13:48:40,Dodge_Caliber___schwarz___Automatik___Navi/Sound___8fach_bereift!,privat,Angebot,7700,control,,2016,automatik,156,,80000,12,benzin,sonstige_autos,nein,2016-03-12 00:00:00,0,79594,2016-04-06 21:17:51
129317,2016-03-15 20:46:01,Renault_Kangoo_1.5_dCi,privat,Angebot,3250,test,bus,2005,manuell,65,kangoo,150000,4,diesel,renault,nein,2016-03-15 00:00:00,0,30855,2016-03-16 18:48:41
354038,2016-04-02 14:55:30,Ford_Galaxy_zu_verkaufen,privat,Angebot,2150,test,bus,2004,manuell,116,galaxy,150000,9,diesel,ford,nein,2016-04-02 00:00:00,0,44229,2016-04-02 14:55:30
99537,2016-04-03 13:29:31,Bmw.___316i,privat,Angebot,1350,test,limousine,1996,manuell,102,3er,150000,10,benzin,bmw,nein,2016-04-03 00:00:00,0,65428,2016-04-06 20:15:27
23097,2016-04-02 01:36:25,Skoda_Fabia_1.4_16V_Combi_Elegance_/_1._Hand_/_Rentner,privat,Angebot,5850,test,kombi,2008,manuell,86,fabia,70000,1,benzin,skoda,nein,2016-04-02 00:00:00,0,80935,2016-04-04 05:51:04
261961,2016-03-27 16:51:21,Opel_Corsa_TÜV_03/16_Bastlerfahrzeug,privat,Angebot,200,test,kleinwagen,1999,manuell,55,corsa,150000,8,benzin,opel,nein,2016-03-27 00:00:00,0,32756,2016-04-03 13:46:16
82538,2016-03-30 11:57:30,Volkswagen_Polo_60_Servo_Colour_Concept,privat,Angebot,1490,test,kleinwagen,1995,manuell,60,polo,150000,9,benzin,volkswagen,nein,2016-03-30 00:00:00,0,48231,2016-04-05 00:17:07
341332,2016-03-24 22:37:22,Opel_Calibra_2.0_16V,privat,Angebot,1800,control,coupe,1990,manuell,150,calibra,150000,0,benzin,opel,nein,2016-03-24 00:00:00,0,74855,2016-04-02 04:18:02
300752,2016-04-01 16:57:35,Volkswagen_Polo_1.4_TDI_DPF,privat,Angebot,3950,control,kleinwagen,2008,manuell,80,polo,150000,8,diesel,volkswagen,nein,2016-04-01 00:00:00,0,72810,2016-04-05 12:47:14
352335,2016-03-14 15:36:43,bmw_328_Ci_e46_mit_194_PS,privat,Angebot,999,control,coupe,1999,manuell,194,3er,150000,8,benzin,bmw,ja,2016-03-14 00:00:00,0,25884,2016-03-14 15:36:43
127954,2016-03-07 06:32:50,Fiat_Brava,privat,Angebot,500,test,,2016,manuell,0,,150000,0,benzin,fiat,,2016-03-07 00:00:00,0,56305,2016-03-12 09:17:46
344204,2016-03-12 17:50:37,Toyota_Aygo_City,privat,Angebot,2799,test,kleinwagen,2006,manuell,68,aygo,125000,4,benzin,toyota,ja,2016-03-12 00:00:00,0,2747,2016-03-20 23:46:43
78482,2016-03-12 19:57:18,Fiat_Punto_mit_Tuev_zu_Verkaufen,privat,Angebot,1350,test,kleinwagen,2000,manuell,80,punto,150000,5,benzin,fiat,nein,2016-03-12 00:00:00,0,48477,2016-03-26 05:18:12
88221,2016-03-08 23:36:55,Bmw_118d_Notverkauf,privat,Angebot,6750,control,,2016,manuell,122,1er,150000,3,diesel,bmw,,2016-03-08 00:00:00,0,42697,2016-03-11 12:17:56
76293,2016-03-12 14:43:52,BMW_118i_mit_Klima__Schiebedach__nagelneuer_Tuev!,privat,Angebot,7299,test,limousine,2005,manuell,129,1er,100000,2,benzin,bmw,nein,2016-03-12 00:00:00,0,64295,2016-04-06 23:17:30
226380,2016-03-08 13:56:28,Sparsames_Auto_mit_Klima_TÜV,privat,Angebot,1950,control,,2017,automatik,0,a3,5000,0,diesel,audi,,2016-03-08 00:00:00,0,10367,2016-03-20 06:19:57
90283,2016-04-05 10:55:56,Honda_Civic_1.4i_tuev_bis_01.17_wenig_gelaufen,privat,Angebot,950,control,limousine,1998,manuell,75,civic,125000,4,benzin,honda,nein,2016-04-05 00:00:00,0,52146,2016-04-05 11:45:04
123026,2016-03-15 14:50:44,Audi_A4_1_8_TÜV_08/2017,privat,Angebot,500,control,kombi,1997,manuell,125,a4,150000,2,benzin,audi,ja,2016-03-15 00:00:00,0,44653,2016-03-17 09:18:39
67168,2016-03-24 11:52:52,Vw_touran_facelift_2.0tdi,privat,Angebot,8850,test,,2018,automatik,140,touran,150000,3,,volkswagen,nein,2016-03-24 00:00:00,0,84032,2016-04-05 00:18:34
27852,2016-03-16 14:56:47,Verkaufe_Passat_TDI_Highline_2.0_TDI_DPF,privat,Angebot,7500,test,kombi,2007,automatik,140,passat,150000,3,diesel,volkswagen,ja,2016-03-16 00:00:00,0,30855,2016-04-06 14:47:07
58917,2016-04-05 10:37:18,Volkswagen_Passat_Variant_2.0_TDI_DPF_DSG_Highline,privat,Angebot,13750,control,kombi,2008,automatik,170,passat,100000,6,diesel,volkswagen,nein,2016-04-05 00:00:00,0,53783,2016-04-05 12:26:17
193444,2016-03-09 18:41:23,Renault_Espace,privat,Angebot,3550,test,,2005,manuell,150,espace,60000,6,,renault,,2016-03-09 00:00:00,0,39112,2016-03-09 18:41:23
88713,2016-03-20 17:38:16,??verkaufe_mein_vw__Passat_Mit_AHK??,privat,Angebot,800,test,kombi,1997,manuell,90,passat,150000,0,benzin,volkswagen,,2016-03-20 00:00:00,0,35578,2016-03-25 13:16:44
86606,2016-03-17 10:48:07,Audi_A4_Avant_3.0_TDI_DPF_quattro_Schaltgetriebe,privat,Angebot,19400,test,kombi,2008,manuell,239,a4,150000,12,diesel,audi,nein,2016-03-17 00:00:00,0,38259,2016-04-06 09:15:41
60826,2016-03-12 16:47:32,BMW_318d_DPF_Touring_mit_M___Sportfahrwerk,privat,Angebot,9000,control,kombi,2009,manuell,143,3er,150000,11,diesel,bmw,nein,2016-03-12 00:00:00,0,57629,2016-03-30 05:17:19
317596,2016-03-30 19:52:54,Ford_Transit_330_K,privat,Angebot,4499,test,bus,2008,manuell,145,transit,150000,12,benzin,ford,nein,2016-03-30 00:00:00,0,70186,2016-04-07 11:45:46
150598,2016-03-13 08:47:05,Hoffnungsvoll_suchen_wir_einen_Polo!!!wer_kann_helfen_?????,privat,Angebot,500,control,,2017,,0,polo,5000,0,,volkswagen,,2016-03-13 00:00:00,0,73441,2016-03-17 12:46:26
67458,2016-03-11 11:50:21,Jeep_Cherokee_4.0_Limited,privat,Angebot,7999,control,suv,2000,automatik,184,cherokee,150000,3,benzin,jeep,,2016-03-11 00:00:00,0,22527,2016-04-05 12:55:41
309020,2016-03-30 16:54:52,Volvo_S70_2.5l_20V,privat,Angebot,1200,test,limousine,1998,automatik,170,andere,150000,6,benzin,volvo,nein,2016-03-30 00:00:00,0,13407,2016-04-01 11:47:02
134957,2016-04-02 23:53:24,"Ford_KA_Titanium_mit_Individual_Paket_""Metall""_und_Winterpaket",privat,Angebot,7200,test,kleinwagen,2012,manuell,69,ka,30000,7,benzin,ford,nein,2016-04-02 00:00:00,0,79664,2016-04-07 07:16:16
364743,2016-03-05 15:56:45,Citroën_C2_1.1_Style,privat,Angebot,1600,control,kleinwagen,2005,manuell,60,c2,150000,5,benzin,citroen,nein,2016-03-05 00:00:00,0,22083,2016-03-12 23:44:24
320890,2016-03-27 18:55:39,Jeep_Cherokee_2.8_CRD,privat,Angebot,5750,control,suv,2006,manuell,163,cherokee,150000,12,diesel,jeep,nein,2016-03-27 00:00:00,0,18276,2016-04-06 20:47:40
329757,2016-03-08 18:54:11,Golf_2_0_Diesel_Individual_NAVI,privat,Angebot,2900,test,limousine,2005,,0,golf,150000,8,diesel,volkswagen,,2016-03-08 00:00:00,0,51065,2016-03-08 18:54:11
337345,2016-03-12 00:36:35,Opel_Zafira_1.9_CDTI_Sport,privat,Angebot,3950,test,bus,2009,manuell,150,zafira,90000,6,diesel,opel,nein,2016-03-12 00:00:00,0,85238,2016-03-12 06:54:04
40598,2016-03-17 17:57:44,Scheckheftgepflegt,privat,Angebot,3900,control,cabrio,2002,manuell,109,2_reihe,125000,0,,peugeot,nein,2016-03-17 00:00:00,0,21702,2016-04-07 05:16:54
58713,2016-03-28 14:49:52,Opel_Astra_1.6,privat,Angebot,1800,test,limousine,2000,manuell,101,astra,150000,3,benzin,opel,nein,2016-03-28 00:00:00,0,76703,2016-04-06 19:16:20
286083,2016-03-07 20:44:15,Opel_Corsa_Limousine_1.4_16V_150_Jahre,privat,Angebot,8500,control,kleinwagen,2012,manuell,87,corsa,30000,12,benzin,opel,nein,2016-03-07 00:00:00,0,60323,2016-03-15 00:17:06
142860,2016-03-17 20:46:57,Chrysler_300C_Touring_3.0_CRD_DPF_Automatik,privat,Angebot,7990,control,kombi,2006,automatik,218,300c,150000,8,diesel,chrysler,nein,2016-03-17 00:00:00,0,21033,2016-03-20 23:44:39
46240,2016-04-02 23:59:12,Audi_A6_Avant_2.4_multitronic,privat,Angebot,11500,test,kombi,2007,automatik,177,a6,150000,1,benzin,audi,nein,2016-04-02 00:00:00,0,24963,2016-04-07 08:15:51
239431,2016-03-20 12:49:47,Mazda_121__blau,privat,Angebot,0,test,kleinwagen,1991,manuell,72,1_reihe,20000,4,benzin,mazda,ja,2016-03-20 00:00:00,0,31535,2016-04-06 13:16:08
300012,2016-03-12 16:46:59,Volkswagen_Golf_1.4_Ocean,privat,Angebot,2750,control,limousine,2003,manuell,75,golf,150000,6,benzin,volkswagen,nein,2016-03-12 00:00:00,0,53562,2016-04-03 05:48:33
43639,2016-03-27 20:49:43,Mercedes_220_ATP_Tour_limo_Diesel,privat,Angebot,1299,control,limousine,1997,manuell,95,c_klasse,150000,3,diesel,mercedes_benz,,2016-03-27 00:00:00,0,88069,2016-03-29 11:18:13
7654,2016-03-25 23:37:54,Hyundai_trajet_diesel,privat,Angebot,2000,control,bus,2005,manuell,0,andere,150000,5,diesel,hyundai,,2016-03-25 00:00:00,0,40595,2016-04-05 14:46:38
67339,2016-03-16 23:50:25,Peugeot_407_HDi_135_*DPF*_FAP_Klima,privat,Angebot,5000,test,limousine,2005,manuell,136,4_reihe,150000,12,diesel,peugeot,nein,2016-03-16 00:00:00,0,41462,2016-04-06 00:17:50
223482,2016-03-17 20:39:19,Suzuki_WAGON_R+_1.3_GL_Special_Edition/Tuev_bis_04.2017,privat,Angebot,1790,control,kleinwagen,2002,manuell,76,andere,150000,11,benzin,suzuki,nein,2016-03-17 00:00:00,0,22761,2016-03-19 20:48:06
67213,2016-03-27 18:56:36,BMW_M3,privat,Angebot,53500,control,coupe,1996,manuell,295,m_reihe,150000,7,benzin,bmw,nein,2016-03-27 00:00:00,0,42659,2016-03-31 01:16:04
302178,2016-03-12 13:47:05,Alfa_Romeo_Spyder_916,privat,Angebot,2550,control,cabrio,1997,manuell,110,spider,150000,5,benzin,alfa_romeo,,2016-03-12 00:00:00,0,56761,2016-03-30 07:17:45
199699,2016-03-19 01:37:41,Chrysler_Grand_Voyager_2.4,privat,Angebot,500,control,bus,2000,manuell,150,grand,150000,11,benzin,chrysler,ja,2016-03-18 00:00:00,0,9228,2016-04-06 03:45:07
103408,2016-03-25 00:55:55,Audi_A_3_8l_1.6,privat,Angebot,2300,control,kleinwagen,2001,manuell,102,a3,150000,9,benzin,audi,nein,2016-03-25 00:00:00,0,95615,2016-03-25 07:38:19
267020,2016-03-14 16:58:41,320d_bmw_e46,privat,Angebot,6700,test,limousine,2003,manuell,150,3er,150000,5,diesel,bmw,,2016-03-14 00:00:00,0,64665,2016-04-05 23:16:36
95055,2016-04-01 21:48:00,Mercedes_Benz_300_SE_3.2,privat,Angebot,5996,test,limousine,1992,manuell,231,s_klasse,150000,9,benzin,mercedes_benz,nein,2016-04-01 00:00:00,0,21220,2016-04-05 19:45:53
178824,2016-03-21 21:55:12,Opel_Corsa,privat,Angebot,690,control,,2000,,0,corsa,150000,0,,opel,,2016-03-21 00:00:00,0,49809,2016-03-21 22:46:43
62777,2016-03-31 23:54:15,Volkswagen_Sharan_1.9_TDI_Automatik_7sitzer_navi,privat,Angebot,3700,control,bus,2004,automatik,116,sharan,150000,10,diesel,volkswagen,nein,2016-03-31 00:00:00,0,47533,2016-04-06 20:18:17
35234,2016-03-12 02:36:19,Volkswagen_Golf_1.4_Comfortline,privat,Angebot,2200,control,limousine,2002,manuell,75,golf,150000,1,benzin,volkswagen,nein,2016-03-12 00:00:00,0,38259,2016-03-29 11:17:47
233863,2016-03-20 19:45:32,Opel_Astra_1.6_Elegance,privat,Angebot,690,test,limousine,1998,manuell,101,astra,150000,9,benzin,opel,ja,2016-03-20 00:00:00,0,81737,2016-03-30 13:16:42
119552,2016-03-16 16:36:42,Audi_A4_1.9_tdi_Sport_19_zoll,privat,Angebot,1650,control,kombi,1998,manuell,110,a4,150000,8,,audi,nein,2016-03-16 00:00:00,0,66111,2016-03-21 20:17:52
154362,2016-03-23 20:47:17,Opel_Corsa_1.0_12V,privat,Angebot,2200,test,kleinwagen,2003,manuell,60,corsa,80000,10,benzin,opel,nein,2016-03-23 00:00:00,0,71229,2016-03-31 09:17:31
98717,2016-03-30 21:55:49,Volkswagen_Golf_1.6_TDI_DPF_BlueMotion_Technology_Team,privat,Angebot,10900,test,limousine,2010,manuell,105,golf,125000,3,diesel,volkswagen,nein,2016-03-30 00:00:00,0,32584,2016-04-05 13:16:16
166135,2016-03-29 02:00:46,Mercedes_Benz_E_220_CDI_DPF_AvantgardeBlueEFFICIENCY_Automatik,privat,Angebot,18500,control,limousine,2011,automatik,170,e_klasse,150000,3,diesel,mercedes_benz,nein,2016-03-29 00:00:00,0,83022,2016-04-05 14:47:34
344625,2016-03-23 13:37:17,Bmw_523i_170_ps_!!!,privat,Angebot,799,test,limousine,1999,manuell,170,,150000,0,benzin,bmw,ja,2016-03-23 00:00:00,0,53757,2016-03-27 18:47:21
356227,2016-04-05 12:47:25,GAZ_69_M_gebraucht,privat,Angebot,4300,test,suv,1979,manuell,0,,70000,7,benzin,sonstige_autos,,2016-04-05 00:00:00,0,33729,2016-04-05 12:47:25
168628,2016-04-02 21:39:06,Nissan_Micra,privat,Angebot,1000,test,kleinwagen,1999,manuell,60,micra,150000,7,benzin,nissan,nein,2016-04-02 00:00:00,0,47179,2016-04-06 22:16:17
311198,2016-03-25 22:51:54,Tausche_astra_f_caravan,privat,Angebot,0,control,kombi,1997,manuell,101,astra,150000,8,,opel,ja,2016-03-25 00:00:00,0,3116,2016-03-26 04:40:38
81297,2016-03-16 16:56:05,Volkswagen_Passat_Variant_1.8_Court_Klima_TÜV_10_2017,privat,Angebot,1290,control,kombi,1996,manuell,90,passat,150000,3,benzin,volkswagen,nein,2016-03-16 00:00:00,0,64342,2016-04-06 21:47:01
192973,2016-03-23 10:57:09,Reserviert.Mazda_premacy.2.Hand.AHK.El.F.ZV.Klima.,privat,Angebot,2992,control,bus,2001,manuell,114,,150000,2,benzin,mazda,nein,2016-03-23 00:00:00,0,53119,2016-03-23 11:44:13
311292,2016-04-02 11:38:53,Volvo_Volvo_V70,privat,Angebot,1250,test,kombi,1997,automatik,144,v70,150000,4,benzin,volvo,nein,2016-04-02 00:00:00,0,24850,2016-04-06 09:16:19
1491,2016-03-14 21:48:23,Renault_Clio,privat,Angebot,0,test,kleinwagen,1999,manuell,58,clio,150000,7,benzin,renault,ja,2016-03-14 00:00:00,0,80689,2016-03-15 17:18:00
323424,2016-03-31 13:53:48,Renault_Twingo_1.2___in_gepfelgtem_Zustand_TÜV_Neu,privat,Angebot,1299,control,kleinwagen,1999,manuell,58,twingo,125000,5,benzin,renault,nein,2016-03-31 00:00:00,0,45721,2016-04-04 05:53:18
367552,2016-04-04 23:57:25,VW_Polo_86C_2F_Schlachte_Teiletraeger_Volkswagen,privat,Angebot,1,control,,2016,,60,polo,90000,0,benzin,volkswagen,ja,2016-04-04 00:00:00,0,74405,2016-04-07 09:16:12
301991,2016-03-30 20:06:22,Volkswagen_Lupo_1.2_TDI_3L,privat,Angebot,2950,control,kleinwagen,2001,automatik,61,lupo,150000,7,diesel,volkswagen,nein,2016-03-30 00:00:00,0,56566,2016-04-03 13:18:44
205772,2016-03-09 11:25:23,"Polo_Coupe_86C_""Genesis""_2F_1992_TÜV_07/2017",privat,Angebot,1100,test,kleinwagen,1992,manuell,55,polo,150000,8,benzin,volkswagen,nein,2016-03-09 00:00:00,0,65510,2016-03-12 14:16:43
101998,2016-03-25 17:56:37,"Bmw_1er_e81_118i_Performance_19""_m1_schoenster_im_Netz",privat,Angebot,15000,test,kleinwagen,2008,automatik,143,1er,100000,10,benzin,bmw,,2016-03-25 00:00:00,0,71332,2016-04-06 23:17:22
369782,2016-03-15 12:54:51,Opel_Astra,privat,Angebot,1000,control,limousine,2000,manuell,0,astra,150000,7,benzin,opel,nein,2016-03-15 00:00:00,0,47623,2016-03-17 06:47:16
293493,2016-04-04 18:44:46,Nissan_micra_slx,privat,Angebot,150,test,kleinwagen,1997,manuell,54,micra,150000,3,benzin,nissan,ja,2016-04-04 00:00:00,0,33104,2016-04-04 18:44:46
102379,2016-03-07 18:54:35,BMW_e46_Limousine___Stahlblau_Metallic___Klima_Automatik,privat,Angebot,3600,control,limousine,2000,manuell,105,3er,150000,5,benzin,bmw,,2016-03-07 00:00:00,0,40474,2016-03-12 16:19:47
165844,2016-03-28 20:56:35,Renault_Megane,privat,Angebot,950,control,,2017,manuell,107,megane,150000,0,benzin,renault,nein,2016-03-28 00:00:00,0,1990,2016-04-05 00:46:24
281614,2016-03-24 17:41:47,ford_mondeo_kombi_baujahr_2003_tdci,privat,Angebot,1299,control,kombi,2003,manuell,130,mondeo,150000,6,diesel,ford,,2016-03-24 00:00:00,0,9337,2016-03-26 02:18:42
193801,2016-03-24 21:46:34,BMW_X1_xDrive20d_Aut._xLine_von_BMW_Mitarbeiter,privat,Angebot,40950,test,limousine,2015,automatik,190,x_reihe,5000,11,diesel,bmw,nein,2016-03-24 00:00:00,0,81247,2016-04-05 15:17:30
44881,2016-03-26 20:52:52,Ranault_twingo_1.2_Tuev_neu,privat,Angebot,650,control,kleinwagen,2001,manuell,0,twingo,150000,7,benzin,renault,nein,2016-03-26 00:00:00,0,13403,2016-03-31 18:45:13
199761,2016-03-22 18:55:33,Mercedes_a_klasse_festpreis,privat,Angebot,500,control,,2000,,0,,5000,0,diesel,mercedes_benz,,2016-03-22 00:00:00,0,59065,2016-03-22 18:55:33
206721,2016-04-03 13:46:32,FIAT_GRANDE_PUNTO_1.3_MULTIJET_16V_TÜV__NEU,privat,Angebot,2850,control,,2018,manuell,90,punto,150000,11,,fiat,nein,2016-04-03 00:00:00,0,25337,2016-04-05 12:44:46
56575,2016-04-04 20:55:53,Hyundai_i20_Edition_20_Jubilaeumspaket,privat,Angebot,6790,control,kleinwagen,2012,manuell,77,i_reihe,70000,2,benzin,hyundai,nein,2016-04-04 00:00:00,0,99638,2016-04-06 23:18:11
143465,2016-04-02 08:55:27,VW_Passat_2.0,privat,Angebot,4200,control,kombi,2007,manuell,140,passat,150000,9,diesel,volkswagen,nein,2016-04-02 00:00:00,0,92421,2016-04-04 06:47:37
69119,2016-03-09 11:56:11,Mercedes_e290_td,privat,Angebot,2000,test,kombi,1998,automatik,129,e_klasse,150000,6,diesel,mercedes_benz,nein,2016-03-09 00:00:00,0,66352,2016-04-05 19:44:41
140604,2016-03-06 22:47:41,Ford_Fiesta_1.3_Schwarz_TÜV_Neu_60_PS,privat,Angebot,1450,control,kleinwagen,2003,manuell,60,fiesta,150000,7,benzin,ford,nein,2016-03-06 00:00:00,0,46459,2016-03-09 11:46:48
311650,2016-03-12 10:55:46,BMW_740d_xDrive,privat,Angebot,47900,control,limousine,2011,automatik,306,7er,60000,7,diesel,bmw,nein,2016-03-12 00:00:00,0,75173,2016-04-06 02:46:49
248949,2016-03-25 17:54:22,MERCEDES_BENZ_E_KLASSE,privat,Angebot,2900,test,kombi,1996,automatik,0,e_klasse,150000,2,diesel,mercedes_benz,nein,2016-03-25 00:00:00,0,93437,2016-04-06 23:17:15
116471,2016-04-01 14:52:58,Volkswagen_Golf_Variant_1.6_Klima/elektr.Fenster/SDach/TÜV,privat,Angebot,2199,test,kombi,2002,manuell,105,golf,150000,6,benzin,volkswagen,nein,2016-04-01 00:00:00,0,18055,2016-04-03 11:16:16
288275,2016-03-19 20:38:00,Smart_smart_fortwo_coupe_softouch_passion,privat,Angebot,6299,control,kleinwagen,2012,automatik,71,fortwo,50000,6,benzin,smart,nein,2016-03-19 00:00:00,0,15827,2016-04-07 08:44:42
190278,2016-03-09 07:40:49,BMW_530xd_Bj_11/2006,privat,Angebot,11900,test,,2018,automatik,231,5er,150000,11,diesel,bmw,nein,2016-03-08 00:00:00,0,86862,2016-04-06 23:17:40
139546,2016-03-07 17:55:10,Opel_Omega_Bastlerfahrzeug,privat,Angebot,250,test,limousine,1997,,0,omega,5000,0,,opel,ja,2016-03-07 00:00:00,0,33165,2016-03-09 15:15:38
143473,2016-03-30 21:51:30,Renault_Clio_1.2_16V_Expression,privat,Angebot,999,test,kleinwagen,2002,manuell,75,clio,80000,4,benzin,renault,nein,2016-03-30 00:00:00,0,49152,2016-04-05 12:20:27
52902,2016-03-28 09:52:14,Volkswagen_Touran_2.0_TDI__DSG__Navi__Schiebedach,privat,Angebot,10950,control,bus,2011,automatik,170,touran,150000,6,diesel,volkswagen,nein,2016-03-28 00:00:00,0,63128,2016-04-06 11:16:20
342017,2016-03-19 21:40:54,Volkswagen_Beetle_Cabriolet_1.9_TDI_DPF_1.Besitz,privat,Angebot,6950,control,cabrio,2007,manuell,105,beetle,150000,4,diesel,volkswagen,nein,2016-03-19 00:00:00,0,13591,2016-04-05 07:52:20
108124,2016-03-21 09:55:16,Nissan_Qashqai+2__Diesel__7_Sitzer__Scheckheft_gepflegt_,privat,Angebot,12499,control,suv,2011,manuell,0,qashqai,150000,4,diesel,nissan,nein,2016-03-21 00:00:00,0,63533,2016-04-04 01:45:20
323859,2016-03-22 08:50:57,Opel_Zafira_1.9_CDTI,privat,Angebot,3000,control,bus,2005,manuell,120,zafira,150000,11,diesel,opel,ja,2016-03-22 00:00:00,0,56244,2016-03-28 05:15:35
84875,2016-03-09 18:40:10,Renault_Megane,privat,Angebot,8750,test,limousine,2010,manuell,110,megane,70000,12,benzin,renault,nein,2016-03-09 00:00:00,0,55546,2016-04-07 11:46:14
176633,2016-03-12 18:54:35,Ford_Focus_Bj_99,privat,Angebot,700,test,,2016,,115,focus,150000,0,,ford,,2016-03-12 00:00:00,0,92706,2016-03-12 18:54:35
271050,2016-03-28 23:52:05,Seat_Inca_1.9_SDI_Profi_Hundefaenger.___LKW__,privat,Angebot,3500,test,bus,1999,manuell,64,andere,150000,2,diesel,seat,nein,2016-03-28 00:00:00,0,6808,2016-04-05 14:16:34
37598,2016-03-23 15:36:52,Skoda_Octavia_zu_verkaufen,privat,Angebot,1000,test,kombi,2001,manuell,116,octavia,150000,3,benzin,skoda,nein,2016-03-23 00:00:00,0,49525,2016-04-05 18:16:56
332617,2016-03-21 18:53:43,Toyota_Corolla_Verso_2.2_D_4D_DPF_Sol_mit_AHK_u._PDC,privat,Angebot,5950,test,bus,2007,manuell,136,verso,150000,12,diesel,toyota,nein,2016-03-21 00:00:00,0,52074,2016-04-01 00:45:05
189106,2016-03-23 21:46:35,"Fiat_Punto_fuer_""Bastler""",privat,Angebot,300,test,kleinwagen,1998,manuell,55,punto,150000,0,,fiat,ja,2016-03-23 00:00:00,0,30657,2016-04-06 03:46:43
332610,2016-03-15 22:51:24,Super_sparsamer_Seat_Ibiza__4_5L_Verbrauch__Diesel__1J._Tuev,privat,Angebot,1100,control,,2000,,0,ibiza,5000,0,,seat,,2016-03-15 00:00:00,0,31535,2016-04-03 10:46:47
323499,2016-03-09 14:36:19,Ford_Focus_Kombi__1_8_TDCI_Tuev_Neu,privat,Angebot,1500,test,,2018,manuell,0,focus,150000,5,diesel,ford,nein,2016-03-09 00:00:00,0,56070,2016-04-06 09:16:12
135529,2016-03-05 14:44:04,Nissan_Qashqai+2_2.0_dci_i_Way_Top_Zustand,privat,Angebot,15600,control,suv,2011,manuell,150,qashqai,80000,3,diesel,nissan,nein,2016-02-27 00:00:00,0,89584,2016-04-06 11:46:07
299566,2016-03-25 19:46:29,Opel_Astra_1.7_CDTI_DPF,privat,Angebot,9250,test,limousine,2011,manuell,110,astra,125000,2,diesel,opel,nein,2016-03-25 00:00:00,0,53539,2016-03-28 19:45:18
179152,2016-03-29 20:39:21,Seat_Arosa_1.0_MPI,privat,Angebot,999,test,kleinwagen,2003,manuell,50,arosa,150000,7,benzin,seat,ja,2016-03-29 00:00:00,0,24376,2016-03-31 14:15:58
228780,2016-03-21 16:44:13,Ford_Fiesta_Sport_Vollausstattung_Tempomat_Scheckheft_gepflegt,privat,Angebot,8499,control,,2016,manuell,97,fiesta,60000,9,benzin,ford,nein,2016-03-21 00:00:00,0,30952,2016-03-28 12:46:27
78752,2016-03-28 15:58:36,Ford_Focus_TOP_GEPFLEGT_!!!,privat,Angebot,2850,control,kombi,2006,manuell,136,focus,150000,5,diesel,ford,,2016-03-28 00:00:00,0,71696,2016-04-06 21:45:00
132197,2016-03-21 15:52:05,Lancia_Y_1.2_LE,privat,Angebot,1150,control,kleinwagen,1998,manuell,60,ypsilon,100000,12,benzin,lancia,nein,2016-03-21 00:00:00,0,51702,2016-04-06 14:44:37
246817,2016-03-10 15:25:24,Nissan_Micra_1.2_visia,privat,Angebot,2300,test,kleinwagen,2010,manuell,65,micra,150000,1,benzin,nissan,ja,2016-03-10 00:00:00,0,55494,2016-03-10 17:46:34
252342,2016-03-05 16:38:03,Opel_Corsa_1.4_16V_Color_Edition_TOP,privat,Angebot,7999,control,kleinwagen,2011,manuell,101,corsa,50000,7,benzin,opel,nein,2016-03-05 00:00:00,0,46047,2016-03-14 12:46:05
83700,2016-03-15 00:56:46,Vw_Polo_86c_2F_Diesel,privat,Angebot,650,test,kleinwagen,1994,manuell,48,polo,150000,0,,volkswagen,ja,2016-03-15 00:00:00,0,1705,2016-04-05 15:15:48
298024,2016-04-02 14:54:57,Opel_Corsa_B_1_2_ECO_mit_Neuen_Tuev_04/2018_!!!!!!!,privat,Angebot,750,test,kleinwagen,1998,manuell,54,corsa,150000,10,benzin,opel,nein,2016-04-02 00:00:00,0,26817,2016-04-02 14:54:57
167016,2016-03-07 16:59:03,Audi_A3_1.2_TFSI_Sportback_Ambition,privat,Angebot,11900,control,kombi,2012,manuell,105,a3,80000,7,benzin,audi,nein,2016-03-07 00:00:00,0,66663,2016-04-06 05:16:45
16285,2016-03-23 10:41:33,Tigra_mit_Spezial_Lackierung,privat,Angebot,900,control,coupe,1999,manuell,106,tigra,150000,7,benzin,opel,nein,2016-03-23 00:00:00,0,34369,2016-04-03 09:44:22
141769,2016-03-15 12:46:46,Ersatzteilspender,privat,Angebot,150,control,kombi,2001,manuell,0,156,150000,0,diesel,alfa_romeo,ja,2016-03-15 00:00:00,0,6688,2016-03-21 08:46:33
367535,2016-03-30 20:43:24,Peugeot_307__/_109_PS,privat,Angebot,2300,control,kombi,2002,manuell,109,3_reihe,150000,0,benzin,peugeot,nein,2016-03-30 00:00:00,0,16225,2016-04-07 12:45:25
224973,2016-03-10 12:37:57,VW_Golf_5_GTI_Xenon_Navi_Alu_Notverkauf!,privat,Angebot,6999,test,,2016,manuell,200,golf,150000,8,benzin,volkswagen,,2016-03-10 00:00:00,0,95671,2016-03-15 02:15:15
100519,2016-03-30 11:36:23,VW_Golf_6_GTI_Top_Ausstattung,privat,Angebot,14990,test,,2017,automatik,211,golf,100000,11,benzin,volkswagen,,2016-03-30 00:00:00,0,63674,2016-04-05 00:17:07
320231,2016-03-12 21:39:12,Honda_CR_V_2.2i_CTDi_DPF_Executive,privat,Angebot,9870,test,suv,2007,manuell,140,cr_reihe,150000,12,diesel,honda,nein,2016-03-12 00:00:00,0,64625,2016-03-14 14:17:19
194470,2016-03-19 13:54:43,Renault_Megane_Coupe_Energy_TCe_115_Start_&_Stop_GT_Line,privat,Angebot,11300,test,coupe,2012,manuell,116,megane,40000,12,benzin,renault,nein,2016-03-19 00:00:00,0,33604,2016-04-06 20:18:51
294546,2016-03-13 08:51:59,Zu_verkaufen_Ford_Ka,privat,Angebot,250,control,,2000,manuell,0,,150000,7,,ford,,2016-03-13 00:00:00,0,65555,2016-03-26 08:16:45
270737,2016-03-30 20:52:12,Audi_80_cabrio_2_0,privat,Angebot,3950,control,cabrio,1996,manuell,115,,150000,9,,audi,,2016-03-30 00:00:00,0,1877,2016-04-07 13:18:06
160581,2016-03-07 18:48:26,Volkswagen_Polo,privat,Angebot,1200,control,kleinwagen,2001,manuell,50,polo,150000,2,benzin,volkswagen,nein,2016-03-07 00:00:00,0,59909,2016-04-07 04:46:37
339164,2016-03-20 16:38:17,520D_Scwartz_TOP_ZUSTAND_!,privat,Angebot,3200,test,limousine,2004,manuell,136,5er,150000,9,diesel,bmw,nein,2016-03-20 00:00:00,0,32369,2016-03-20 16:38:17
279792,2016-03-25 22:36:21,MINI_Cooper_Cabrio,privat,Angebot,16250,control,cabrio,2011,manuell,122,cooper,40000,5,benzin,mini,nein,2016-03-25 00:00:00,0,32479,2016-04-05 15:45:45
182530,2016-03-15 22:48:49,Volkswagen_Multivan_Kurz_4MOTION_Comfortline,privat,Angebot,36000,control,bus,2014,manuell,140,transporter,40000,3,diesel,volkswagen,nein,2016-03-15 00:00:00,0,73342,2016-04-07 09:45:29
218263,2016-04-03 15:46:27,Ford_Focus_Turnier_1.8_DI_Futura,privat,Angebot,1600,test,kombi,2003,manuell,90,focus,150000,5,diesel,ford,nein,2016-04-03 00:00:00,0,34320,2016-04-03 15:46:27
316898,2016-03-23 22:40:26,Alfa_Romeo_147_Tuev_bis_02/2018,privat,Angebot,2390,test,limousine,2006,manuell,105,147,150000,3,benzin,alfa_romeo,nein,2016-03-23 00:00:00,0,49084,2016-04-02 06:16:28
201823,2016-03-09 16:51:03,Volkswagen_Passat_Variant_1.9_TDI_Highline,privat,Angebot,3500,test,kombi,2001,manuell,101,passat,150000,6,diesel,volkswagen,nein,2016-03-09 00:00:00,0,17089,2016-03-12 16:45:29
29648,2016-03-29 19:52:03,+++_Bastelauto_+++,privat,Angebot,400,control,kleinwagen,1999,manuell,58,twingo,90000,2,benzin,renault,ja,2016-03-29 00:00:00,0,91315,2016-04-04 05:16:39
329756,2016-03-27 12:48:23,Volkswagen_Polo_1.2,privat,Angebot,2000,test,kleinwagen,2002,manuell,54,polo,150000,1,benzin,volkswagen,nein,2016-03-27 00:00:00,0,57392,2016-03-30 17:45:19
322184,2016-03-06 14:48:22,Citroen_Saxo_1.1i,privat,Angebot,700,control,kleinwagen,1999,manuell,54,andere,125000,10,benzin,citroen,ja,2016-03-06 00:00:00,0,90513,2016-03-06 14:48:22
189344,2016-04-02 23:25:23,Audi_A4_1.6,privat,Angebot,4500,control,limousine,2002,manuell,102,a4,150000,1,benzin,audi,nein,2016-04-02 00:00:00,0,55122,2016-04-06 14:44:57
40462,2016-03-28 16:55:51,Ford_Fiesta_1.6_TDCi_Titanium_Vollausstattung,privat,Angebot,5790,test,kleinwagen,2008,manuell,90,fiesta,150000,8,diesel,ford,nein,2016-03-28 00:00:00,0,19246,2016-03-30 08:17:05
251980,2016-03-21 22:25:19,Audi_A6_2.7_TDI_quattro_S_Line_Luftfederung_Bose,privat,Angebot,99000000,test,limousine,2009,automatik,190,a6,150000,11,diesel,audi,nein,2016-03-21 00:00:00,0,60433,2016-03-25 04:45:53
13152,2016-03-24 12:47:32,Nissan_Micra,privat,Angebot,2200,test,,2017,manuell,0,micra,150000,1,benzin,nissan,nein,2016-03-24 00:00:00,0,10555,2016-03-27 09:16:50
310823,2016-03-20 15:49:41,Mini_35_Sondermodell,privat,Angebot,3900,control,kleinwagen,1996,manuell,63,andere,100000,10,benzin,mini,nein,2016-03-20 00:00:00,0,52152,2016-04-06 20:45:26
276461,2016-03-20 16:48:55,BMW_325i_touring_Edition_LPG__GASANLAGE_Exclusive,privat,Angebot,6599,test,kombi,2004,automatik,192,3er,150000,3,lpg,bmw,nein,2016-03-20 00:00:00,0,38122,2016-04-01 01:45:37
21761,2016-03-19 20:47:00,BMW_635,privat,Angebot,11900,control,coupe,1979,manuell,218,6er,150000,3,benzin,bmw,nein,2016-03-19 00:00:00,0,13599,2016-04-07 08:46:26
28502,2016-03-10 13:36:17,VW_Golf_3_GTI__VR6__Turbo__16v__auch_Tausch,privat,Angebot,1200,test,,2017,manuell,0,golf,150000,5,benzin,volkswagen,nein,2016-03-10 00:00:00,0,23843,2016-04-07 08:15:23
70883,2016-03-15 13:59:25,VW_Lupo__von_2001__8_Fach_bereift_TÜV,privat,Angebot,1350,control,kleinwagen,2001,manuell,50,lupo,150000,10,,volkswagen,nein,2016-03-15 00:00:00,0,59581,2016-03-16 10:48:40
76020,2016-04-03 22:57:19,Mercedes_Benz_CLK_Coupe_350_7G_TRONIC_Elegance,privat,Angebot,11500,control,coupe,2005,automatik,272,clk,90000,11,benzin,mercedes_benz,nein,2016-04-03 00:00:00,0,21614,2016-04-06 00:16:11
61431,2016-03-12 18:59:08,Audi_A5_2.0_TDI_Sportback_S_LINE_VOLL_MMI_Leder_Xenon,privat,Angebot,17800,test,coupe,2010,manuell,170,a5,150000,4,diesel,audi,nein,2016-03-12 00:00:00,0,72285,2016-03-19 22:46:45
334209,2016-03-07 21:55:56,VW_Passat_1.8,privat,Angebot,1750,control,kombi,1999,manuell,0,passat,150000,12,benzin,volkswagen,,2016-03-07 00:00:00,0,24109,2016-03-17 11:44:33
337926,2016-03-30 12:58:45,BMW_520d_Touring,privat,Angebot,14500,control,kombi,2010,manuell,177,5er,150000,1,diesel,bmw,nein,2016-03-30 00:00:00,0,87463,2016-04-07 03:45:03
267231,2016-03-26 17:56:32,Audi_A3_1.6_TDI_Sportback__clean_diesel__Ambiente,privat,Angebot,21900,control,kombi,2014,manuell,110,a3,10000,11,diesel,audi,nein,2016-03-26 00:00:00,0,74385,2016-04-06 06:46:17
203544,2016-03-29 10:54:19,Opel_Astra_2.2_16V_Coupe,privat,Angebot,3990,control,coupe,2001,manuell,147,astra,150000,7,lpg,opel,nein,2016-03-29 00:00:00,0,41236,2016-04-05 20:44:29
338828,2016-04-01 19:36:19,Volvo_V70_HU/AU_11/16,privat,Angebot,1600,control,kombi,1997,automatik,193,v70,150000,10,benzin,volvo,nein,2016-04-01 00:00:00,0,28832,2016-04-05 17:27:01
150530,2016-03-07 14:46:49,Unfall_Renault_Twingo,privat,Angebot,200,control,kleinwagen,1996,manuell,54,twingo,150000,7,benzin,renault,ja,2016-03-07 00:00:00,0,34508,2016-04-07 05:45:00
30588,2016-03-14 22:55:11,Opel_Astra_1.4_ECOflex_Metallic_Radio/CD_PDC_Klima,privat,Angebot,6450,control,limousine,2009,manuell,90,astra,80000,9,benzin,opel,nein,2016-03-14 00:00:00,0,82194,2016-04-07 14:58:32
41313,2016-03-14 15:47:23,MINI_Cooper_S_Cabrio_mit_John_Cooper_Works_Tuning_Kit,privat,Angebot,19500,control,cabrio,2009,manuell,192,cooper,60000,4,benzin,mini,nein,2016-03-14 00:00:00,0,84478,2016-04-05 19:18:17
211549,2016-03-25 11:47:36,Volkswagen_Golf_1.9_TDI_DSG,privat,Angebot,5490,test,limousine,2006,automatik,105,golf,125000,5,diesel,volkswagen,nein,2016-03-25 00:00:00,0,10783,2016-04-06 12:16:02
276015,2016-03-21 15:43:56,BMW_320d_DPF_Navi_Sitzheizung_Start_stop_System,privat,Angebot,6700,control,kombi,2009,,177,3er,150000,2,diesel,bmw,nein,2016-03-21 00:00:00,0,66763,2016-03-22 20:15:38
46044,2016-03-29 18:31:12,Super_Auto_TÜV_2_Jahre,privat,Angebot,777,control,limousine,2002,manuell,77,,150000,2,benzin,ford,,2016-03-29 00:00:00,0,55131,2016-04-02 09:16:05
260157,2016-03-15 11:53:33,BMW_Compact_mit_TÜV_bis_5.2017_Schnaeppchen,privat,Angebot,444,test,coupe,1994,manuell,0,3er,150000,0,benzin,bmw,nein,2016-03-15 00:00:00,0,59067,2016-03-17 05:45:59
180801,2016-03-20 14:30:43,Sehr_gepflegter_Porsche_Boxster_2_7l__220PS__Zulassung_4/2002,privat,Angebot,10990,test,cabrio,2002,manuell,220,boxster,150000,4,benzin,porsche,nein,2016-03-20 00:00:00,0,35644,2016-03-24 09:15:29
134063,2016-03-25 11:47:48,Mercedes_Benz_E_220_C,privat,Angebot,4500,test,coupe,1996,automatik,150,e_klasse,150000,1,benzin,mercedes_benz,nein,2016-03-25 00:00:00,0,44269,2016-04-04 11:18:02
206554,2016-03-21 16:57:21,BMW_318Ci_Coupé____Klimaanlage____abn._AHK____118PS,privat,Angebot,3000,control,coupe,1999,manuell,118,3er,150000,11,benzin,bmw,nein,2016-03-21 00:00:00,0,26810,2016-04-06 16:46:58
83504,2016-03-22 10:50:01,Peugeot_1.4_hdi,privat,Angebot,1500,control,kleinwagen,2003,manuell,68,2_reihe,150000,11,diesel,peugeot,ja,2016-03-22 00:00:00,0,54413,2016-03-22 10:50:01
221619,2016-03-14 21:53:57,Seat_Inca,privat,Angebot,1699,test,,2016,manuell,0,andere,150000,6,diesel,seat,,2016-03-14 00:00:00,0,15806,2016-03-30 04:16:27
349433,2016-03-21 20:36:44,Fiat_500_C_1.2_Lounge_GARANTIE_/_Neu_TÜV_/_Einparkhilfe_/_Cabrio,privat,Angebot,9690,control,cabrio,2014,manuell,0,500,30000,12,benzin,fiat,nein,2016-03-21 00:00:00,0,87700,2016-04-06 23:45:43
354389,2016-03-07 15:45:09,Golf_3_Kombi_1.8_Family,privat,Angebot,550,control,kombi,1998,manuell,75,golf,150000,0,,volkswagen,,2016-03-07 00:00:00,0,38268,2016-03-09 10:15:55
587,2016-03-23 00:55:16,Mini_cooper_s,privat,Angebot,8200,test,kleinwagen,2006,manuell,0,cooper,90000,4,benzin,mini,nein,2016-03-22 00:00:00,0,81667,2016-04-07 05:45:09
34392,2016-04-01 19:47:07,Mazda_121_Tuev_bis_07/2017,privat,Angebot,290,control,kleinwagen,2001,manuell,0,1_reihe,150000,6,benzin,mazda,,2016-04-01 00:00:00,0,22335,2016-04-01 19:47:07
245920,2016-03-09 23:46:42,Mercedes_Benz_C_180_Classic,privat,Angebot,2897,test,limousine,1997,automatik,122,c_klasse,90000,10,benzin,mercedes_benz,nein,2016-03-09 00:00:00,0,74747,2016-03-27 15:18:47
308188,2016-04-03 15:42:05,Audi_80_1.8_Lieter_66_KW_Unfallfrei,privat,Angebot,890,test,limousine,1991,manuell,90,80,150000,6,benzin,audi,nein,2016-04-03 00:00:00,0,22119,2016-04-03 15:42:05
219099,2016-03-10 18:53:41,Seat_Ibiza_1.4_16V_Reference,privat,Angebot,6290,test,kleinwagen,2008,manuell,86,ibiza,70000,8,benzin,seat,nein,2016-03-10 00:00:00,0,75389,2016-04-04 00:16:22
220944,2016-03-28 16:46:43,X5_SPORT_NAVI_XENON_AUTOMATIC_FULL,privat,Angebot,5500,test,suv,2005,automatik,218,x_reihe,150000,1,diesel,bmw,nein,2016-03-28 00:00:00,0,1187,2016-03-28 16:46:43
179722,2016-03-14 19:41:27,PEUGEOT_107_Filou_Automatik,privat,Angebot,2850,control,kleinwagen,2006,automatik,68,andere,60000,12,benzin,peugeot,,2016-03-14 00:00:00,0,82380,2016-03-16 11:45:28
350075,2016-03-30 19:47:41,Volkswagen_Passat,privat,Angebot,850,test,kombi,1999,,0,passat,150000,8,benzin,volkswagen,nein,2016-03-30 00:00:00,0,59872,2016-04-07 11:45:16
64869,2016-03-17 18:56:52,Smart_for_two_Passion_Benzin_Bj._2001_smart_frortwo_120000_km,privat,Angebot,1999,control,kleinwagen,2001,automatik,54,fortwo,125000,0,benzin,smart,nein,2016-03-17 00:00:00,0,27305,2016-04-05 03:45:33
340216,2016-03-08 15:50:47,BMW_520d_Touring,privat,Angebot,21990,test,kombi,2012,manuell,184,5er,125000,1,diesel,bmw,nein,2016-03-08 00:00:00,0,2979,2016-04-06 20:19:19
40599,2016-03-11 20:06:23,E60_530d_M_Optik,privat,Angebot,3800,control,limousine,2004,,0,5er,150000,1,diesel,bmw,,2016-03-11 00:00:00,0,35398,2016-03-11 20:06:23
304226,2016-03-30 13:48:35,Renault_Megane_1.5_dci_bj_02/2003_108_tkm_gruene_plakette,privat,Angebot,1300,test,limousine,2002,manuell,82,,5000,3,diesel,renault,nein,2016-03-30 00:00:00,0,58097,2016-04-07 04:44:40
46495,2016-03-23 12:45:16,Opel_Corsa_B__Model_Viva_1_2_16V__65_PS__TÜV_12/17__Tuning,privat,Angebot,749,control,kleinwagen,1999,manuell,65,corsa,150000,6,benzin,opel,nein,2016-03-23 00:00:00,0,56283,2016-04-02 10:17:35
117524,2016-03-12 18:37:13,Mercedes_Benz_C180_Tuev,privat,Angebot,600,test,,2016,manuell,0,c_klasse,5000,8,benzin,mercedes_benz,nein,2016-03-12 00:00:00,0,28201,2016-03-16 22:57:20
226643,2016-04-04 17:48:28,ALPINA_B10_V8_Limousine_Switch_Tronic,privat,Angebot,7000,test,limousine,1999,automatik,347,,150000,4,benzin,sonstige_autos,nein,2016-04-04 00:00:00,0,94234,2016-04-06 19:47:54
344530,2016-04-02 17:51:05,VW_Golf_IV_Automatik_Diesel_73000_km_gruene_Plakette,privat,Angebot,3999,control,kombi,2002,automatik,130,golf,80000,0,diesel,volkswagen,,2016-04-02 00:00:00,0,61440,2016-04-06 09:16:27
292292,2016-04-01 20:50:35,Audi_S4_Cabriolet_tiptronic,privat,Angebot,20900,test,cabrio,2006,automatik,344,andere,90000,7,benzin,audi,nein,2016-04-01 00:00:00,0,21394,2016-04-05 18:18:49
44762,2016-03-13 22:41:35,BMW_X3_2.0d,privat,Angebot,10500,control,suv,2005,manuell,150,x_reihe,150000,6,diesel,bmw,nein,2016-03-13 00:00:00,0,18055,2016-03-27 01:46:33
318217,2016-03-05 14:28:16,Fiat_500_1.4_16V_Lounge,privat,Angebot,6600,test,kleinwagen,2009,manuell,99,500,80000,2,benzin,fiat,nein,2016-03-05 00:00:00,0,57299,2016-04-05 17:46:22
315977,2016-03-19 17:55:06,Opel_Astra_H_GTC_Top,privat,Angebot,4299,control,coupe,2006,manuell,105,astra,125000,0,benzin,opel,nein,2016-03-19 00:00:00,0,45470,2016-03-24 13:18:48
150950,2016-03-21 17:48:59,Audi_A6,privat,Angebot,18299,control,kombi,2009,automatik,290,a6,125000,9,benzin,audi,nein,2016-03-21 00:00:00,0,27356,2016-03-31 22:46:28
319531,2016-03-30 12:45:05,Ford_Fiesta_Guenstig_abzugeben!_!!,privat,Angebot,0,control,,2005,,0,fiesta,150000,0,,ford,,2016-03-30 00:00:00,0,56598,2016-04-07 03:16:16
345809,2016-04-01 15:25:26,Volkswagen_Passat_Variant_2.0_TDI_DPF_Highline,privat,Angebot,8750,test,kombi,2008,manuell,170,passat,150000,10,diesel,volkswagen,nein,2016-04-01 00:00:00,0,35649,2016-04-05 12:27:41
101027,2016-04-04 10:56:29,Polo_9n_Neu_TÜV,privat,Angebot,2199,control,,2005,,0,polo,150000,0,,volkswagen,,2016-04-04 00:00:00,0,23560,2016-04-06 11:46:43
113251,2016-04-01 21:48:59,Volkswagen_Phaeton_5.0_V10_TDI_4MOTION_VIP_BLUE_EDITION,privat,Angebot,8900,test,limousine,2004,automatik,313,phaeton,150000,4,diesel,volkswagen,nein,2016-04-01 00:00:00,0,85664,2016-04-05 19:46:15
312826,2016-03-28 14:46:01,Renault_Twingo_Initiale_Leder_Klima,privat,Angebot,1250,test,kleinwagen,2000,manuell,50,twingo,125000,3,benzin,renault,nein,2016-03-28 00:00:00,0,44894,2016-04-06 18:46:10
255790,2016-03-26 08:55:24,Volkswagen_T4_Caravelle_ausgebaut_Transporter,privat,Angebot,4200,test,bus,1996,automatik,110,transporter,150000,6,benzin,volkswagen,nein,2016-03-26 00:00:00,0,22147,2016-04-05 20:44:49
368118,2016-03-27 17:47:29,Mercedes_Benz_E_220_D_Elegance,privat,Angebot,1200,test,limousine,1998,manuell,95,e_klasse,150000,5,diesel,mercedes_benz,nein,2016-03-27 00:00:00,0,49733,2016-04-05 13:47:18
147310,2016-04-02 19:36:43,Volkswagen_Touareg_3.0_V6_TDI_DPF_Aut.,privat,Angebot,27000,control,suv,2008,automatik,239,touareg,150000,5,diesel,volkswagen,nein,2016-04-02 00:00:00,0,38448,2016-04-06 20:47:26
91300,2016-03-27 21:50:13,Volkswagen_Golf_1.6_TDI_DPF_BlueMotion,privat,Angebot,10500,test,limousine,2011,manuell,105,golf,90000,8,diesel,volkswagen,nein,2016-03-27 00:00:00,0,73563,2016-03-29 12:44:57
46345,2016-03-18 15:47:41,VW_POLO_1.4_Servo_E_Faltdach_TÜV12/16_Sehr_gepflegter_Zustand,privat,Angebot,700,control,kleinwagen,1996,manuell,60,polo,150000,6,benzin,volkswagen,nein,2016-03-18 00:00:00,0,28199,2016-04-01 17:51:57
94304,2016-04-04 15:53:37,GOLF_IV_1.9TDI,privat,Angebot,1900,test,limousine,2003,,0,golf,150000,10,diesel,volkswagen,,2016-04-04 00:00:00,0,44267,2016-04-04 15:53:37
102732,2016-03-07 20:56:42,Volkswagen_Golf_Plus_1.6_Comfortline,privat,Angebot,5790,test,bus,2005,manuell,102,golf,100000,8,benzin,volkswagen,nein,2016-03-07 00:00:00,0,48485,2016-03-10 18:45:59
312436,2016-03-14 13:51:24,BMW_525d_Touring_Aut.,privat,Angebot,8500,test,kombi,2007,automatik,177,5er,150000,2,diesel,bmw,nein,2016-03-14 00:00:00,0,22159,2016-03-22 07:17:16
133622,2016-03-14 06:44:04,Volkswagen_Golf_1.4_FSI_Trendline,privat,Angebot,2000,control,limousine,2004,manuell,90,golf,150000,10,benzin,volkswagen,nein,2016-03-13 00:00:00,0,51580,2016-04-07 03:16:31
21225,2016-04-04 20:40:15,Bmw_e39_528,privat,Angebot,1000,control,kombi,1997,automatik,193,,150000,5,benzin,bmw,ja,2016-04-04 00:00:00,0,63743,2016-04-06 22:46:29
211261,2016-04-03 10:55:34,Ford_Ka_1.2_Start_Stopp_System_Trend,privat,Angebot,7450,control,kleinwagen,2011,manuell,69,ka,40000,2,benzin,ford,nein,2016-04-03 00:00:00,0,49176,2016-04-07 11:46:36
118075,2016-03-28 18:48:35,Skoda_Fabia_II_1.4_16V_Ambiente_/_Bordcomputer_+_Tempomat,privat,Angebot,3050,control,limousine,2007,manuell,85,fabia,150000,11,benzin,skoda,nein,2016-03-28 00:00:00,0,79677,2016-03-30 10:44:55
48698,2016-03-08 21:50:52,Mercedes_Benz_G_400_CDI_Automatik,privat,Angebot,29900,control,suv,2002,automatik,250,g_klasse,150000,2,diesel,mercedes_benz,nein,2016-03-08 00:00:00,0,74385,2016-03-09 06:15:07
324885,2016-04-04 11:47:54,Volkswagen_T5_California_Beach_180_PS_Xenon_Navi_Klima,privat,Angebot,43900,control,bus,2014,manuell,179,transporter,30000,8,diesel,volkswagen,nein,2016-04-04 00:00:00,0,76287,2016-04-06 12:46:49
53176,2016-03-23 11:48:23,Mercedes_Benz_Viano_3.0_CDI_extralang_Automatik_Ambiente_DPF,privat,Angebot,21200,test,bus,2011,automatik,224,viano,150000,2,diesel,mercedes_benz,nein,2016-03-23 00:00:00,0,81543,2016-04-07 13:16:02
327525,2016-03-16 09:36:20,C5_HDI_AHK_2004,privat,Angebot,750,test,,2004,manuell,133,,150000,1,diesel,citroen,,2016-03-16 00:00:00,0,40822,2016-03-26 14:45:20
242932,2016-03-07 12:57:17,Golf_4_export,privat,Angebot,1200,test,limousine,1999,manuell,0,golf,150000,3,diesel,volkswagen,,2016-03-07 00:00:00,0,51107,2016-03-07 12:57:17
336317,2016-03-23 19:52:12,Astra_G_CC_dezentes_Tuning_Scheckheft,privat,Angebot,2800,control,,2017,manuell,84,astra,150000,2,benzin,opel,nein,2016-03-23 00:00:00,0,40215,2016-04-06 01:15:53
332256,2016-03-07 08:36:24,Volkswagen_T5_Transporter,privat,Angebot,10500,control,bus,2011,manuell,140,transporter,150000,5,diesel,volkswagen,nein,2016-03-07 00:00:00,0,85414,2016-04-06 08:46:30
66481,2016-04-04 11:55:24,Opel_Astra_F_Caravan,privat,Angebot,1000,control,,2017,manuell,75,astra,125000,4,,opel,nein,2016-04-04 00:00:00,0,84558,2016-04-04 12:41:32
110211,2016-03-09 19:47:06,ML_320_CDI_4matic_Sport_Pakete_AHK_1_Hand_Navi_DVD,privat,Angebot,13000,test,suv,2009,automatik,224,m_klasse,125000,7,diesel,mercedes_benz,nein,2016-03-09 00:00:00,0,10115,2016-03-09 19:47:06
139629,2016-03-10 23:53:53,Smart_2001_Automatik_Klima_fahrbereit,privat,Angebot,800,test,kleinwagen,2001,automatik,50,forfour,150000,3,benzin,smart,nein,2016-03-10 00:00:00,0,44629,2016-03-19 08:15:58
98050,2016-03-29 22:37:21,bmw_525d_disel,privat,Angebot,2500,test,,2000,automatik,163,5er,150000,0,diesel,bmw,nein,2016-03-29 00:00:00,0,52078,2016-03-31 18:17:32
211390,2016-03-13 11:37:58,Super_Golf1_Cabrio,privat,Angebot,8900,control,cabrio,1992,manuell,125,golf,150000,1,benzin,volkswagen,nein,2016-03-13 00:00:00,0,14974,2016-04-06 15:17:20
343485,2016-03-17 15:37:39,A_Klasse_170_CDI_Klima_sitzheizung,privat,Angebot,1250,test,,2016,,0,a_klasse,150000,8,diesel,mercedes_benz,,2016-03-17 00:00:00,0,89077,2016-03-17 15:37:39
120638,2016-03-20 19:59:16,Passat_35i___Nasenbaer__,privat,Angebot,1600,test,kombi,1990,manuell,90,passat,150000,5,benzin,volkswagen,,2016-03-20 00:00:00,0,38444,2016-03-22 00:15:26
79302,2016-03-29 10:43:37,VW_Golf_TSI_1_2_Trendline_LichtSicht_Comp.Media_MP3_EPH_v+h_Bluet,privat,Angebot,14500,control,limousine,2015,manuell,86,golf,10000,3,benzin,volkswagen,nein,2016-03-29 00:00:00,0,40699,2016-03-31 02:44:33
17625,2016-03-11 11:52:33,Tausche_Polo_9_n_und_Simson_gegen_Audi,privat,Angebot,0,control,kleinwagen,2003,manuell,0,polo,125000,0,benzin,volkswagen,,2016-03-11 00:00:00,0,37308,2016-03-12 16:18:23
92877,2016-03-15 17:48:20,Ford_Mondeo,privat,Angebot,150,control,,2016,manuell,85,,150000,5,,ford,,2016-03-15 00:00:00,0,49186,2016-03-16 15:18:37
77102,2016-04-04 13:53:43,Lancia_Y_Bekommt_ohne_Problem_Gruene_Plakette,privat,Angebot,750,control,kleinwagen,1999,,60,ypsilon,150000,2,benzin,lancia,,2016-04-04 00:00:00,0,52066,2016-04-06 15:16:41
91576,2016-04-03 23:51:35,Ford_Escort,privat,Angebot,550,control,kombi,1998,manuell,70,escort,60000,4,benzin,ford,,2016-04-03 00:00:00,0,31020,2016-04-06 07:16:31
109227,2016-03-20 15:39:55,BMW_320i_touring,privat,Angebot,2850,control,kombi,2003,manuell,170,3er,150000,1,benzin,bmw,ja,2016-03-20 00:00:00,0,22848,2016-03-31 23:18:44
195747,2016-03-31 13:51:51,Mercedes_Benz_250,privat,Angebot,29950,control,coupe,2012,automatik,204,andere,30000,6,benzin,mercedes_benz,nein,2016-03-31 00:00:00,0,75175,2016-04-06 06:44:47
23927,2016-03-19 16:51:19,Volkswagen_Golf_1.6_Special,privat,Angebot,1750,test,limousine,2002,manuell,105,golf,125000,10,benzin,volkswagen,nein,2016-03-19 00:00:00,0,52152,2016-03-19 16:51:19
6739,2016-03-12 16:56:30,Renault_Twingo,privat,Angebot,250,control,kleinwagen,1998,manuell,0,twingo,150000,9,benzin,renault,,2016-03-12 00:00:00,0,40235,2016-03-12 16:56:30
319873,2016-03-20 22:49:36,Toyota_Yaris_Hybrid_1.5_VVT_i_Edition_2014,privat,Angebot,12950,test,kleinwagen,2014,automatik,75,yaris,20000,4,hybrid,toyota,nein,2016-03-20 00:00:00,0,23556,2016-04-07 09:45:55
113878,2016-03-08 07:01:34,Passat_3_B_Variant_TDI_mit_Partikelfilter_und_Gruener_Plakette,privat,Angebot,1,test,kombi,2000,manuell,0,passat,150000,1,diesel,volkswagen,nein,2016-03-08 00:00:00,0,78351,2016-03-09 12:46:45
147822,2016-03-22 17:52:55,Volvo_V70_D5_DPF_Vollausstattung_Gruene_Plakette_Summum_Ausstattun,privat,Angebot,2700,control,kombi,2004,automatik,163,v70,150000,8,diesel,volvo,,2016-03-22 00:00:00,0,45886,2016-03-22 17:52:55
69276,2016-03-11 10:52:36,Opel_Corsa_1.2_16V,privat,Angebot,1500,test,kleinwagen,2007,manuell,80,corsa,90000,9,benzin,opel,ja,2016-03-11 00:00:00,0,67112,2016-03-11 11:40:00
33643,2016-04-02 19:58:09,Xsara_Coupe_1.8i_N6_fuer_Bastler/_Ersatzteile,privat,Angebot,120,control,coupe,1998,manuell,90,andere,150000,3,benzin,citroen,ja,2016-04-02 00:00:00,0,32479,2016-04-06 20:47:26
88911,2016-03-29 01:56:29,2x_VW_T4_1.9TD_ABL,privat,Angebot,2000,control,,2000,manuell,68,transporter,150000,0,diesel,volkswagen,,2016-03-29 00:00:00,0,23843,2016-04-05 17:25:59
358813,2016-04-03 20:37:59,VW_Jetta_I_GLI_amerikanische_Ausfuehrung,privat,Angebot,5800,test,limousine,1983,manuell,110,jetta,150000,5,benzin,volkswagen,,2016-04-03 00:00:00,0,94130,2016-04-05 21:16:52
143442,2016-03-24 15:54:27,Ford_Focus_Turnier_1_6_TDCI___Diesel__Klima__Dunkelblau,privat,Angebot,3950,test,kombi,2007,manuell,90,focus,150000,8,diesel,ford,nein,2016-03-24 00:00:00,0,30419,2016-03-26 01:17:39
258712,2016-03-19 10:37:40,Opel_Vectra_2.0_Turbo_Caravan_LPG_Autogas_!!!,privat,Angebot,1899,test,kombi,2004,manuell,175,vectra,150000,3,benzin,opel,nein,2016-03-19 00:00:00,0,99947,2016-03-20 11:48:45
48253,2016-03-27 13:58:23,Bmw_328i_e36,privat,Angebot,1800,test,limousine,1997,automatik,193,3er,150000,7,,bmw,nein,2016-03-27 00:00:00,0,84478,2016-03-30 18:46:49
206888,2016-04-01 13:55:20,Audi_Avant_2.0_TDI,privat,Angebot,14900,test,kombi,2011,manuell,143,a4,125000,5,diesel,audi,nein,2016-04-01 00:00:00,0,80997,2016-04-07 10:45:58
367340,2016-03-21 16:45:16,VW_T4_1.9td_8_Sitzer,privat,Angebot,0,control,bus,1995,manuell,0,transporter,150000,0,diesel,volkswagen,,2016-03-21 00:00:00,0,18465,2016-04-06 15:45:38
311628,2016-03-07 10:38:32,Hond_Civic__Automatik__H_Kennzeichen,privat,Angebot,1333,test,kleinwagen,1982,automatik,60,civic,90000,7,benzin,honda,ja,2016-03-07 00:00:00,0,41061,2016-03-25 08:47:57
320620,2016-03-25 21:37:20,BMW_530d_Vollaustattung,privat,Angebot,8650,test,limousine,2006,automatik,231,5er,150000,9,diesel,bmw,,2016-03-25 00:00:00,0,41199,2016-04-03 05:45:11
53481,2016-04-02 20:54:09,Ford_Fiesta_mit_TÜV_bis_2017,privat,Angebot,350,test,kleinwagen,1989,manuell,50,fiesta,100000,3,benzin,ford,nein,2016-04-02 00:00:00,0,97421,2016-04-04 19:18:15
230258,2016-03-26 15:39:34,Mercedes_Benz_E_220_T_CDI_Automatik,privat,Angebot,9750,test,kombi,2006,automatik,170,e_klasse,150000,9,diesel,mercedes_benz,nein,2016-03-26 00:00:00,0,84347,2016-04-06 03:17:41
99633,2016-03-24 19:38:52,Winterauto,privat,Angebot,550,control,kleinwagen,1994,manuell,75,golf,150000,1,benzin,volkswagen,nein,2016-03-24 00:00:00,0,79843,2016-04-07 14:58:04
339526,2016-04-03 11:39:54,Tausche_Golf_1__GOLF_2_GTI__Vw_Kaefer_gegen_Audi_S4,privat,Angebot,0,control,,2017,,0,golf,150000,0,benzin,volkswagen,,2016-04-03 00:00:00,0,36404,2016-04-05 09:51:23
278755,2016-03-11 23:46:46,Verkaufe_gegen_auch_Tausch,privat,Angebot,500,test,limousine,1995,manuell,110,andere,5000,0,benzin,bmw,nein,2016-03-11 00:00:00,0,42651,2016-03-12 02:41:30
268595,2016-03-14 03:43:45,Opel_Astra_1.9_CDTI_Caravan_DPF,privat,Angebot,3590,test,kombi,2005,manuell,101,astra,150000,12,diesel,opel,nein,2016-03-13 00:00:00,0,99867,2016-03-20 17:48:56
121423,2016-04-06 14:25:34,Opel_Corsa_B_1.0_Eco_TÜV_10/2017,privat,Angebot,799,test,kleinwagen,1998,manuell,55,corsa,150000,6,benzin,opel,nein,2016-04-06 00:00:00,0,55494,2016-04-06 14:25:34
16226,2016-03-28 13:48:44,A4_1_8_T_sehr_gepflegt,privat,Angebot,3600,test,kombi,2000,,150,a4,150000,1,benzin,audi,,2016-03-28 00:00:00,0,70327,2016-04-06 17:45:45
107617,2016-03-07 21:50:00,Land_Rover_Freelander_Td4_Style,privat,Angebot,2900,control,suv,2003,manuell,111,freelander,150000,10,diesel,land_rover,nein,2016-03-07 00:00:00,0,33034,2016-03-15 14:18:25
228250,2016-04-02 13:30:58,Volkswagen_Touran_1.6,privat,Angebot,3250,test,bus,2003,manuell,102,touran,150000,9,benzin,volkswagen,nein,2016-04-02 00:00:00,0,35630,2016-04-03 19:35:58
130451,2016-03-19 14:44:18,BMW_523i_touring,privat,Angebot,1800,test,kombi,1998,manuell,170,5er,150000,12,benzin,bmw,nein,2016-03-19 00:00:00,0,66121,2016-04-01 00:47:05
212613,2016-03-23 18:49:52,Golf_2__Porsche_Maritim_Blau_aehnlich_RS_,privat,Angebot,2800,test,coupe,1991,manuell,129,golf,150000,5,benzin,volkswagen,nein,2016-03-23 00:00:00,0,96365,2016-04-05 23:45:42
72835,2016-03-28 12:38:49,Ford_Galaxy_2.3_16V_1.100_€_VB,privat,Angebot,1100,test,bus,1997,manuell,145,galaxy,150000,8,benzin,ford,nein,2016-03-28 00:00:00,0,44319,2016-03-28 12:38:49
54467,2016-03-25 07:02:25,Polo_1.4l_60_Ps,privat,Angebot,400,test,kleinwagen,1997,automatik,60,polo,150000,10,benzin,volkswagen,nein,2016-03-25 00:00:00,0,58256,2016-04-06 07:46:36
274783,2016-03-30 17:57:45,Peugeot_206_Silber_TÜV_12/2016,privat,Angebot,2100,control,kleinwagen,2006,manuell,75,,125000,5,benzin,peugeot,,2016-03-30 00:00:00,0,13585,2016-04-07 09:45:01
200972,2016-03-08 14:38:35,Mercedes_Benz__A_170_CDI_Avantgrade_mit_Automatik__Teilleder__DPF,privat,Angebot,2300,test,limousine,2003,automatik,95,a_klasse,150000,6,diesel,mercedes_benz,nein,2016-03-08 00:00:00,0,10587,2016-03-19 04:47:29
304483,2016-04-04 11:37:21,MINI_Cooper_Cabrio,privat,Angebot,16900,control,cabrio,2012,manuell,120,cooper,50000,6,benzin,mini,nein,2016-04-04 00:00:00,0,25436,2016-04-06 12:17:33
273401,2016-03-18 10:41:20,Subaru_Impreza_GC_8__2.0__4x4__Super_Optik__Klima__TÜV_bis_7.17!,privat,Angebot,900,control,limousine,1997,automatik,115,impreza,150000,4,benzin,subaru,nein,2015-12-05 00:00:00,0,2943,2016-03-23 13:56:25
257600,2016-03-12 02:58:31,Mercedes_Benz_E_200_AMG__Avantgarde_7G_TRONIC,privat,Angebot,43000,control,limousine,2015,automatik,184,e_klasse,5000,9,benzin,mercedes_benz,nein,2016-03-12 00:00:00,0,40468,2016-04-05 20:46:26
357761,2016-04-03 12:38:16,Ford_Fiesta_JBS_1_3l,privat,Angebot,75,control,kleinwagen,1996,manuell,60,fiesta,150000,12,benzin,ford,,2016-04-03 00:00:00,0,7950,2016-04-07 14:57:00
6633,2016-04-02 00:47:07,BMW_523i_touring,privat,Angebot,1250,test,kombi,1999,automatik,170,5er,150000,4,benzin,bmw,nein,2016-04-01 00:00:00,0,58089,2016-04-02 06:40:58
31630,2016-03-28 15:51:07,Audi_A3_1.4_TFSI_Sportback_Ambition,privat,Angebot,12699,control,kombi,2010,manuell,125,a3,100000,4,benzin,audi,nein,2016-03-28 00:00:00,0,96103,2016-04-06 20:46:30
2715,2016-03-08 18:37:19,Ford_Fiesta_4/5__tueren__HU_juli_2017,privat,Angebot,599,test,limousine,1998,manuell,50,fiesta,150000,10,benzin,ford,nein,2016-03-08 00:00:00,0,89269,2016-03-11 14:17:23
182752,2016-03-12 09:52:43,TÜV_bis_11.17_Zahnriemen_neu_8fach_bereift,privat,Angebot,2300,control,limousine,2001,manuell,118,focus,150000,4,benzin,ford,nein,2016-03-12 00:00:00,0,25436,2016-04-06 01:45:48
299330,2016-03-14 16:43:42,Auto_suzuki_Baleno,privat,Angebot,520,test,kombi,1998,manuell,75,andere,30000,6,lpg,suzuki,nein,2016-03-14 00:00:00,0,28239,2016-03-23 16:48:50
207135,2016-04-04 01:57:57,BMW_320i,privat,Angebot,2900,control,cabrio,1996,manuell,150,3er,150000,4,benzin,bmw,nein,2016-04-04 00:00:00,0,86947,2016-04-06 09:17:08
217674,2016-03-20 16:53:50,Passat_3b_1.9_tdi_afn,privat,Angebot,1600,test,limousine,1996,manuell,110,passat,150000,0,,volkswagen,,2016-03-20 00:00:00,0,14974,2016-04-06 23:46:51
103732,2016-04-04 17:38:37,Volkswagen_Passat_Variant_2.0_TDI_DPF_Highline,privat,Angebot,14999,test,kombi,2010,manuell,140,passat,70000,6,diesel,volkswagen,nein,2016-04-04 00:00:00,0,26655,2016-04-06 19:17:14
259317,2016-03-13 14:46:08,Fiat_Punto_188_ca_165t_Km,privat,Angebot,500,test,kleinwagen,2000,manuell,60,punto,150000,6,benzin,fiat,ja,2016-03-13 00:00:00,0,66780,2016-04-06 16:16:26
151645,2016-03-28 17:36:39,Volkswagen_Eos_2.0_TDI_DPF_Individual_Chrom,privat,Angebot,10900,test,cabrio,2008,manuell,140,eos,125000,3,diesel,volkswagen,nein,2016-03-28 00:00:00,0,53508,2016-04-06 23:15:43
135539,2016-04-03 16:39:58,Verkaufe_meinen_Silber_farbenen_Golf_3!,privat,Angebot,950,control,limousine,1997,,0,golf,125000,7,benzin,volkswagen,,2016-04-03 00:00:00,0,56651,2016-04-05 15:46:12
90218,2016-03-27 15:55:02,Renault_Laguna,privat,Angebot,0,control,kombi,1998,manuell,0,laguna,150000,0,benzin,renault,,2016-03-27 00:00:00,0,19376,2016-04-05 11:48:49
220248,2016-03-17 15:52:59,Volkswagen_Golf_Plus_1.4_TSI_Style,privat,Angebot,12000,test,bus,2011,manuell,122,golf,70000,3,benzin,volkswagen,nein,2016-03-17 00:00:00,0,66679,2016-03-19 15:45:23
266960,2016-04-06 05:36:24,._Verkaufen.SEAT_TOLEDO_2.0l_diesel.mit_Tuv_05.2017.,privat,Angebot,4550,control,,2017,manuell,1986,toledo,150000,4,diesel,seat,,2016-04-06 00:00:00,0,78739,2016-04-06 05:36:24
35490,2016-03-15 21:58:58,Gepflegter_Golf_6_zu_verkaufen,privat,Angebot,6600,control,limousine,2009,manuell,80,golf,125000,5,benzin,volkswagen,nein,2016-03-15 00:00:00,0,38464,2016-03-15 21:58:58
75319,2016-03-23 13:55:10,VW_Polo_6N_Zahnriemen_etc._alles_NEU!,privat,Angebot,550,test,,2016,manuell,60,polo,150000,0,benzin,volkswagen,nein,2016-03-23 00:00:00,0,91555,2016-04-01 19:26:15
308192,2016-03-11 18:43:49,Fiat_Grande_Punto_Abarth_Esseesse_KW_G_tech,privat,Angebot,10500,test,coupe,2009,manuell,179,punto,60000,4,benzin,fiat,nein,2016-03-11 00:00:00,0,74545,2016-04-05 19:47:50
248458,2016-04-02 10:48:08,Audi_a6_3.0tdi_Quattro_20zoll_Panorama_tv_acc_bose_sline_sideass,privat,Angebot,32800,test,kombi,2012,automatik,245,a6,150000,0,diesel,audi,nein,2016-04-02 00:00:00,0,15344,2016-04-02 10:48:08
101684,2016-03-30 00:49:53,BMW_320i,privat,Angebot,5999,test,cabrio,1998,manuell,150,3er,150000,4,benzin,bmw,nein,2016-03-29 00:00:00,0,63811,2016-04-06 20:16:29
295771,2016-04-04 19:49:52,Opel_Astra_1.6_Caravan_Edition_100,privat,Angebot,2250,control,kombi,1999,automatik,101,astra,150000,10,benzin,opel,nein,2016-04-04 00:00:00,0,35415,2016-04-05 12:24:30
281309,2016-03-08 14:54:09,BMW_318i_Automatik_143PS_2002,privat,Angebot,4400,test,limousine,2002,automatik,143,3er,150000,1,benzin,bmw,nein,2016-03-08 00:00:00,0,21339,2016-04-04 07:50:29
270080,2016-03-16 11:55:56,NISSAN_ALMERA_TINO_DIESEL,privat,Angebot,1600,test,limousine,2004,manuell,82,almera,150000,4,diesel,nissan,,2016-03-16 00:00:00,0,10997,2016-03-28 06:18:05
371024,2016-03-30 21:49:34,Opel_Corsa_Tuev_neu,privat,Angebot,1000,test,kleinwagen,1995,manuell,45,corsa,150000,12,benzin,opel,nein,2016-03-30 00:00:00,0,86757,2016-04-05 12:20:18
27038,2016-03-10 13:36:23,citroen_xantia,privat,Angebot,1300,test,kombi,1999,automatik,110,andere,150000,0,benzin,citroen,nein,2016-03-10 00:00:00,0,7629,2016-04-07 08:15:19
317718,2016-04-01 17:39:52,Mercedes_Benz_E320_Autom._Diesel,privat,Angebot,2650,test,limousine,2000,automatik,0,,150000,1,diesel,mercedes_benz,nein,2016-04-01 00:00:00,0,23554,2016-04-05 12:46:17
303830,2016-03-18 21:36:55,Peugeot_206cc,privat,Angebot,1999,control,cabrio,2010,manuell,109,2_reihe,150000,10,benzin,peugeot,nein,2016-03-18 00:00:00,0,67071,2016-03-18 21:36:55
358189,2016-03-28 20:42:51,Opel_Corsa_B_16v_Bj_2000,privat,Angebot,1300,control,kleinwagen,2000,manuell,65,corsa,150000,10,benzin,opel,,2016-03-28 00:00:00,0,63322,2016-04-07 02:47:08
319944,2016-03-24 12:36:58,Ford_Focus_Turnier_1.8_DI,privat,Angebot,999,test,kombi,2001,manuell,90,focus,150000,9,diesel,ford,nein,2016-03-24 00:00:00,0,37075,2016-04-07 04:45:45
175088,2016-03-17 09:49:36,Volkswagen_Multivan_25_Edition_DSG,privat,Angebot,42999,test,bus,2014,automatik,179,transporter,60000,5,diesel,volkswagen,nein,2016-03-17 00:00:00,0,81673,2016-04-06 06:16:28
189471,2016-03-19 19:50:41,Audi_A4_Avant_1.9_TDI_Top_tip,privat,Angebot,1890,control,kombi,1996,automatik,110,a4,150000,5,diesel,audi,ja,2016-03-19 00:00:00,0,97922,2016-04-07 08:44:46
62184,2016-03-14 13:31:17,Kia_Rio_1.4_CRDI_Spirit,privat,Angebot,12800,test,kleinwagen,2012,manuell,90,rio,40000,8,diesel,kia,nein,2016-03-14 00:00:00,0,65550,2016-04-07 06:16:12
34820,2016-04-03 11:52:25,Opel_Corsa_1.4_Leder_60ps_D3,privat,Angebot,900,control,kleinwagen,1996,manuell,60,corsa,150000,12,benzin,opel,nein,2016-04-03 00:00:00,0,50765,2016-04-07 12:47:20
260509,2016-03-24 14:46:00,Mercedes_Benz_TCI_DPF_BLUE_EFF._7_G_Tronic,privat,Angebot,19500,test,kombi,2010,automatik,177,e_klasse,150000,12,diesel,mercedes_benz,nein,2016-03-24 00:00:00,0,38855,2016-04-07 06:16:45
215415,2016-03-19 17:54:07,Opel_cosa_B,privat,Angebot,200,control,,2000,,0,,150000,0,,opel,,2016-03-19 00:00:00,0,19230,2016-04-01 07:50:07
57739,2016-03-20 08:55:35,VW_T4_2.5_Benziner_Caravelle,privat,Angebot,0,test,bus,1995,manuell,110,transporter,150000,4,,volkswagen,ja,2016-03-20 00:00:00,0,57258,2016-03-20 08:55:35
232155,2016-03-12 20:38:13,Mercedes_c220_cdi_elegance,privat,Angebot,6580,test,limousine,2002,automatik,143,c_klasse,150000,7,diesel,mercedes_benz,ja,2016-03-12 00:00:00,0,13403,2016-03-12 20:38:13
209405,2016-03-20 02:02:21,Lancia_Dedra_1.6_Youngtimer_Oldtimer_orig._62000_TKM_TÜV_neu!_Top,privat,Angebot,2290,test,limousine,1993,manuell,75,andere,70000,10,benzin,lancia,nein,2016-03-20 00:00:00,0,24536,2016-04-07 09:15:35
136531,2016-03-29 11:58:25,Renault_Twingo_1.2_16V_Lazuli,privat,Angebot,1300,test,kleinwagen,2004,manuell,75,twingo,150000,3,benzin,renault,nein,2016-03-29 00:00:00,0,76532,2016-04-05 21:45:45
280229,2016-03-25 11:47:24,BMW_Z3_mit_2_8L_Motor,privat,Angebot,5500,test,cabrio,1998,automatik,191,z_reihe,150000,3,benzin,bmw,,2016-03-25 00:00:00,0,68239,2016-04-06 12:15:59
40083,2016-03-18 18:41:44,Alfa_Romeo_Giulietta_2.0_JTDM_16V_Turismo,privat,Angebot,11500,control,limousine,2012,manuell,140,andere,90000,7,diesel,alfa_romeo,nein,2016-03-18 00:00:00,0,76287,2016-04-05 22:45:02
134216,2016-03-20 18:37:23,Volkswagen_Polo,privat,Angebot,1200,test,kleinwagen,1996,manuell,45,polo,150000,4,benzin,volkswagen,nein,2016-03-20 00:00:00,0,31137,2016-03-23 03:19:14
298245,2016-03-19 15:57:49,Renault_Scenic,privat,Angebot,1200,control,andere,2003,manuell,130,scenic,150000,10,diesel,renault,nein,2016-03-19 00:00:00,0,33442,2016-04-07 01:15:39
295428,2016-03-21 20:36:17,Volkswagen_Caddy_1.9_TDI__105PS_mit_Navi+_Winterraeder,privat,Angebot,4999,control,bus,2004,manuell,105,caddy,150000,12,diesel,volkswagen,nein,2016-03-21 00:00:00,0,18337,2016-04-03 00:16:40
330114,2016-03-30 01:57:43,Renault_Laguna_1.6_16V_Authentique_Sitzheizung,privat,Angebot,4690,test,limousine,2006,manuell,111,laguna,40000,9,benzin,renault,nein,2016-03-30 00:00:00,0,12357,2016-04-06 20:46:27
42314,2016-03-20 19:53:07,Volkswagen_Polo_1.4_Comfortline_1_Hand_scheckheftgepflegt,privat,Angebot,3850,test,kleinwagen,2003,manuell,75,polo,90000,4,benzin,volkswagen,nein,2016-03-20 00:00:00,0,58640,2016-04-07 04:17:22
41149,2016-03-16 20:40:14,Mercedes_c180_kompressor,privat,Angebot,4300,control,limousine,2003,automatik,145,c_klasse,150000,0,benzin,mercedes_benz,nein,2016-03-16 00:00:00,0,48529,2016-03-22 01:17:31
356196,2016-03-22 12:56:11,Toyota_RAV_4_2.2_D_CAT_4x4,privat,Angebot,6850,control,suv,2006,manuell,177,rav,150000,3,diesel,toyota,nein,2016-03-22 00:00:00,0,87660,2016-03-29 16:44:56
370664,2016-03-29 19:37:56,Mercedes_Benz_190_E_2.0,privat,Angebot,999,control,limousine,1992,manuell,122,andere,150000,1,benzin,mercedes_benz,nein,2016-03-29 00:00:00,0,74906,2016-04-02 07:46:34
276504,2016-03-29 22:51:52,Toyota_Yaris___schwarz_metallic___!_Schiebedach_!,privat,Angebot,2100,test,limousine,1999,manuell,68,yaris,150000,8,benzin,toyota,,2016-03-29 00:00:00,0,79761,2016-04-06 18:47:16
240749,2016-03-12 16:55:49,Audi_A3_2.0_TDI_Sportback_DPF_Ambition,privat,Angebot,14999,control,kombi,2011,manuell,179,a3,70000,11,diesel,audi,nein,2016-03-12 00:00:00,0,88437,2016-03-29 00:45:32
244879,2016-03-07 22:50:19,MINI_ONE,privat,Angebot,7550,test,kleinwagen,2009,manuell,95,one,70000,3,benzin,mini,nein,2016-03-07 00:00:00,0,44265,2016-03-08 10:46:43
359641,2016-03-26 16:53:53,VW_Golf_4,privat,Angebot,1400,control,kleinwagen,1998,manuell,0,golf,150000,0,benzin,volkswagen,nein,2016-03-26 00:00:00,0,27283,2016-03-29 19:44:26
9556,2016-03-13 11:37:52,BMW_320i,privat,Angebot,9590,control,limousine,2008,manuell,170,3er,150000,8,benzin,bmw,nein,2016-03-13 00:00:00,0,84183,2016-04-06 15:17:18
170255,2016-03-23 19:36:23,Renault_Clio_1.6_16V,privat,Angebot,4490,control,kleinwagen,2006,manuell,88,clio,100000,5,benzin,renault,nein,2016-03-23 00:00:00,0,89173,2016-04-06 01:45:38
195299,2016-03-31 00:55:12,Porsche_911_GT2_RS_NUR_500_Stueck,privat,Angebot,370000,control,coupe,2010,manuell,620,911,20000,12,benzin,porsche,nein,2016-03-31 00:00:00,0,4668,2016-04-06 01:44:41
170908,2016-03-10 11:54:58,Mercedes_Benz_190_Dc_Heckflosse__SCHEUNENFUND_,privat,Angebot,3950,test,limousine,1964,manuell,54,andere,100000,2,diesel,mercedes_benz,ja,2016-03-10 00:00:00,0,73033,2016-03-10 23:15:12
350064,2016-03-27 10:52:19,BMW_E46_Kombi_**TÜV_NEU___ohne_Maengel**,privat,Angebot,3300,control,kombi,2003,manuell,150,3er,150000,3,diesel,bmw,nein,2016-03-27 00:00:00,0,63849,2016-04-01 10:17:36
170413,2016-03-28 00:58:22,Ersatzteilspender_Renault_Twingo,privat,Angebot,75,control,,2005,manuell,0,twingo,125000,0,benzin,renault,ja,2016-03-27 00:00:00,0,6242,2016-04-06 08:17:03
341158,2016-04-03 16:44:46,Citroën_C5_Tourer_HDi_200_FAP_Aut.,privat,Angebot,17500,control,kombi,2012,automatik,204,c5,80000,4,diesel,citroen,nein,2016-04-03 00:00:00,0,88287,2016-04-03 16:44:46
44556,2016-03-06 16:38:53,SEAT_EXEO_ST_2_0_TDI,privat,Angebot,6899,test,kombi,2010,manuell,143,exeo,150000,2,diesel,seat,,2016-03-06 00:00:00,0,28779,2016-03-07 14:15:42
214189,2016-03-26 08:37:14,Audi_A6_td?_Quattro,privat,Angebot,15000,test,kombi,2006,automatik,225,a6,150000,3,diesel,audi,nein,2016-03-26 00:00:00,0,63069,2016-03-31 03:44:26
77911,2016-03-31 09:53:08,Ford_Fiesta_JBS_MK5__Baujahr_2000,privat,Angebot,300,control,kleinwagen,2000,manuell,50,fiesta,150000,3,benzin,ford,nein,2016-03-31 00:00:00,0,96515,2016-03-31 10:47:51
353946,2016-04-02 20:39:34,Mercedes_C240_Avantgarde_Lpg_Automatik_Tuev_Neu__03/18__Xenon_Klim,privat,Angebot,4600,test,limousine,2001,automatik,170,c_klasse,150000,3,lpg,mercedes_benz,nein,2016-04-02 00:00:00,0,58553,2016-04-06 20:47:23
330530,2016-03-16 11:43:46,Smart_smart_fortwo_coupe,privat,Angebot,5950,test,kleinwagen,2011,automatik,71,fortwo,30000,7,benzin,smart,nein,2016-03-16 00:00:00,0,45475,2016-03-17 08:46:58
73448,2016-03-26 01:01:00,Volkswagen_bus_White_Star_Edition_Diesel__Anschauen,privat,Angebot,7500,test,bus,1991,manuell,73,transporter,60000,5,diesel,volkswagen,nein,2016-03-26 00:00:00,0,66346,2016-04-05 19:47:03
21868,2016-03-17 15:46:22,Vw_Passat_2.8_V6_4_Motion_Variant,privat,Angebot,0,test,kombi,2002,automatik,193,passat,150000,7,benzin,volkswagen,nein,2016-03-17 00:00:00,0,12555,2016-03-30 09:16:13
128387,2016-03-21 13:46:06,Vw_passz_1.9tdi_116psi_touring,privat,Angebot,1700,test,kombi,2000,,116,,150000,4,diesel,volkswagen,,2016-03-21 00:00:00,0,73312,2016-04-06 09:16:58
318070,2016-03-26 11:54:00,Jeep_Cherokee_kJ_2_8_crd,privat,Angebot,4200,control,suv,2004,automatik,160,cherokee,150000,6,diesel,jeep,nein,2016-03-26 00:00:00,0,23845,2016-04-05 23:46:52
117123,2016-03-29 23:43:31,Golf_3_color_concept,privat,Angebot,550,control,limousine,1993,manuell,75,golf,90000,4,benzin,volkswagen,nein,2016-03-29 00:00:00,0,9322,2016-04-06 10:45:00
98136,2016-03-20 08:40:36,Seat_Leon_1.6_Reference_TÜV_4/18,privat,Angebot,4990,control,limousine,2006,manuell,102,leon,150000,3,benzin,seat,nein,2016-03-19 00:00:00,0,56566,2016-03-24 12:15:43
53977,2016-03-16 21:51:33,Volkswagen_Passat_Variant_1.9_TDI,privat,Angebot,2199,control,kombi,2003,manuell,131,passat,150000,1,diesel,volkswagen,nein,2016-03-16 00:00:00,0,85591,2016-03-16 23:40:13
33042,2016-03-14 23:54:36,Opel_Vectra_3.0_V6_CDTI_Caravan_Sport,privat,Angebot,3999,control,kombi,2004,automatik,177,vectra,150000,10,diesel,opel,nein,2016-03-14 00:00:00,0,87561,2016-03-15 08:42:09
340643,2016-03-27 12:51:48,Corsa_1_Liter_40_PS,privat,Angebot,690,test,kleinwagen,1998,manuell,40,corsa,150000,4,benzin,opel,nein,2016-03-27 00:00:00,0,41061,2016-04-07 08:17:46
180936,2016-03-20 10:56:26,BMW_Cabrio_Neuzustand,privat,Angebot,20900,control,cabrio,2010,manuell,177,3er,90000,4,diesel,bmw,nein,2016-03-20 00:00:00,0,77871,2016-04-02 10:17:18
291526,2016-03-11 22:54:12,Auto_Radio_JVC_DVD,privat,Angebot,250,control,,2018,,0,,5000,0,,mercedes_benz,nein,2016-03-11 00:00:00,0,13407,2016-04-01 18:47:07
207040,2016-03-06 11:37:41,BMW_525i,privat,Angebot,9500,test,limousine,2004,automatik,192,5er,150000,10,benzin,bmw,nein,2016-03-06 00:00:00,0,21217,2016-03-17 08:44:31
312401,2016-03-22 17:43:50,Ford_Focus_2004_Motor_getriebe_tip_top,privat,Angebot,1000,control,kombi,2004,manuell,0,focus,150000,6,diesel,ford,,2016-03-22 00:00:00,0,27374,2016-03-28 08:16:06
158154,2016-03-16 20:44:32,Mazda_MX_5__Cabrio,privat,Angebot,2900,control,cabrio,1998,manuell,140,mx_reihe,90000,4,benzin,mazda,nein,2016-03-16 00:00:00,0,13595,2016-04-07 06:45:49
202840,2016-03-23 15:55:35,Golf_5_1_4l,privat,Angebot,4800,test,coupe,2007,manuell,80,golf,125000,6,benzin,volkswagen,,2016-03-23 00:00:00,0,76761,2016-03-26 09:45:20
28729,2016-03-28 13:50:09,Mercedes_Benz_C_180_Kompressor_Elegance,privat,Angebot,7500,test,limousine,2005,manuell,143,c_klasse,150000,8,benzin,mercedes_benz,nein,2016-03-28 00:00:00,0,87437,2016-04-06 17:45:47
74200,2016-03-31 20:43:09,Opel_Zafira_7Sitzer_Klima_8_Fach_Bereift_tuev_Neu,privat,Angebot,4699,test,bus,2007,manuell,105,zafira,125000,10,benzin,opel,nein,2016-03-31 00:00:00,0,52070,2016-03-31 20:43:09
341672,2016-04-05 10:56:19,OPEL_CORSA_B....._Gutes_Anfaengerauto_guenstig_im_Unterhalt,privat,Angebot,1000,control,kleinwagen,2001,manuell,0,corsa,100000,5,benzin,opel,,2016-04-05 00:00:00,0,86163,2016-04-07 14:56:41
211848,2016-04-03 12:06:16,Mercedes_c200,privat,Angebot,3900,control,limousine,2001,manuell,141,c_klasse,150000,4,benzin,mercedes_benz,nein,2016-04-03 00:00:00,0,35576,2016-04-05 13:17:54
272122,2016-03-29 20:50:44,Toyota_Avensis_1.8_Combi,privat,Angebot,3000,test,kombi,2002,manuell,129,avensis,125000,9,benzin,toyota,nein,2016-03-29 00:00:00,0,85540,2016-04-06 07:17:14
66089,2016-03-11 08:54:26,Smart_smart_fortwo_cdi_coupe,privat,Angebot,6150,test,kleinwagen,2011,,0,fortwo,80000,11,diesel,smart,nein,2016-03-11 00:00:00,0,48493,2016-04-06 06:46:32
258538,2016-04-03 18:49:30,Honda_Civic_1.6i_LS,privat,Angebot,3200,control,limousine,2002,manuell,110,civic,150000,10,benzin,honda,nein,2016-04-03 00:00:00,0,83022,2016-04-05 19:18:51
270698,2016-03-11 13:48:43,Smart_Brabus__Schwarz_mit_elektrischem_Dachfenster,privat,Angebot,1000,test,cabrio,2000,automatik,40,andere,125000,6,benzin,smart,nein,2016-03-11 00:00:00,0,46514,2016-03-11 13:48:43
87538,2016-03-11 22:40:50,"fiat_panda_750_""garagenfund""",privat,Angebot,0,control,kleinwagen,1991,manuell,34,,150000,10,benzin,fiat,,2016-03-11 00:00:00,0,23714,2016-03-29 20:47:31
208459,2016-03-24 19:59:31,gepflegter_blauer_VW_Lupo_1.0,privat,Angebot,1200,control,kleinwagen,1999,manuell,50,lupo,150000,12,benzin,volkswagen,nein,2016-03-24 00:00:00,0,93346,2016-03-24 20:44:24
85602,2016-03-05 15:56:48,AUDI_A6__TÜV__VIEL_NEU,privat,Angebot,1099,control,kombi,1994,manuell,118,a6,150000,8,benzin,audi,nein,2016-03-05 00:00:00,0,2699,2016-03-07 10:41:27
35071,2016-03-31 03:02:16,Mercedes_C_Klasse_C200_kompressor_tuev_bis_01/2017,privat,Angebot,2700,test,limousine,2002,manuell,163,c_klasse,150000,2,benzin,mercedes_benz,nein,2016-03-31 00:00:00,0,45968,2016-03-31 08:50:07
88761,2016-04-04 20:38:52,Smart_smart_&_pure,privat,Angebot,1400,control,kleinwagen,2000,,45,fortwo,125000,4,benzin,smart,nein,2016-04-04 00:00:00,0,91154,2016-04-06 22:46:23
1020,2016-03-30 00:56:03,BMW_320d_DPF_Aut.,privat,Angebot,12000,test,limousine,2007,automatik,177,3er,125000,12,diesel,bmw,nein,2016-03-30 00:00:00,0,22115,2016-04-06 22:45:49
129614,2016-03-07 18:56:59,Maserati_Ghibli_Diesel_Automatik,privat,Angebot,55000,control,limousine,2015,automatik,275,,20000,5,diesel,sonstige_autos,nein,2016-03-07 00:00:00,0,89198,2016-03-28 23:16:17
49416,2016-03-07 12:56:08,Opel_Astra_G_1.8_16V_zu_verkaufen,privat,Angebot,700,test,limousine,1998,manuell,116,astra,150000,12,benzin,opel,nein,2016-03-07 00:00:00,0,44866,2016-04-06 03:16:34
213072,2016-03-09 12:25:20,Honda_civic,privat,Angebot,1050,control,limousine,2000,manuell,0,civic,150000,6,benzin,honda,,2016-03-09 00:00:00,0,65479,2016-04-01 03:17:29
149573,2016-04-01 20:36:22,Renault_Twingo,privat,Angebot,700,test,kleinwagen,2000,manuell,58,twingo,150000,4,benzin,renault,nein,2016-04-01 00:00:00,0,31135,2016-04-01 20:36:22
258046,2016-03-21 21:53:33,BMW_550i_Aut._1HAND_wenig_km__Vollausstattung,privat,Angebot,35999,control,limousine,2010,automatik,408,5er,40000,9,benzin,bmw,nein,2016-03-21 00:00:00,0,67229,2016-04-07 02:16:29
262510,2016-03-28 09:52:46,318i_Cabrio_E36,privat,Angebot,2299,control,cabrio,1995,manuell,116,3er,150000,8,benzin,bmw,nein,2016-03-28 00:00:00,0,27616,2016-04-06 11:47:07
67900,2016-03-29 13:53:59,Opel_Corsa,privat,Angebot,1250,control,kleinwagen,2002,manuell,0,corsa,125000,1,,opel,nein,2016-03-29 00:00:00,0,90559,2016-04-05 23:47:09
129297,2016-03-29 10:51:29,Citroën_Xsara_Picasso_1.6_HDi,privat,Angebot,2190,control,bus,2004,manuell,109,andere,150000,12,diesel,citroen,nein,2016-03-29 00:00:00,0,14089,2016-04-05 20:18:37
13870,2016-03-07 14:54:30,Ford_Galaxy_Tuev_2017__2.0_TDCI,privat,Angebot,5850,control,,2017,manuell,136,galaxy,150000,10,,ford,,2016-03-07 00:00:00,0,50737,2016-04-07 06:45:49
314038,2016-03-15 00:53:05,BMW_E46_318i_KOMPLETTE_BREMSANLAGE_NEU_!,privat,Angebot,2000,test,limousine,1999,manuell,118,3er,150000,8,benzin,bmw,nein,2016-03-14 00:00:00,0,45721,2016-04-05 13:44:40
213209,2016-03-25 15:41:24,Fiat_500_1.3_Multijet_16V_DPF_byDiesel,privat,Angebot,7700,test,kleinwagen,2010,manuell,95,500,125000,9,diesel,fiat,nein,2016-03-25 00:00:00,0,92637,2016-04-06 19:16:12
149042,2016-03-23 10:49:19,Volkswagen_Passat_Variant_2.0_TDI_DSG___Navi__Rueckfahrkamer,privat,Angebot,9300,control,kombi,2012,automatik,140,passat,150000,7,diesel,volkswagen,nein,2016-03-23 00:00:00,0,39104,2016-04-07 11:16:02
53086,2016-03-10 16:54:47,Ford_Focus_1.6_TI_VCT_Trend,privat,Angebot,9500,control,limousine,2011,manuell,125,focus,60000,2,benzin,ford,nein,2016-03-10 00:00:00,0,97350,2016-03-18 01:44:27
258340,2016-03-28 17:49:14,BMW_325i_Cabrio_Aut._Edition_Exclusive_/_EUROPlus,privat,Angebot,26950,test,cabrio,2012,automatik,218,3er,30000,9,benzin,bmw,nein,2016-03-28 00:00:00,0,81929,2016-04-04 21:17:14
251871,2016-03-07 18:36:58,Opel_corsa,privat,Angebot,225,control,kleinwagen,1995,,33,corsa,150000,9,benzin,opel,,2016-03-07 00:00:00,0,97705,2016-03-17 16:45:36
245485,2016-03-30 23:57:51,Renault_Twingo_1.2_Metropolis,privat,Angebot,699,control,kleinwagen,1999,manuell,58,twingo,150000,12,benzin,renault,nein,2016-03-30 00:00:00,0,31171,2016-04-06 00:44:31
182660,2016-03-16 18:40:07,Golf_II_GL_1.6,privat,Angebot,1200,control,limousine,1990,manuell,69,golf,150000,5,benzin,volkswagen,nein,2016-03-16 00:00:00,0,88410,2016-03-17 16:47:41
27104,2016-03-29 15:38:18,Touran_2.0_TDI_Highline_1Hand_Leder_TOP_bj_2003,privat,Angebot,2366,control,kombi,2003,manuell,136,touran,150000,8,diesel,volkswagen,nein,2016-03-29 00:00:00,0,2943,2016-03-29 15:38:18
176004,2016-03-13 11:47:15,Golf_III_fuer_Bastler,privat,Angebot,249,control,kleinwagen,1997,manuell,75,golf,5000,1,benzin,volkswagen,,2016-03-13 00:00:00,0,28307,2016-04-06 15:17:22
352079,2016-04-02 16:30:49,citreon_c4_b_j_2008_Metallic_Lackierung,privat,Angebot,3290,control,kleinwagen,2008,,140,c4,20000,7,diesel,citroen,,2016-04-02 00:00:00,0,60329,2016-04-02 21:29:27
247864,2016-03-23 10:49:25,Audi_a4_1_6,privat,Angebot,0,control,limousine,1996,manuell,101,a4,150000,1,benzin,audi,,2016-03-23 00:00:00,0,89518,2016-04-07 11:16:03
72509,2016-03-06 20:37:15,Ford_Fiesta_5_Tuerig_Klima_ZV_Servo,privat,Angebot,150,control,kleinwagen,1998,manuell,75,fiesta,80000,11,benzin,ford,ja,2016-03-06 00:00:00,0,8107,2016-03-24 09:45:52
79921,2016-03-24 13:06:23,BMW_530_d_touring,privat,Angebot,1400,control,kombi,2000,manuell,184,5er,150000,4,diesel,bmw,,2016-03-24 00:00:00,0,55122,2016-03-29 13:47:51
263030,2016-04-03 17:48:19,Volkswagen_Passat_2.5_TDI_V6_4Motion_Exclusive,privat,Angebot,3500,test,limousine,2004,manuell,179,passat,150000,2,diesel,volkswagen,nein,2016-04-03 00:00:00,0,76437,2016-04-05 18:17:15
80756,2016-03-07 00:39:25,Peugeot_207,privat,Angebot,1400,test,kleinwagen,1999,manuell,0,2_reihe,150000,7,benzin,peugeot,,2016-03-06 00:00:00,0,44139,2016-03-13 04:15:35
232462,2016-03-05 14:25:23,Audi_A4_Avant_2.0_TDI_DPF_S_line_Sportpaket,privat,Angebot,9600,control,kombi,2008,manuell,143,a4,150000,11,diesel,audi,nein,2016-03-05 00:00:00,0,56269,2016-03-07 10:46:43
12913,2016-03-16 23:53:55,Chrysler_Voyager_2.0_Family,privat,Angebot,650,test,bus,1998,manuell,133,voyager,150000,8,benzin,chrysler,ja,2016-03-16 00:00:00,0,41334,2016-04-02 01:18:19
92083,2016-03-27 11:40:58,Audi_A4_b7_3.0_tdi_Quattro_top_gepflegt__bbs__no_airride__Tausch_,privat,Angebot,0,test,limousine,2006,automatik,235,a4,5000,12,diesel,audi,nein,2016-03-27 00:00:00,0,26629,2016-04-07 06:44:33
332270,2016-03-27 22:51:22,VW_Golf_4___1.6___101PS___4_Tuerig___Gruen_Metallic___Unfallwagen,privat,Angebot,0,test,limousine,1999,manuell,101,golf,150000,0,benzin,volkswagen,ja,2016-03-27 00:00:00,0,34466,2016-03-28 00:42:48
114016,2016-03-08 17:55:03,MB_220_CDI,privat,Angebot,3990,control,kombi,2004,automatik,0,e_klasse,150000,12,,mercedes_benz,,2016-03-08 00:00:00,0,1816,2016-04-07 08:45:31
361761,2016-03-14 16:48:00,320d_163__PS__BI_XENON_NAVI_CUTE_SKIN,privat,Angebot,6500,test,limousine,2011,manuell,163,3er,150000,2,diesel,bmw,nein,2016-03-14 00:00:00,0,16269,2016-03-14 16:48:00
92365,2016-04-01 01:55:59,Super_Kleinwagen,privat,Angebot,3800,control,kleinwagen,2008,manuell,40,fox,50000,11,benzin,volkswagen,nein,2016-03-31 00:00:00,0,14532,2016-04-07 04:16:26
328990,2016-03-11 11:06:20,Volkswagen_Golf_1.8_CL,privat,Angebot,500,test,limousine,1995,manuell,90,golf,150000,6,benzin,volkswagen,nein,2016-03-11 00:00:00,0,56427,2016-03-12 22:31:11
255771,2016-03-31 20:54:32,Renault_Twingo,privat,Angebot,450,test,kleinwagen,1999,manuell,58,twingo,150000,7,benzin,renault,,2016-03-31 00:00:00,0,58708,2016-03-31 20:54:32
352533,2016-04-04 22:45:48,Volkswagen_Touareg_3.0_V6_TDI_BMT_R_Line_Rueckf.kamera_Xenon,privat,Angebot,39900,test,suv,2014,automatik,204,touareg,40000,1,diesel,volkswagen,nein,2016-04-04 00:00:00,0,22179,2016-04-07 01:17:51
231654,2016-03-10 11:06:25,BMW_X5_3.0_d,privat,Angebot,10600,control,limousine,2004,automatik,218,x_reihe,150000,10,diesel,bmw,nein,2016-03-10 00:00:00,0,56470,2016-04-07 06:45:10
262795,2016-03-20 01:57:27,Seat_Alhambra_2.0_TDI_DPF_Vigo,privat,Angebot,6790,test,bus,2006,manuell,140,alhambra,150000,12,diesel,seat,nein,2016-03-20 00:00:00,0,96450,2016-04-06 03:17:01
191228,2016-03-09 01:36:25,Ford_Fiesta_1.4_Sport,privat,Angebot,6600,control,kleinwagen,2009,manuell,97,fiesta,60000,9,benzin,ford,nein,2016-03-09 00:00:00,0,58452,2016-03-11 00:16:43
332382,2016-03-07 22:36:57,Volkswagen_Golf,privat,Angebot,9200,test,limousine,2010,manuell,105,golf,70000,10,benzin,volkswagen,nein,2016-03-07 00:00:00,0,18069,2016-03-10 17:45:47
238174,2016-03-08 15:52:21,BMW_120d_M_Paket_M1_Felgen_Blackline!_Navi/iPad,privat,Angebot,10000,test,limousine,2007,manuell,177,1er,150000,8,diesel,bmw,nein,2016-03-08 00:00:00,0,67346,2016-03-14 23:17:39
349371,2016-03-29 22:51:31,Ford_Fiesta_1_4_Individual_Titanium,privat,Angebot,6999,test,kleinwagen,2009,manuell,97,fiesta,70000,2,benzin,ford,,2016-03-29 00:00:00,0,2708,2016-04-06 12:15:19
65153,2016-03-22 14:50:15,Volkswagen_Polo_50,privat,Angebot,1299,control,kleinwagen,1998,manuell,50,polo,80000,10,benzin,volkswagen,ja,2016-03-22 00:00:00,0,90419,2016-03-25 06:48:04
340979,2016-03-25 14:40:06,Mercedes_Benz_C_180_Classic,privat,Angebot,1399,control,limousine,1996,automatik,122,c_klasse,150000,1,benzin,mercedes_benz,nein,2016-03-25 00:00:00,0,37640,2016-04-06 17:17:16
179045,2016-03-20 16:40:32,Nissan_Almera_1.8_Sport,privat,Angebot,1200,test,limousine,2001,manuell,114,almera,125000,2,benzin,nissan,nein,2016-03-20 00:00:00,0,48480,2016-04-06 21:46:26
99617,2016-03-10 21:37:03,Mazda_6_Sport_Kombi_2.0_Exclusive,privat,Angebot,4400,control,kombi,2005,manuell,147,6_reihe,150000,11,benzin,mazda,nein,2016-03-10 00:00:00,0,3172,2016-04-07 00:44:49
169606,2016-03-26 14:47:07,Ford_Fiesta_mit_TÜV_bis_12/2017,privat,Angebot,550,control,kleinwagen,1998,manuell,75,fiesta,150000,4,benzin,ford,,2016-03-26 00:00:00,0,74629,2016-04-06 02:46:01
35064,2016-04-03 17:49:28,Honda_Civic_1_6i_VTEC__Typ_EP2__3DR_,privat,Angebot,1650,test,coupe,2001,manuell,110,civic,30000,5,benzin,honda,nein,2016-04-03 00:00:00,0,65931,2016-04-07 01:16:19
114325,2016-03-22 18:56:05,VW_Touran_1_6TDI_Modell_2016,privat,Angebot,27990,control,bus,2015,manuell,110,touran,5000,10,,volkswagen,,2016-03-22 00:00:00,0,38471,2016-04-06 12:15:58
318240,2016-03-30 22:47:14,Ford_Transit_hoch_lag,privat,Angebot,1499,control,bus,2004,manuell,0,transit,150000,0,diesel,ford,ja,2016-03-30 00:00:00,0,68766,2016-04-03 14:46:06
211727,2016-03-26 21:38:16,Opel_Zafira_1.6_CNG_Turbo_Edition,privat,Angebot,7500,control,bus,2009,manuell,150,zafira,150000,11,cng,opel,nein,2016-03-26 00:00:00,0,86830,2016-04-06 14:15:43
46872,2016-03-28 17:46:12,Fiat_Stilo_1.6_16_V_Dynamic__!!!_Getriebeschaden_!!!,privat,Angebot,0,test,limousine,2003,manuell,103,stilo,150000,3,benzin,fiat,ja,2016-03-28 00:00:00,0,33104,2016-03-30 09:15:59
191218,2016-03-20 00:49:56,Ford_Fiesta_Titanium_1.4,privat,Angebot,7980,control,kleinwagen,2012,manuell,98,fiesta,60000,4,benzin,ford,nein,2016-03-19 00:00:00,0,78166,2016-04-06 01:17:35
183254,2016-04-01 18:54:57,Mazda_3_1.6_CD_DPF_Comfort,privat,Angebot,2999,control,limousine,2006,manuell,109,3_reihe,150000,1,diesel,mazda,nein,2016-04-01 00:00:00,0,53489,2016-04-05 14:47:17
188802,2016-03-22 18:51:31,BMW_316ti_2004,privat,Angebot,1390,control,andere,2004,manuell,116,3er,150000,6,benzin,bmw,ja,2016-03-22 00:00:00,0,77654,2016-03-28 10:15:24
114812,2016-03-29 17:59:00,Ford_Focus_tunier,privat,Angebot,1450,control,,2016,manuell,115,focus,150000,11,,ford,,2016-03-29 00:00:00,0,84367,2016-04-06 03:45:31
363648,2016-03-24 16:48:22,Volvo_V70_2.0_TÜV_neu__keine_Maengel__AHK,privat,Angebot,1350,control,kombi,1997,manuell,126,v70,150000,4,benzin,volvo,nein,2016-03-24 00:00:00,0,48153,2016-04-07 09:17:20
51476,2016-04-02 00:58:15,Mercedes_Benz_E_280_T,privat,Angebot,8990,test,kombi,1994,automatik,193,e_klasse,150000,3,benzin,mercedes_benz,nein,2016-04-01 00:00:00,0,76669,2016-04-06 06:15:36
111807,2016-03-30 22:47:06,Bastler_Fahrzeug,privat,Angebot,250,control,cabrio,1996,manuell,75,andere,125000,5,benzin,ford,,2016-03-30 00:00:00,0,40233,2016-04-05 13:45:35
79765,2016-03-17 19:45:08,BMW_328_Gran_Turismo,privat,Angebot,26500,control,limousine,2013,automatik,231,3er,80000,10,benzin,bmw,nein,2016-03-17 00:00:00,0,88167,2016-04-07 07:17:29
253111,2016-03-30 07:02:06,Suche_ein_Auto,privat,Angebot,0,test,,2000,,150,,150000,12,,bmw,,2016-03-30 00:00:00,0,12683,2016-03-30 09:43:50
153029,2016-03-20 20:25:25,MINI_Mini_One_Minimalism,privat,Angebot,8990,test,kleinwagen,2010,manuell,98,one,70000,11,benzin,mini,nein,2016-03-20 00:00:00,0,35630,2016-04-04 02:17:52
203313,2016-03-09 23:36:43,Audi_A4_1.6_Klimaautomatik_Hinten_mit_Kamera_gepflegt,privat,Angebot,4990,test,limousine,2003,manuell,102,a4,150000,5,benzin,audi,nein,2016-03-09 00:00:00,0,30851,2016-03-11 07:16:22
154275,2016-03-17 15:56:22,Volkswagen_Golf_2.0_FSI_Individual_Leder_Navi_Xenon_Sport,privat,Angebot,5550,test,limousine,2005,manuell,150,golf,150000,5,benzin,volkswagen,nein,2016-03-17 00:00:00,0,2791,2016-03-24 11:15:37
155408,2016-04-02 10:43:37,Seat_Altea_XL_1.6_TDI_DSG_Copa__Xenon__Navi__Multifun,privat,Angebot,13400,test,bus,2012,automatik,105,altea,70000,3,diesel,seat,nein,2016-04-02 00:00:00,0,63654,2016-04-06 08:15:40
235230,2016-03-20 19:55:50,Mazda_MX_5_1.6i_16V_Unplugged,privat,Angebot,5995,test,cabrio,2004,manuell,110,mx_reihe,90000,5,benzin,mazda,nein,2016-03-20 00:00:00,0,79541,2016-04-05 01:45:15
290805,2016-03-30 12:47:48,Audi_A4_Avant_3.0_TDI_DPF_quattro_Xenon_B&O,privat,Angebot,18800,control,kombi,2008,manuell,239,a4,125000,2,diesel,audi,nein,2016-03-30 00:00:00,0,72537,2016-04-07 03:44:24
332549,2016-03-05 17:51:31,A160_BENZ_AUTOMATIK,privat,Angebot,0,test,kleinwagen,1999,automatik,102,a_klasse,150000,9,benzin,mercedes_benz,nein,2016-03-05 00:00:00,0,87600,2016-03-06 04:44:17
317812,2016-03-09 19:38:44,Peugeot_208_120_VTI_Automatik_AllureVollausst.3JGarantie,privat,Angebot,12999,test,limousine,2014,automatik,120,2_reihe,40000,1,benzin,peugeot,nein,2016-03-09 00:00:00,0,14089,2016-03-15 07:16:34
145491,2016-03-15 20:55:31,Renault_Megane_1.6_Coupe_Cabriolet_Authenique,privat,Angebot,7500,test,cabrio,2007,manuell,111,megane,70000,5,benzin,renault,nein,2016-03-15 00:00:00,0,27336,2016-04-07 03:45:34
302273,2016-03-09 20:58:14,Audi_A2_1.4__gr._Inspektion/TÜV_neu__guter_Zustand,privat,Angebot,4650,test,kleinwagen,2003,manuell,75,a2,125000,2,benzin,audi,nein,2016-03-09 00:00:00,0,88400,2016-03-18 03:47:27
259449,2016-03-26 13:50:16,Astra_G_Elegance__5_tuerig,privat,Angebot,990,control,kleinwagen,1999,manuell,115,astra,150000,2,benzin,opel,nein,2016-03-26 00:00:00,0,49504,2016-03-26 13:50:16
166017,2016-04-04 14:57:28,Ford_Fiesta_1.3_Ambiente,privat,Angebot,1790,test,kleinwagen,2003,manuell,60,fiesta,125000,6,benzin,ford,nein,2016-04-04 00:00:00,0,61449,2016-04-05 12:18:37
165745,2016-04-02 15:44:59,Nissan_pick_up_md21,privat,Angebot,2600,control,suv,1991,manuell,76,,150000,3,,nissan,,2016-04-02 00:00:00,0,6648,2016-04-06 14:17:14
108472,2016-04-03 12:51:13,Volvo_V70_2.4,privat,Angebot,3500,control,kombi,2001,manuell,140,v70,150000,2,benzin,volvo,nein,2016-04-03 00:00:00,0,24220,2016-04-05 11:18:32
88846,2016-03-29 13:45:24,Ersatzteile_oder_komplet_kauf,privat,Angebot,600,control,,2016,manuell,65,picanto,150000,0,benzin,kia,nein,2016-03-29 00:00:00,0,17179,2016-03-29 13:45:24
218928,2016-03-25 00:40:38,Reault_clio,privat,Angebot,1200,control,kleinwagen,1998,manuell,75,clio,150000,0,benzin,renault,ja,2016-03-24 00:00:00,0,91154,2016-04-05 20:44:24
19516,2016-03-10 02:36:22,Polo_4Tuerig,privat,Angebot,690,control,kleinwagen,1999,manuell,60,polo,150000,3,benzin,volkswagen,nein,2016-03-10 00:00:00,0,58256,2016-03-17 07:47:59
63490,2016-03-29 22:45:26,Audi_A3_2.0_FSI,privat,Angebot,3200,test,limousine,2003,manuell,150,a3,150000,0,benzin,audi,,2016-03-29 00:00:00,0,49176,2016-04-06 09:44:47
91093,2016-03-26 21:58:47,Suzuki_Swift_GLS,privat,Angebot,250,control,kleinwagen,1995,manuell,50,swift,150000,4,benzin,suzuki,nein,2016-03-26 00:00:00,0,4229,2016-03-26 23:45:18
121243,2016-04-04 22:47:12,Opel_Astra_1.7_TD_Caravan,privat,Angebot,1299,test,kombi,1998,manuell,68,astra,150000,4,diesel,opel,nein,2016-04-04 00:00:00,0,81739,2016-04-07 01:45:13
68229,2016-03-15 19:57:08,VW_Passat_Variant_Highline,privat,Angebot,11800,control,kombi,2009,manuell,140,passat,90000,3,diesel,volkswagen,nein,2016-03-15 00:00:00,0,42477,2016-03-20 17:47:38
125707,2016-03-26 18:50:19,Bmw_e39_Karosse_zu_verschenken_an_Schrotti,privat,Angebot,0,test,,2000,automatik,0,5er,150000,0,,bmw,ja,2016-03-26 00:00:00,0,49176,2016-03-28 08:15:24
129721,2016-03-25 22:51:34,Wer_hilft_mir_bei_der_Fianzierung_eines_smarts,privat,Angebot,0,control,,2013,automatik,0,,5000,0,,smart,,2016-03-25 00:00:00,0,40627,2016-03-26 05:42:12
113292,2016-03-23 22:58:26,Opel_Astra_1.8_Edition_Silver,privat,Angebot,2200,test,limousine,1999,manuell,116,astra,150000,2,benzin,opel,nein,2016-03-23 00:00:00,0,41569,2016-04-06 17:45:42
200567,2016-03-22 14:47:28,BMW_320i_touring,privat,Angebot,3199,control,kombi,1998,manuell,150,3er,150000,3,benzin,bmw,nein,2016-03-22 00:00:00,0,21379,2016-04-06 03:46:07
236969,2016-03-16 15:52:13,Mercedes_Benz_S_63_AMG_L_4M__Chaffeur__Voll__Burm.__Np_240T€,privat,Angebot,129500,test,limousine,2014,automatik,585,s_klasse,80000,10,benzin,mercedes_benz,nein,2016-03-16 00:00:00,0,40764,2016-04-04 16:47:40
369981,2016-04-02 14:50:01,Nissan_Primastar,privat,Angebot,1,test,bus,2005,manuell,101,andere,150000,2,diesel,nissan,ja,2016-04-02 00:00:00,0,97237,2016-04-06 13:17:40
189435,2016-03-26 11:48:04,Alfa_Romeo_147_1.9_JTD_8V_M_Jet_DPF_Sportiva,privat,Angebot,4200,control,limousine,2007,manuell,120,147,150000,4,diesel,alfa_romeo,nein,2016-03-26 00:00:00,0,82467,2016-03-26 11:48:04
334753,2016-03-27 15:56:29,Skoda_Octavia_2.0_TDI_Elegance,privat,Angebot,4000,control,limousine,2004,manuell,140,octavia,150000,7,diesel,skoda,nein,2016-03-27 00:00:00,0,3096,2016-03-27 16:42:47
12704,2016-04-02 15:54:47,Audi_A6_2.7_TDI_quattro,privat,Angebot,5999,control,kombi,2006,automatik,163,a6,150000,3,diesel,audi,,2016-04-02 00:00:00,0,31628,2016-04-02 15:54:47
334533,2016-03-21 17:55:08,Volkswagen_Polo_1.4_United_Klima__4_tuerig__TÜV_Neu,privat,Angebot,5995,control,kleinwagen,2009,manuell,80,polo,60000,6,benzin,volkswagen,nein,2016-03-21 00:00:00,0,58093,2016-03-25 15:20:54
323222,2016-03-22 20:52:45,VW_Polo_86c_rot,privat,Angebot,40,control,kleinwagen,1992,manuell,0,polo,150000,1,benzin,volkswagen,,2016-03-22 00:00:00,0,21614,2016-03-22 20:52:45
87552,2016-03-12 13:55:56,Renault_Twingo,privat,Angebot,2500,control,kleinwagen,2005,manuell,58,twingo,70000,9,benzin,renault,nein,2016-03-12 00:00:00,0,57072,2016-03-21 19:18:46
132483,2016-03-25 08:37:21,Mercedes_Benz_190_Diesel_2_5_Liter,privat,Angebot,39000,control,limousine,1991,manuell,91,andere,150000,5,diesel,mercedes_benz,,2016-03-25 00:00:00,0,63450,2016-03-25 09:44:45
183211,2016-03-14 13:47:31,Volkswagen_Polo_6n2_Tuev_bis_11/2017_Scheckheftgepflegt,privat,Angebot,1090,test,kleinwagen,2001,manuell,50,polo,150000,1,benzin,volkswagen,nein,2016-03-14 00:00:00,0,38533,2016-03-18 00:46:00
72367,2016-03-07 14:56:56,Renault_Laguna_1.8_Privilege_Klima_Sitzheizung_Tuev.,privat,Angebot,2499,control,limousine,2002,manuell,120,laguna,150000,4,benzin,renault,nein,2016-03-07 00:00:00,0,1159,2016-04-07 10:46:15
13961,2016-03-14 03:56:27,Seat_Cordoba_mit_Kupplungsschaden,privat,Angebot,300,test,limousine,1998,manuell,0,cordoba,150000,3,benzin,seat,ja,2016-03-14 00:00:00,0,38112,2016-03-17 19:21:24
57142,2016-03-23 20:31:13,SHARAN_1.9_LEDER_TOP_/7_SITZE,privat,Angebot,2700,control,kombi,2004,,0,sharan,150000,0,diesel,volkswagen,,2016-03-23 00:00:00,0,55118,2016-03-23 20:49:09
151918,2016-03-22 21:50:38,Nissan_X_Trail_2.2_dCi_4x4,privat,Angebot,9500,control,suv,2007,manuell,136,x_trail,125000,2,diesel,nissan,nein,2016-03-22 00:00:00,0,58091,2016-04-06 17:15:58
146710,2016-03-25 22:52:07,Volkswagen_Scirocco_GT_II,privat,Angebot,5500,control,coupe,1992,manuell,95,scirocco,150000,10,benzin,volkswagen,nein,2016-03-25 00:00:00,0,92245,2016-04-07 14:56:20
119352,2016-04-02 10:48:43,VW_Polo_1_4_Automatik_Trendline_5_tuerig,privat,Angebot,8840,test,limousine,2010,automatik,86,polo,60000,8,benzin,volkswagen,nein,2016-04-02 00:00:00,0,48429,2016-04-07 14:32:17
236571,2016-03-14 19:53:20,BMW__118d__Scheckheftgepflegt,privat,Angebot,8990,control,limousine,2010,manuell,143,1er,150000,6,diesel,bmw,nein,2016-03-14 00:00:00,0,35232,2016-03-22 16:16:26
258413,2016-03-23 19:37:03,BMW_318i_touring_E46_/_TÜV_NEU!,privat,Angebot,4450,control,kombi,2002,manuell,143,3er,150000,12,benzin,bmw,,2016-03-23 00:00:00,0,29439,2016-04-06 01:45:48
254412,2016-03-19 13:48:09,Suzuki_Swift_1.0_GL,privat,Angebot,899,test,kleinwagen,1994,manuell,53,swift,100000,8,benzin,suzuki,nein,2016-03-19 00:00:00,0,12629,2016-04-06 19:46:38
68138,2016-04-01 14:37:12,Volkswagen_Touareg_3.0_V6_TDI_Blue_Motion_DPF_Automatik,privat,Angebot,9900,test,suv,2015,,0,touareg,150000,8,diesel,volkswagen,nein,2016-04-01 00:00:00,0,70794,2016-04-03 11:48:42
11034,2016-03-26 23:37:41,Volkswagen_Golf_GTI_Performance_BlueMotion_Technology_DSG,privat,Angebot,31200,test,limousine,2014,automatik,330,golf,20000,12,benzin,volkswagen,nein,2016-03-26 00:00:00,0,64658,2016-04-07 01:46:34
26847,2016-03-25 22:36:56,Opel_Corsa_1_2_16V_Klima,privat,Angebot,1199,control,kleinwagen,2002,manuell,75,corsa,125000,4,benzin,opel,nein,2016-03-25 00:00:00,0,47638,2016-03-25 22:36:56
82831,2016-03-08 11:51:20,Audi_A3_2.0_TDI_Sportback_DPF_S_tronic_S_line_Spo...,privat,Angebot,15990,control,kombi,2011,automatik,170,a3,90000,5,diesel,audi,nein,2016-03-08 00:00:00,0,13595,2016-04-07 13:17:39
103058,2016-03-28 15:55:25,Ford_Fiesta,privat,Angebot,500,control,kleinwagen,1991,manuell,60,fiesta,125000,7,benzin,ford,nein,2016-03-28 00:00:00,0,76479,2016-03-30 07:15:37
4896,2016-03-14 11:52:19,bmw_e36_328_i_coupe_unikat_schwarz_gasanlage_luftfahrwerk_m3_m,privat,Angebot,13999,test,coupe,1995,manuell,193,3er,5000,3,benzin,bmw,nein,2016-03-14 00:00:00,0,53844,2016-03-28 03:47:36
50399,2016-03-20 18:42:21,Volkswagen_Golf_Variant_2.0_TDI_BlueMotion_Technology_D...,privat,Angebot,19990,test,kombi,2014,automatik,150,golf,80000,5,diesel,volkswagen,nein,2016-03-20 00:00:00,0,21354,2016-03-28 19:44:31
124126,2016-03-20 18:36:57,BMW_120,privat,Angebot,8699,test,limousine,2007,automatik,177,1er,150000,10,diesel,bmw,nein,2016-03-20 00:00:00,0,33332,2016-04-07 01:45:02
58905,2016-03-20 20:38:01,Opel_Zafira_OPC,privat,Angebot,2100,test,kombi,1999,manuell,122,zafira,150000,11,benzin,opel,,2016-03-20 00:00:00,0,12055,2016-03-20 20:38:01
351147,2016-03-24 20:38:54,Audi_A6_Avant_3.0_TDI_quattro_S_Line_20_Zoll_LED,privat,Angebot,53950,test,kombi,2015,automatik,272,a6,30000,4,diesel,audi,nein,2016-03-24 00:00:00,0,88400,2016-04-03 14:19:15
205243,2016-03-31 19:44:26,Smart_450_Cabrio,privat,Angebot,2250,control,cabrio,2000,automatik,54,fortwo,150000,6,benzin,smart,nein,2016-03-31 00:00:00,0,14612,2016-04-06 13:45:40
253721,2016-03-23 20:56:37,Volkswagen_Golf_1.8__Klima__Trendline_Klima.111TKM_1Hand,privat,Angebot,1100,test,limousine,1996,manuell,75,golf,125000,6,benzin,volkswagen,nein,2016-03-23 00:00:00,0,52080,2016-03-29 17:16:46
251828,2016-03-17 20:48:41,Chevrolet_Spark_1.0_LS__TÜV_10/17.1Hd_Klima_Wi_Raeder__Top_Zustand,privat,Angebot,3990,control,,2017,manuell,69,spark,30000,10,benzin,chevrolet,nein,2016-03-17 00:00:00,0,8060,2016-03-17 20:48:41
240769,2016-03-10 11:43:00,Skoda_Octavia_1.6_Team_Edition,privat,Angebot,7500,test,limousine,2008,manuell,102,octavia,125000,8,benzin,skoda,nein,2016-03-10 00:00:00,0,28832,2016-03-15 19:46:51
172902,2016-03-20 00:56:38,Mercedes_Benz_E_220_CDI_Classic,privat,Angebot,8900,control,limousine,2006,manuell,150,e_klasse,150000,6,diesel,mercedes_benz,nein,2016-03-19 00:00:00,0,86163,2016-04-06 03:16:12
286375,2016-03-14 21:57:41,Hyundai_Santa_Fe_2.2_CRDi_4WD_GLS,privat,Angebot,10000,test,suv,2008,manuell,155,santa,100000,5,diesel,hyundai,nein,2016-03-14 00:00:00,0,63571,2016-03-26 23:15:23
369569,2016-03-23 18:51:55,Seat_Arosa__Automatik_45000km!!!!,privat,Angebot,1250,test,kleinwagen,2001,automatik,0,arosa,50000,9,benzin,seat,nein,2016-03-23 00:00:00,0,44379,2016-03-23 18:51:55
30792,2016-04-02 12:56:34,Peugeot_206_CC_135_Platinum,privat,Angebot,2200,test,cabrio,2001,manuell,136,2_reihe,150000,10,benzin,peugeot,nein,2016-04-02 00:00:00,0,78224,2016-04-06 11:15:26
156288,2016-03-30 13:52:46,VW_T4_mit_Potenzial...:__,privat,Angebot,0,test,bus,1995,automatik,0,transporter,150000,4,benzin,volkswagen,,2016-03-30 00:00:00,0,24398,2016-04-01 07:49:47
368571,2016-03-21 18:43:25,Audi_A4_1.8,privat,Angebot,850,test,limousine,1995,manuell,125,a4,150000,4,benzin,audi,nein,2016-03-21 00:00:00,0,82515,2016-03-31 23:45:53
20561,2016-03-09 23:52:41,Audi_A4_Avant_2.0_TDI_DPF,privat,Angebot,12499,test,kombi,2007,manuell,170,a4,150000,6,diesel,audi,nein,2016-03-09 00:00:00,0,34414,2016-04-05 19:18:11
137384,2016-03-17 11:54:48,Mercedes_Benz_E_350_T_CDI_DPF_BlueEFFICIENCY_7G_TRONIC_Ava...,privat,Angebot,21500,control,kombi,2010,automatik,231,e_klasse,150000,10,diesel,mercedes_benz,nein,2016-03-17 00:00:00,0,40885,2016-04-04 11:18:08
127902,2016-03-07 20:42:48,Audi_A4_Avant_1.8,privat,Angebot,750,test,kombi,1996,manuell,125,a4,150000,5,benzin,audi,ja,2016-03-07 00:00:00,0,83301,2016-04-05 13:46:06
121832,2016-03-27 16:51:07,BMW_318i_in_Super_Zustand_mit_Tuev_bis_9.2017_Alles_Heil.....,privat,Angebot,950,test,limousine,1993,manuell,115,3er,150000,12,benzin,bmw,nein,2016-03-27 00:00:00,0,23564,2016-04-03 13:46:11
152440,2016-03-28 14:53:44,BMW_530d_M_Paket_Shadowline,privat,Angebot,4525,test,limousine,2003,manuell,193,5er,150000,3,diesel,bmw,nein,2016-03-28 00:00:00,0,26919,2016-03-28 14:53:44
368951,2016-03-29 12:58:57,BMW_525d_touring_Edition_Sport_M_Paket,privat,Angebot,3290,test,kombi,2001,manuell,163,5er,150000,11,diesel,bmw,nein,2016-03-29 00:00:00,0,13595,2016-04-05 22:17:11
113380,2016-03-29 21:57:04,BMW_X5_3.0_d,privat,Angebot,10500,test,limousine,2004,automatik,218,x_reihe,150000,4,diesel,bmw,nein,2016-03-29 00:00:00,0,90491,2016-04-06 09:46:19
133610,2016-03-20 16:37:52,Peugeot_206_zu_verkaufen,privat,Angebot,950,test,,2005,manuell,0,,150000,0,benzin,peugeot,,2016-03-20 00:00:00,0,71229,2016-04-06 21:46:18
131478,2016-04-03 12:53:32,Fiat_stilo_multi_wagon_1.9_jtd_super_zustand!!,privat,Angebot,2490,control,kombi,2004,manuell,115,stilo,150000,7,diesel,fiat,nein,2016-04-03 00:00:00,0,59425,2016-04-05 11:45:31
49392,2016-03-05 15:38:01,Audi_A4_V6_2.5_TDI_SEHR_GEPFLEGT,privat,Angebot,3600,control,kombi,2004,automatik,163,a4,150000,8,diesel,audi,nein,2016-03-05 00:00:00,0,63674,2016-03-18 03:44:42
92611,2016-04-02 14:39:38,Fiat_Bravo_zu_verkaufen,privat,Angebot,4800,test,kleinwagen,2009,manuell,120,bravo,125000,5,benzin,fiat,nein,2016-04-02 00:00:00,0,47137,2016-04-06 12:46:04
269212,2016-03-20 08:56:50,BMW_CABRIO__320_I._AUTOMATIK__LEDER_KLIMA_EL_VERDECK,privat,Angebot,5800,test,cabrio,2002,automatik,175,3er,150000,9,benzin,bmw,nein,2016-03-20 00:00:00,0,79336,2016-04-06 03:46:11
324349,2016-03-25 15:40:24,MINI_Mini_Cooper_mit_Cooper_S_Felgen__Sommerreifen_,privat,Angebot,5999,test,kleinwagen,2005,manuell,116,cooper,80000,9,benzin,mini,nein,2016-03-25 00:00:00,0,80689,2016-04-02 19:17:30
360380,2016-03-16 07:57:53,TÜV_neu_.....,privat,Angebot,3199,control,,2018,manuell,101,ibiza,150000,7,,seat,,2016-03-16 00:00:00,0,71729,2016-04-06 01:44:37
170631,2016-03-24 15:56:10,Golf_2___2_Tuerig_mit_Schiebedach_und_Automatik_MK2__MK_II_1988,privat,Angebot,800,test,kleinwagen,1988,automatik,70,golf,125000,5,benzin,volkswagen,nein,2016-03-24 00:00:00,0,50374,2016-03-28 13:47:05
255843,2016-03-20 20:49:16,Volkswagen_T5_Multivan_TDI•Automatik__Navi_lange_Version,privat,Angebot,8900,test,bus,2005,automatik,174,transporter,150000,4,diesel,volkswagen,nein,2016-03-20 00:00:00,0,7570,2016-03-28 23:15:41
38265,2016-03-15 18:39:55,Opel_corsa,privat,Angebot,500,control,kleinwagen,2000,manuell,0,corsa,150000,11,benzin,opel,nein,2016-03-15 00:00:00,0,6231,2016-03-17 14:16:05
346052,2016-03-17 10:54:12,Gute_Zustand_neu_Zahnriem_TÜV,privat,Angebot,1000,test,kleinwagen,2002,,58,twingo,150000,11,,renault,,2016-03-17 00:00:00,0,52525,2016-03-24 01:47:18
156091,2016-03-20 22:50:05,Volkswagen_Golf_1.9_TDI_Generation,privat,Angebot,2500,test,limousine,2000,manuell,116,golf,150000,1,diesel,volkswagen,nein,2016-03-20 00:00:00,0,38112,2016-03-20 22:50:05
352981,2016-03-08 16:51:05,RS_5Garantie_Traumzustand_36.000km_Bang_&_Olufsen_Sportwagen,privat,Angebot,47000,test,limousine,2011,manuell,450,andere,40000,1,benzin,audi,nein,2016-03-08 00:00:00,0,4155,2016-03-24 12:17:39
163511,2016-03-21 05:36:53,Volkswagen_Sharan_2.0_TDI_DSG_Blue_Motion,privat,Angebot,24900,test,bus,2012,automatik,170,sharan,80000,4,diesel,volkswagen,nein,2016-03-21 00:00:00,0,85405,2016-04-06 01:49:39
250684,2016-03-22 20:57:58,Volkswagen_Golf_Cabrio,privat,Angebot,4800,control,kleinwagen,1983,manuell,50,golf,150000,7,benzin,volkswagen,nein,2016-03-22 00:00:00,0,72770,2016-04-06 16:16:56
48202,2016-03-23 12:38:53,Mercedes_Benz_E_320_CDI_7G_TRONIC,privat,Angebot,11899,control,limousine,2007,automatik,224,e_klasse,150000,1,diesel,mercedes_benz,nein,2016-03-23 00:00:00,0,81377,2016-04-05 11:18:12
340404,2016-03-20 12:42:32,VW_GOLF_GTI,privat,Angebot,2500,test,,2005,,0,golf,150000,0,,volkswagen,,2016-03-20 00:00:00,0,63853,2016-04-06 11:17:52
49825,2016-03-28 22:54:09,Mercedes_Benz_C_220_CDI_Elegance_1.Hand_Original_Tuev_11_2016,privat,Angebot,3700,control,limousine,2001,automatik,143,c_klasse,150000,7,diesel,mercedes_benz,nein,2016-03-28 00:00:00,0,41464,2016-03-29 06:41:07
73754,2016-03-27 13:51:54,Audi_A4_Avant_2.0_TFSI_quattro_S_line,privat,Angebot,19900,test,kombi,2010,manuell,179,a4,70000,7,benzin,audi,nein,2016-03-27 00:00:00,0,66701,2016-04-07 09:46:17
174972,2016-03-18 21:47:51,BMW_325i_Limo_Automatik_Steptronic_Xenon_MFL_PDC,privat,Angebot,4990,control,limousine,2001,automatik,192,3er,150000,5,benzin,bmw,nein,2016-03-18 00:00:00,0,86316,2016-03-21 07:48:05
136740,2016-04-04 12:41:09,Opel_Corsa_100_Edit._TÜV_5/17,privat,Angebot,700,control,kleinwagen,2000,manuell,60,corsa,150000,5,benzin,opel,nein,2016-04-04 00:00:00,0,17111,2016-04-06 13:44:26
191145,2016-03-30 18:49:21,Volkswagen_Golf_1.4,privat,Angebot,1000,test,kleinwagen,1998,manuell,75,golf,150000,3,benzin,volkswagen,nein,2016-03-30 00:00:00,0,38690,2016-04-07 10:16:54
256734,2016-03-22 19:41:34,Skoda_Superb_2_5_TDI_Automatik_Elegance,privat,Angebot,2000,test,limousine,2005,automatik,163,superb,150000,1,diesel,skoda,ja,2016-03-22 00:00:00,0,66822,2016-04-04 11:16:44
80527,2016-03-25 19:37:36,Volkswagen_Golf_2.0_GTI_DSG,privat,Angebot,7990,test,limousine,2005,automatik,200,golf,90000,6,benzin,volkswagen,nein,2016-03-25 00:00:00,0,22083,2016-04-01 05:46:37
230007,2016-03-31 17:51:37,Ford_fiesta,privat,Angebot,2350,control,,2016,manuell,60,,150000,3,,ford,,2016-03-31 00:00:00,0,92360,2016-04-06 11:44:27
277622,2016-03-18 12:43:08,Peugeot_206_cc_Platinum,privat,Angebot,2999,control,cabrio,2003,manuell,136,2_reihe,125000,8,benzin,peugeot,nein,2016-03-18 00:00:00,0,78054,2016-03-29 12:49:01
198109,2016-03-17 20:36:59,BMW_E39_520i_Tuev_neu,privat,Angebot,2850,control,limousine,1996,manuell,150,5er,150000,6,benzin,bmw,nein,2016-03-17 00:00:00,0,51147,2016-03-22 04:16:05
308881,2016-03-21 14:57:21,Volkswagen_Transporter_TD_T4,privat,Angebot,800,control,bus,1995,manuell,75,transporter,150000,12,diesel,volkswagen,nein,2016-03-21 00:00:00,0,17438,2016-04-06 13:16:51
168505,2016-03-30 20:45:22,Vw_passat_voll_Ausstattung,privat,Angebot,4600,control,,2017,manuell,170,passat,150000,0,diesel,volkswagen,,2016-03-30 00:00:00,0,56727,2016-03-30 20:45:22
337290,2016-03-12 09:48:08,Audi_A3_1_6_TDI_Limosine_S_Line_Felgen_+_MAM_Felgen_Grau/Metallic,privat,Angebot,17900,control,limousine,2012,manuell,105,a3,70000,11,diesel,audi,nein,2016-03-12 00:00:00,0,66424,2016-04-06 00:18:03
305976,2016-03-23 16:46:14,Schnaeppchenjaeger_augepasst!!!,privat,Angebot,500,test,,2017,,0,twingo,150000,0,benzin,renault,nein,2016-03-23 00:00:00,0,27404,2016-03-29 11:17:08
306838,2016-03-11 23:52:51,Alfa_romeo_gt_1.9_jtd,privat,Angebot,2700,test,,2005,manuell,150,andere,150000,0,,alfa_romeo,,2016-03-11 00:00:00,0,36037,2016-04-05 15:17:05
235666,2016-03-28 12:56:51,Mercedes_Benz_KABRlO__LlMOUSlNE_Blue_Effic?ency_Cabriolet,privat,Angebot,25750,test,cabrio,2012,automatik,204,e_klasse,125000,1,diesel,mercedes_benz,nein,2016-03-28 00:00:00,0,58507,2016-04-06 16:15:33
124623,2016-03-07 21:43:27,Mazda_6_Sport_Kombi_2.0_CD_DPF,privat,Angebot,4800,control,kombi,2006,manuell,143,6_reihe,150000,7,diesel,mazda,nein,2016-03-07 00:00:00,0,12105,2016-04-05 23:45:32
148341,2016-03-16 11:49:30,Kia_Carens_EX_LPG_Klimaautomatik,privat,Angebot,2499,test,bus,2004,manuell,126,andere,150000,8,lpg,kia,nein,2016-03-16 00:00:00,0,47574,2016-03-22 15:45:56
359643,2016-04-01 12:54:33,VW_Golf_1.6_Automatik_Klima_ZV_E_Fenster,privat,Angebot,1999,test,limousine,2000,automatik,101,golf,150000,3,benzin,volkswagen,,2016-04-01 00:00:00,0,24536,2016-04-05 07:45:48
88510,2016-03-17 16:50:22,BMW_520d_facelift__vollausstattung!,privat,Angebot,11000,test,limousine,2007,automatik,163,5er,150000,11,diesel,bmw,nein,2016-03-17 00:00:00,0,27628,2016-04-07 02:16:55
358865,2016-03-16 07:56:37,Audi_A6_TDI_2.5_Liter_120KW,privat,Angebot,4000,control,kombi,2002,automatik,163,a6,150000,12,,audi,nein,2016-03-16 00:00:00,0,53501,2016-04-06 02:44:28
29445,2016-03-23 00:59:11,Ford_Mondeo_2.0_Ghia,privat,Angebot,2150,test,limousine,2003,automatik,145,mondeo,150000,12,benzin,ford,nein,2016-03-22 00:00:00,0,22143,2016-04-07 06:46:08
128333,2016-03-30 12:52:35,Citroën_Mehari,privat,Angebot,14800,control,cabrio,1977,,29,andere,90000,8,benzin,citroen,nein,2016-03-30 00:00:00,0,64395,2016-04-01 06:46:03
333140,2016-03-22 21:56:52,Verkaufe_Golf_II_gt,privat,Angebot,650,control,,2016,manuell,90,golf,150000,5,,volkswagen,nein,2016-03-22 00:00:00,0,41460,2016-03-22 21:56:52
369933,2016-03-20 20:39:29,VECTRA_B_DTI_EDITION__100,privat,Angebot,650,test,limousine,1998,,101,vectra,150000,12,diesel,opel,,2016-03-20 00:00:00,0,40699,2016-03-27 10:16:32
190824,2016-03-22 17:44:08,Peugeot_207_90,privat,Angebot,3300,control,kleinwagen,2006,manuell,88,2_reihe,90000,9,benzin,peugeot,nein,2016-03-22 00:00:00,0,80937,2016-04-06 08:17:53
49192,2016-04-06 15:25:37,Lamborghini_Aventador_LP_750_4_Superveloce,privat,Angebot,15000,control,coupe,2013,automatik,751,,10000,1,benzin,sonstige_autos,nein,2016-04-06 00:00:00,0,60386,2016-04-06 15:25:37
218057,2016-04-01 15:37:16,Renault_Laguna_Kombi_1_6_Bastlerfahrzeug_Fahrbereit,privat,Angebot,350,test,kombi,1999,manuell,107,laguna,150000,3,benzin,renault,ja,2016-04-01 00:00:00,0,44309,2016-04-07 12:46:12
72155,2016-03-12 19:46:36,VW_Polo_86c_mit_LPG_AUTOGASANLAGE!_._TÜV_NEU,privat,Angebot,1150,test,kleinwagen,1991,manuell,33,polo,150000,5,lpg,volkswagen,nein,2016-03-12 00:00:00,0,38302,2016-03-12 19:46:36
200804,2016-03-21 17:51:36,Golf_3__Motor_und_Getriebe_top_Zustand,privat,Angebot,499,control,kleinwagen,1997,manuell,60,golf,150000,2,benzin,volkswagen,nein,2016-03-21 00:00:00,0,34266,2016-03-24 07:18:16
135484,2016-03-22 14:51:53,Suche_Golf_II_2_alles_anbieten,privat,Angebot,0,control,,1995,,0,golf,5000,0,,volkswagen,,2016-03-22 00:00:00,0,59269,2016-04-06 04:16:55
21197,2016-03-09 10:50:06,Daewoo_Nubira_1.6,privat,Angebot,1590,control,limousine,2004,manuell,109,nubira,150000,10,benzin,daewoo,nein,2016-03-09 00:00:00,0,72762,2016-04-05 15:15:59
214831,2016-04-05 23:06:38,VW_Fox_Bastlerauto,privat,Angebot,899,control,kleinwagen,2005,manuell,40,fox,150000,8,benzin,volkswagen,,2016-04-05 00:00:00,0,57290,2016-04-05 23:25:22
12514,2016-03-13 01:58:05,Smart_smart_fortwo_coupe_pulse_micro_hybrid_drive,privat,Angebot,4600,control,kleinwagen,2009,manuell,71,fortwo,60000,10,benzin,smart,nein,2016-03-13 00:00:00,0,88662,2016-03-31 19:45:48
196935,2016-03-22 19:45:20,Audi_A4_Limousine,privat,Angebot,699,test,limousine,1998,manuell,101,a4,150000,11,benzin,audi,ja,2016-03-22 00:00:00,0,95704,2016-03-31 18:44:23
243579,2016-03-13 19:42:02,Mercedes_Benz_C320_T_CDI_4_Matic_Avantgarde_Topausstattung,privat,Angebot,12300,control,kombi,2008,automatik,224,c_klasse,150000,0,diesel,mercedes_benz,nein,2016-03-13 00:00:00,0,56295,2016-03-26 07:15:34
168375,2016-03-19 13:43:28,Opel_Astra,privat,Angebot,250,test,kleinwagen,1994,manuell,60,astra,150000,5,benzin,opel,nein,2016-03-19 00:00:00,0,74575,2016-04-06 19:15:57
74194,2016-03-31 00:50:03,Opel_Corsa,privat,Angebot,550,control,kleinwagen,1997,manuell,45,corsa,150000,6,benzin,opel,nein,2016-03-30 00:00:00,0,88175,2016-04-05 23:17:32
245434,2016-04-03 13:59:20,Ford_Galaxy,privat,Angebot,1650,control,bus,1998,automatik,174,galaxy,125000,10,benzin,ford,nein,2016-04-03 00:00:00,0,84184,2016-04-05 12:47:00
346114,2016-04-04 17:46:53,Volkswagen_Touran_2.0_TDI_DPF_DSG_Highline,privat,Angebot,11200,test,bus,2007,automatik,140,touran,125000,1,diesel,volkswagen,nein,2016-04-04 00:00:00,0,91074,2016-04-06 19:46:33
174299,2016-03-28 13:48:21,VW_Lupo__75PS__15_Zoll_Alu_und_Gewindefahrwerk,privat,Angebot,1800,control,,2017,manuell,75,lupo,150000,12,benzin,volkswagen,nein,2016-03-28 00:00:00,0,35041,2016-04-02 06:18:16
101713,2016-03-14 17:47:24,Audi_A4_2.5_TDI_quattro,privat,Angebot,2600,test,limousine,2000,manuell,179,a4,150000,10,diesel,audi,nein,2016-03-14 00:00:00,0,75365,2016-03-16 08:17:50
332551,2016-03-28 18:50:54,Ford_Ka,privat,Angebot,1400,control,kleinwagen,2004,manuell,60,ka,100000,3,benzin,ford,ja,2016-03-28 00:00:00,0,35685,2016-04-07 03:15:39
243681,2016-03-12 08:36:16,Opel_zafira_top_gepflegt_voll_Leder,privat,Angebot,3500,control,bus,2002,manuell,125,zafira,150000,7,benzin,opel,,2016-03-12 00:00:00,0,45141,2016-03-13 00:45:45
4061,2016-03-24 21:00:30,Audi_A6_4.2_FSI_quattro_tiptronic_S_Line,privat,Angebot,11000,test,limousine,2006,automatik,349,a6,150000,9,benzin,audi,ja,2016-03-24 00:00:00,0,24598,2016-04-05 14:46:10
21729,2016-03-09 20:47:23,Skoda_Octavia_Combi_RS,privat,Angebot,7000,test,kombi,2006,,200,octavia,150000,0,,skoda,,2016-03-09 00:00:00,0,15711,2016-03-29 09:45:18
74193,2016-04-03 10:06:29,Mercedes_Benz_200_C_Kompressor,privat,Angebot,13200,test,limousine,2007,manuell,184,c_klasse,30000,5,benzin,mercedes_benz,,2016-04-03 00:00:00,0,56357,2016-04-06 16:47:10
90076,2016-03-07 13:57:17,Volkswagen_Sharan_1.9_TDI,privat,Angebot,3350,control,bus,2002,manuell,116,sharan,150000,11,diesel,volkswagen,nein,2016-03-07 00:00:00,0,1259,2016-03-08 15:49:17
78349,2016-03-14 18:41:14,Astra_mit_leichtem_Frontschaden,privat,Angebot,600,test,,2017,manuell,101,astra,150000,0,benzin,opel,ja,2016-03-14 00:00:00,0,6556,2016-04-02 05:18:07
36110,2016-03-23 11:36:23,Ford_Fiesta_mit_Klima._TÜV_03.2017,privat,Angebot,700,test,kleinwagen,2000,manuell,60,fiesta,150000,2,benzin,ford,nein,2016-03-23 00:00:00,0,27612,2016-03-24 19:45:09
179051,2016-03-15 08:36:54,Mercedes_Benz_E_220,privat,Angebot,500,test,,2017,,0,e_klasse,150000,0,lpg,mercedes_benz,ja,2016-03-15 00:00:00,0,51674,2016-04-05 17:22:07
16846,2016-03-10 15:57:17,Volkswagen_Passat_2.0_TDI_DSG_BlueMotion_Technology_Com...,privat,Angebot,21999,test,limousine,2011,automatik,170,passat,90000,2,diesel,volkswagen,nein,2016-03-10 00:00:00,0,63571,2016-04-05 13:17:26
295381,2016-03-27 12:57:01,Volkswagen_Golf_GTI_Performance_BlueMotion_Technology,privat,Angebot,28500,test,limousine,2014,manuell,230,golf,20000,11,benzin,volkswagen,nein,2016-03-27 00:00:00,0,31185,2016-04-07 08:44:23
349408,2016-03-08 20:48:43,Peugeot_206_SW_HDi_110,privat,Angebot,2400,control,kombi,2004,manuell,109,2_reihe,125000,12,diesel,peugeot,nein,2016-03-08 00:00:00,0,52146,2016-03-09 12:45:18
110093,2016-03-07 14:54:53,Auto_VW_Golf_4,privat,Angebot,700,control,kleinwagen,1998,manuell,75,golf,150000,1,benzin,volkswagen,,2016-03-07 00:00:00,0,45879,2016-03-07 19:46:45
290302,2016-03-09 21:55:30,Volkswagen_Polo_1.2_Trendline,privat,Angebot,6200,test,kleinwagen,2009,manuell,60,polo,125000,9,benzin,volkswagen,nein,2016-03-09 00:00:00,0,27777,2016-03-11 07:15:23
800,2016-04-05 00:54:03,Hyundai_Terracan_2.9_CRDi,privat,Angebot,2750,control,suv,2003,manuell,150,andere,150000,9,diesel,hyundai,nein,2016-04-04 00:00:00,0,69214,2016-04-07 09:46:51
157415,2016-04-01 15:42:27,Mercedes_Benz_C_200_CDI_Avantgarde_Xenon_Facelift_Euro4_Navi,privat,Angebot,4990,test,limousine,2005,automatik,122,c_klasse,150000,11,diesel,mercedes_benz,nein,2016-04-01 00:00:00,0,48488,2016-04-01 15:42:27
292636,2016-03-07 09:53:07,Wartburg_Andere,privat,Angebot,650,control,limousine,1990,manuell,58,,150000,9,benzin,sonstige_autos,ja,2016-03-07 00:00:00,0,16816,2016-03-12 12:46:07
88413,2016-03-11 10:55:44,Opel_Corsa_1.2_16V,privat,Angebot,1400,test,kleinwagen,2003,manuell,102,corsa,125000,8,benzin,opel,nein,2016-03-11 00:00:00,0,24109,2016-03-15 01:15:14
18458,2016-03-14 22:48:39,Mercedes_Benz_E_200_T_Kompressor_Automatik,privat,Angebot,9800,control,kombi,2005,automatik,163,e_klasse,100000,9,benzin,mercedes_benz,nein,2016-03-14 00:00:00,0,89340,2016-03-31 22:46:59
355495,2016-03-23 15:47:30,Liebevoll_gepflegter_Fiat_Bravo_guenstig_zu_verkaufen,privat,Angebot,5500,test,,2018,manuell,120,bravo,150000,9,diesel,fiat,nein,2016-03-23 00:00:00,0,74257,2016-04-05 18:44:54
48813,2016-03-29 20:42:57,Mercedes_Benz_C200_CDI,privat,Angebot,4900,test,limousine,2005,automatik,122,c_klasse,150000,8,diesel,mercedes_benz,,2016-03-29 00:00:00,0,36399,2016-04-06 06:45:32
261764,2016-03-08 13:49:57,Mercedes_Benz_CLK_230,privat,Angebot,2000,control,coupe,2000,manuell,193,clk,150000,3,benzin,mercedes_benz,ja,2016-03-08 00:00:00,0,66538,2016-03-12 08:17:21
48811,2016-03-17 20:46:52,Ford_Focus_Gia,privat,Angebot,800,control,limousine,1999,manuell,116,focus,150000,12,benzin,ford,,2016-03-17 00:00:00,0,86989,2016-04-07 09:45:22
182246,2016-03-17 11:53:13,Skoda_Octavia_1.6_TDI_DPF_DSG_Ambition,privat,Angebot,8990,control,limousine,2011,automatik,105,octavia,150000,12,diesel,skoda,nein,2016-03-17 00:00:00,0,59077,2016-04-06 13:46:05
179759,2016-03-20 18:46:33,Renault_Clio_2.0_16V_200_RS_Cup,privat,Angebot,10990,test,kleinwagen,2011,manuell,201,clio,90000,2,benzin,renault,nein,2016-03-20 00:00:00,0,64295,2016-04-07 02:16:47
161759,2016-03-14 21:56:35,BMW_316i,privat,Angebot,1199,test,limousine,1996,manuell,0,1er,150000,12,benzin,bmw,nein,2016-03-14 00:00:00,0,1705,2016-03-16 14:47:53
264142,2016-03-29 20:53:20,Mazda_626_2.0_Exclusive,privat,Angebot,900,test,limousine,1997,manuell,116,6_reihe,125000,7,benzin,mazda,ja,2016-03-29 00:00:00,0,59425,2016-03-31 14:45:47
121051,2016-03-20 13:49:54,*_Citroeen_Xantia_1.8_16V___SEHR_GEPFLEGT__TÜV__viele_Neuteile!_*,privat,Angebot,700,test,limousine,1999,manuell,110,andere,150000,8,benzin,citroen,nein,2016-03-20 00:00:00,0,38350,2016-03-22 21:18:52
14569,2016-03-11 19:57:31,Mercedes_Benz_Vito_115_CDI_Kompakt_Mixto,privat,Angebot,3100,test,bus,2007,manuell,150,vito,150000,4,diesel,mercedes_benz,nein,2016-03-11 00:00:00,0,21149,2016-03-11 19:57:31
396,2016-04-02 18:37:34,Volkswagen_Golf_1.4_Comfortline,privat,Angebot,7750,control,limousine,2009,manuell,80,golf,125000,9,benzin,volkswagen,nein,2016-04-02 00:00:00,0,57392,2016-04-06 18:16:04
171933,2016-03-27 12:53:55,Fiat_Grande_Punto_1.4_8V_Dynamic_schwarz_mit_Alufelgen,privat,Angebot,4700,test,limousine,2008,manuell,78,punto,90000,10,benzin,fiat,nein,2016-03-27 00:00:00,0,61381,2016-04-07 06:45:35
364604,2016-03-30 18:52:49,Golf_3_Kombi,privat,Angebot,450,test,kombi,1997,manuell,74,golf,150000,6,benzin,volkswagen,nein,2016-03-30 00:00:00,0,46446,2016-03-30 18:52:49
4234,2016-04-04 16:55:29,verkaufen_smart,privat,Angebot,1400,test,,2000,automatik,54,fortwo,150000,0,,smart,nein,2016-04-04 00:00:00,0,76599,2016-04-06 18:46:51
269700,2016-03-10 16:48:45,Volkswagen_Golf_3.2_R32_4Motion,privat,Angebot,19300,control,limousine,2003,manuell,241,golf,80000,7,benzin,volkswagen,nein,2016-03-10 00:00:00,0,90482,2016-03-15 08:47:03
151824,2016-04-05 08:56:47,Golf_2_zu_Verkaufen,privat,Angebot,0,test,,2016,manuell,54,golf,150000,8,benzin,volkswagen,,2016-04-05 00:00:00,0,22399,2016-04-07 12:16:40
154603,2016-03-27 13:39:58,Volkswagen_Tiguan_2.0_TDI_DPF_4Motion_Sport_&_Style,privat,Angebot,20900,test,suv,2012,manuell,170,tiguan,90000,6,diesel,volkswagen,nein,2016-03-27 00:00:00,0,66706,2016-04-07 09:16:12
229390,2016-03-17 12:55:32,SEAT_EXEO_ST_2_0_TDI_SPORT_CR,privat,Angebot,8999,test,kombi,2010,manuell,143,exeo,150000,8,diesel,seat,nein,2016-03-17 00:00:00,0,21272,2016-03-22 22:15:54
158087,2016-04-01 16:31:40,BMW_318td_compact,privat,Angebot,5850,control,limousine,2003,manuell,116,3er,125000,10,diesel,bmw,nein,2016-04-01 00:00:00,0,55252,2016-04-07 10:45:51
275371,2016-03-07 22:50:15,Porsche_996,privat,Angebot,18900,test,cabrio,2001,automatik,0,911,125000,6,benzin,porsche,nein,2016-03-07 00:00:00,0,58636,2016-04-07 03:45:22
323981,2016-04-02 22:38:14,BMW_X5_3.0d,privat,Angebot,22400,test,limousine,2008,automatik,235,x_reihe,100000,2,diesel,bmw,nein,2016-04-02 00:00:00,0,45891,2016-04-07 00:45:45
202829,2016-03-30 17:45:06,Ford_Focus_Turnier_1.6_TDCi,privat,Angebot,1945,control,kombi,2006,manuell,109,focus,150000,12,diesel,ford,ja,2016-03-30 00:00:00,0,52249,2016-03-30 17:45:06
47731,2016-03-07 15:57:35,Fiat_Bravo_1.4_t_jet_120ps_Garagenwagen_nur_Sommerauto,privat,Angebot,9500,control,limousine,2011,manuell,120,bravo,30000,11,benzin,fiat,nein,2016-03-07 00:00:00,0,1259,2016-04-05 16:45:11
368490,2016-03-13 16:42:25,Mercedes_A160_**Nur_heute**,privat,Angebot,1850,test,limousine,2001,manuell,102,a_klasse,125000,4,benzin,mercedes_benz,nein,2016-03-13 00:00:00,0,72770,2016-03-15 18:15:58
284149,2016-03-26 23:51:57,Volkswagen_Touran_2.0_TDI_Highline,privat,Angebot,3120,test,bus,2003,manuell,136,touran,150000,9,diesel,volkswagen,nein,2016-03-26 00:00:00,0,72800,2016-03-30 12:18:59
361348,2016-03-22 23:45:43,verkaufe_Opel_corsa__1.0_l__neu_Tuef__.Klima,privat,Angebot,1850,test,kleinwagen,2005,manuell,58,corsa,150000,2,benzin,opel,,2016-03-22 00:00:00,0,49584,2016-04-06 20:19:00
223815,2016-03-08 19:57:21,Fahrzeugbeschreibung,privat,Angebot,17199,test,,2016,manuell,140,golf,40000,0,benzin,volkswagen,nein,2016-03-08 00:00:00,0,97729,2016-04-01 21:16:09
231999,2016-03-25 14:42:25,Porsche_911_Carrera_Cabriolet__Facelift_MWST._ausweisbar,privat,Angebot,57850,control,cabrio,2010,manuell,345,911,80000,5,benzin,porsche,nein,2016-03-25 00:00:00,0,71139,2016-04-06 17:17:22
16584,2016-04-01 14:57:56,BMW_530i_M_Paket_Scheckheft_Standheizung_VOLL_1.Hand,privat,Angebot,6950,test,limousine,2001,manuell,231,5er,150000,2,benzin,bmw,nein,2016-04-01 00:00:00,0,67433,2016-04-01 14:57:56
172619,2016-03-29 16:48:11,Jeep_Grand_Cherokee,privat,Angebot,38000,control,suv,2013,automatik,250,grand,50000,8,diesel,jeep,,2016-03-29 00:00:00,0,76877,2016-04-02 12:37:00
201226,2016-03-20 19:56:39,Audi_A4_Cabriolet_2.0_TFSI_multitronic,privat,Angebot,15550,test,cabrio,2007,manuell,200,a4,80000,11,benzin,audi,nein,2016-03-20 00:00:00,0,74523,2016-04-07 04:17:39
365811,2016-03-11 18:46:04,Citroën_C5_Kombi_HDi_110,privat,Angebot,1150,test,kombi,2004,manuell,109,c5,150000,12,diesel,citroen,ja,2016-03-11 00:00:00,0,50259,2016-04-03 19:47:43
86282,2016-04-02 07:58:22,Mercedes_Benz_C_180,privat,Angebot,1950,test,limousine,1995,manuell,122,c_klasse,125000,9,benzin,mercedes_benz,nein,2016-04-02 00:00:00,0,73553,2016-04-06 07:15:37
61269,2016-04-01 19:45:30,Nissan_Primera_2.0_Competence,privat,Angebot,1200,control,limousine,1999,manuell,131,primera,150000,2,benzin,nissan,nein,2016-04-01 00:00:00,0,1328,2016-04-05 15:46:51
334013,2016-03-13 08:37:21,Ford_Focus_Turnier_1_DNW__2.0_16_V,privat,Angebot,2999,control,kombi,2004,manuell,131,focus,150000,7,benzin,ford,nein,2016-03-13 00:00:00,0,96250,2016-03-30 01:47:34
137795,2016-03-26 01:00:52,Hyundai_Tucson_2.0_2WD_Edition_Plus__ZR_neu__EZ_11/09,privat,Angebot,7490,test,suv,2009,manuell,141,tucson,100000,11,benzin,hyundai,nein,2016-03-26 00:00:00,0,70499,2016-04-05 18:45:18
178064,2016-03-27 14:56:43,Fiat_Grande_Punto,privat,Angebot,4900,control,limousine,2009,manuell,77,punto,90000,5,benzin,fiat,nein,2016-03-27 00:00:00,0,13589,2016-04-07 11:45:20
316104,2016-03-07 19:39:27,Verkauf__o_tausch_5er_Tuev,privat,Angebot,0,control,,2017,manuell,170,5er,150000,5,benzin,bmw,,2016-03-07 00:00:00,0,16540,2016-04-07 09:45:15
37740,2016-03-28 13:31:20,BMW_120d_top_Zustand,privat,Angebot,9800,test,limousine,2007,manuell,177,1er,125000,7,diesel,bmw,nein,2016-03-28 00:00:00,0,35753,2016-04-06 07:46:19
64647,2016-03-08 16:48:21,Volkswagen_Golf_1.6_Goal,privat,Angebot,5350,test,limousine,2006,manuell,102,golf,125000,3,benzin,volkswagen,nein,2016-03-08 00:00:00,0,38642,2016-03-21 22:15:41
143678,2016-03-26 14:52:03,Verkaufe_suzuki_Splash,privat,Angebot,6500,control,kombi,2009,manuell,75,andere,50000,8,benzin,suzuki,nein,2016-03-26 00:00:00,0,82256,2016-04-06 02:46:25
179305,2016-03-21 16:50:50,Renault_Megane_Grandtour_1.6_16V_110,privat,Angebot,8200,control,kombi,2011,manuell,110,megane,60000,1,benzin,renault,nein,2016-03-21 00:00:00,0,34281,2016-03-25 14:16:14
199182,2016-03-21 09:36:59,GOLF_3_SCHNÄPPCHEN__850€,privat,Angebot,850,control,kleinwagen,1995,manuell,75,golf,150000,0,benzin,volkswagen,nein,2016-03-21 00:00:00,0,49324,2016-03-21 09:36:59
171555,2016-03-08 19:46:47,2001_Galaxy__7_Sitze,privat,Angebot,2000,test,kombi,2001,manuell,107,galaxy,150000,8,benzin,ford,,2016-03-08 00:00:00,0,10178,2016-03-09 20:15:14
75311,2016-03-30 10:52:37,Skoda_Fabia_GT_2.0_Flitzer_mit_viel_Leistung_und_TÜV_bis_03/17,privat,Angebot,1300,test,kleinwagen,2002,manuell,0,fabia,150000,0,benzin,skoda,ja,2016-03-30 00:00:00,0,26389,2016-04-07 01:44:45
180460,2016-03-20 21:56:26,BMW_330i__Aut.M_Paket.Evolution.Vollaustattung,privat,Angebot,14900,test,coupe,2007,automatik,234,3er,150000,8,benzin,bmw,nein,2016-03-20 00:00:00,0,88045,2016-03-20 21:56:26
30116,2016-04-04 07:55:58,Suche_ganz_Dringend_Auto_auf_Ratenzahlung,privat,Angebot,3000,test,,2017,manuell,100,,100000,1,benzin,opel,,2016-04-04 00:00:00,0,39104,2016-04-04 08:49:44
262519,2016-03-16 11:54:34,BMW_330_Ci_Aut._Edition_Sport_mit_Hardtop,privat,Angebot,13900,test,cabrio,2006,automatik,231,3er,125000,4,benzin,bmw,nein,2016-03-16 00:00:00,0,95233,2016-04-02 08:45:57
349272,2016-03-28 14:49:16,Volkswagen_Golf_Sportsvan_1.6_TDI_BlueMotion_Technology...,privat,Angebot,22800,test,bus,2015,automatik,110,golf,20000,2,diesel,volkswagen,nein,2016-03-28 00:00:00,0,34225,2016-04-06 19:16:24
92142,2016-03-22 17:00:15,Golf_3_Bj.1994_60PS_TÜV08/16_Getriebeschaden,privat,Angebot,200,test,,2016,manuell,60,golf,150000,5,benzin,volkswagen,ja,2016-03-22 00:00:00,0,71065,2016-04-06 08:17:45
325827,2016-03-26 15:47:59,Volkswagen_Jetta_1.2_TSI_Comfortline,privat,Angebot,10990,test,limousine,2012,manuell,105,jetta,80000,3,benzin,volkswagen,nein,2016-03-26 00:00:00,0,92521,2016-03-26 15:47:59
369567,2016-04-02 13:44:45,Mercedes_Benz_E_220_CDI,privat,Angebot,6200,test,limousine,2002,manuell,150,e_klasse,150000,3,diesel,mercedes_benz,nein,2016-04-02 00:00:00,0,70619,2016-04-06 11:45:29
309614,2016-03-11 17:40:34,Passat_Variant_Silber_1_9_TDI,privat,Angebot,2500,control,kombi,1998,manuell,110,passat,150000,4,diesel,volkswagen,nein,2016-03-11 00:00:00,0,35039,2016-03-21 04:18:08
148037,2016-04-02 13:40:35,Mercedes_Benz_G_270_CDI_Automatik,privat,Angebot,36000,test,suv,2003,automatik,156,g_klasse,150000,9,diesel,mercedes_benz,nein,2016-04-02 00:00:00,0,72336,2016-04-06 11:44:59
369520,2016-03-28 18:51:16,BMW_320_Ci,privat,Angebot,6399,control,cabrio,2002,manuell,170,3er,150000,9,benzin,bmw,nein,2016-03-28 00:00:00,0,67482,2016-04-07 01:15:58
325719,2016-04-03 19:58:31,BMW_320_Ci,privat,Angebot,6499,test,cabrio,2000,manuell,170,3er,150000,11,benzin,bmw,nein,2016-04-03 00:00:00,0,23566,2016-04-05 20:45:45
90733,2016-03-28 10:37:16,Opel_Astra_1.6_Turbo_Innovation_OPC__Line_Paket,privat,Angebot,16999,control,limousine,2012,manuell,179,astra,50000,5,benzin,opel,nein,2016-03-28 00:00:00,0,85283,2016-04-06 13:44:47
84733,2016-03-08 17:55:04,BMW_118d_Coupe_Xenon__M_Sport_/Glanzpaket__BMW_indiv,privat,Angebot,14999,control,coupe,2010,manuell,143,1er,150000,4,diesel,bmw,nein,2016-03-08 00:00:00,0,47839,2016-04-07 08:46:28
322734,2016-03-31 19:50:03,A3_1.9TDI_Leder,privat,Angebot,2400,control,limousine,2004,,0,a3,150000,8,diesel,audi,,2016-03-31 00:00:00,0,51065,2016-03-31 19:50:03
265578,2016-03-24 09:57:45,Mercedes_Benz_B_180__BlueEFFICIENCY_,privat,Angebot,15000,control,bus,2011,manuell,122,b_klasse,80000,12,benzin,mercedes_benz,nein,2016-03-24 00:00:00,0,73733,2016-04-07 00:17:00
120762,2016-03-08 11:36:20,Volkswagen_Multivan_VR6_7DC_UL2,privat,Angebot,2800,control,bus,1996,manuell,140,transporter,150000,3,benzin,volkswagen,nein,2016-03-08 00:00:00,0,72525,2016-03-11 15:16:12
214686,2016-03-06 12:53:06,Spark_Chevrolet__LTZ_Ausstattung__mehr_geht_nicht___Auto__PKW,privat,Angebot,8250,test,kleinwagen,2013,manuell,82,spark,20000,6,benzin,chevrolet,nein,2016-03-06 00:00:00,0,60437,2016-03-10 09:45:46
122574,2016-03-05 15:46:16,BMW_E30_335i_Touring,privat,Angebot,3500,control,kombi,1993,manuell,211,3er,150000,2,benzin,bmw,,2016-03-05 00:00:00,0,9669,2016-03-14 12:16:53
19202,2016-03-13 06:36:16,Moin_Guten_Tag_Suche_Toyota_Auto_wie_zB._Picnic__Corolla_usw.???,privat,Angebot,0,test,,1990,,0,,150000,0,,sonstige_autos,,2016-03-13 00:00:00,0,27777,2016-03-13 07:52:30
264986,2016-03-15 19:38:57,Mercedes_Benz_E_320_T_Elegance,privat,Angebot,5750,control,kombi,2004,automatik,224,e_klasse,150000,12,benzin,mercedes_benz,nein,2016-03-15 00:00:00,0,26954,2016-03-16 17:19:21
347438,2016-03-27 03:57:47,Volkswagen_Touran_2.0_TDI__7_Sitze,privat,Angebot,4700,test,bus,2004,manuell,136,touran,150000,4,diesel,volkswagen,nein,2016-03-27 00:00:00,0,42103,2016-04-01 08:46:30
244291,2016-03-15 01:51:31,Peugeot_207,privat,Angebot,0,test,limousine,2006,manuell,0,andere,150000,0,,peugeot,nein,2016-03-14 00:00:00,0,63128,2016-03-15 07:43:31
25047,2016-03-31 19:49:38,BMW_135i_Coupe_Aut.,privat,Angebot,16100,control,coupe,2008,automatik,306,1er,100000,6,benzin,bmw,ja,2016-03-31 00:00:00,0,58332,2016-04-02 15:45:56
246110,2016-03-21 11:48:37,BMW_323i,privat,Angebot,2999,control,limousine,1999,manuell,170,3er,150000,6,benzin,bmw,nein,2016-03-21 00:00:00,0,47803,2016-04-06 05:45:45
284873,2016-03-05 16:25:42,Suzuki_SX4_Jahreswagen_NEU_13.000KM_Allrad_4x4_1.Hand,privat,Angebot,14250,control,suv,2015,manuell,120,andere,20000,1,benzin,suzuki,nein,2016-03-05 00:00:00,0,65527,2016-03-13 03:16:47
118785,2016-04-02 01:55:45,Porsche_Boxster_S,privat,Angebot,26900,test,cabrio,2007,manuell,295,boxster,80000,2,benzin,porsche,nein,2016-04-01 00:00:00,0,40699,2016-04-06 04:45:17
91146,2016-03-12 14:53:15,Volkswagen_Golf_Cabrio_1.2_TSI_RCD510_PDC,privat,Angebot,12990,test,cabrio,2012,manuell,105,golf,50000,1,benzin,volkswagen,nein,2016-03-12 00:00:00,0,90427,2016-03-14 06:45:13
224813,2016-04-01 17:56:50,Volvo_V40_Kombi,privat,Angebot,1990,test,kombi,2002,manuell,0,v40,150000,4,diesel,volvo,nein,2016-04-01 00:00:00,0,19306,2016-04-05 13:44:59
320866,2016-03-09 17:37:03,Audi_A_3__1_8_125PS__VOLL_Austatung.Gold_Metalic,privat,Angebot,1450,test,kleinwagen,1998,automatik,125,a3,150000,9,benzin,audi,nein,2016-03-09 00:00:00,0,40229,2016-03-27 12:46:54
197854,2016-04-02 18:42:18,HYUNDAI__i10,privat,Angebot,4950,control,,2017,manuell,0,i_reihe,70000,9,,hyundai,nein,2016-04-02 00:00:00,0,49716,2016-04-06 18:17:17
170732,2016-03-21 22:48:39,vw_t4__zu_Verkaufen,privat,Angebot,950,control,,1995,,0,andere,150000,0,diesel,volkswagen,,2016-03-21 00:00:00,0,39261,2016-03-21 23:40:15
220704,2016-03-06 11:36:26,BMW_320d,privat,Angebot,7600,test,limousine,2006,manuell,163,3er,150000,7,diesel,bmw,nein,2016-03-06 00:00:00,0,75050,2016-04-06 03:45:08
104187,2016-03-24 14:45:43,BMW_X5_3.0d,privat,Angebot,16999,test,suv,2007,automatik,235,x_reihe,150000,8,diesel,bmw,nein,2016-03-24 00:00:00,0,85283,2016-04-07 06:16:37
192696,2016-03-17 18:45:50,BMW_318i,privat,Angebot,1000,control,limousine,1991,manuell,113,3er,150000,7,benzin,bmw,nein,2016-03-17 00:00:00,0,80637,2016-04-07 05:45:47
3787,2016-03-25 09:48:14,Skoda_Roomster_1.6_TDI_DPF_Fresh,privat,Angebot,9900,test,bus,2013,manuell,105,roomster,60000,6,diesel,skoda,nein,2016-03-25 00:00:00,0,76227,2016-04-06 08:46:00
274475,2016-03-24 13:37:04,Opel_Kapitaen_2_5_Scheunenfund_1950,privat,Angebot,6500,control,limousine,1950,manuell,54,andere,100000,3,benzin,opel,nein,2016-03-24 00:00:00,0,69242,2016-04-07 05:46:45
177713,2016-04-03 08:59:07,Peugeot_206_60,privat,Angebot,1400,test,kleinwagen,2001,manuell,60,2_reihe,70000,2,benzin,peugeot,nein,2016-04-03 00:00:00,0,86674,2016-04-07 10:16:08
211974,2016-04-04 14:37:35,Mazda_2__1_3__MZR_Active___EZ_03/12_5_tuerig__Klima__ALU__Sitzh.,privat,Angebot,7990,test,limousine,2012,manuell,75,andere,40000,3,benzin,mazda,nein,2016-04-04 00:00:00,0,61169,2016-04-05 12:16:55
55145,2016-03-12 22:58:06,Opel_Astra_2.2_16V_Coupe_Edition_90_Jahre_Bertone,privat,Angebot,6000,control,coupe,2002,manuell,147,astra,150000,12,benzin,opel,nein,2016-03-12 00:00:00,0,30880,2016-04-06 13:45:44
483,2016-04-04 09:57:39,Peugeot_206_cc,privat,Angebot,1950,control,,2016,manuell,0,2_reihe,150000,10,benzin,peugeot,nein,2016-04-04 00:00:00,0,44141,2016-04-06 11:44:55
337615,2016-04-01 13:06:19,Volkswagen_Polo_1.4_Aut._Tour,privat,Angebot,7300,test,kleinwagen,2007,automatik,80,polo,10000,12,benzin,volkswagen,nein,2016-04-01 00:00:00,0,57080,2016-04-06 22:16:10
43244,2016-03-20 14:58:00,Volkswagen_VW_Polo_1.6_GT_Rocket_Weiss,privat,Angebot,6750,test,kleinwagen,2009,manuell,105,polo,100000,3,benzin,volkswagen,nein,2016-03-20 00:00:00,0,35466,2016-04-06 18:45:22
191192,2016-03-08 16:58:32,Audi_A6_Avant_2.7_TDI_DPF_multitronic,privat,Angebot,14900,test,kombi,2010,automatik,190,a6,150000,3,diesel,audi,nein,2016-03-08 00:00:00,0,83134,2016-04-07 06:17:05
350982,2016-03-22 16:53:42,VW__POLO_mit_TÜV_bis_2017,privat,Angebot,400,test,,2017,manuell,0,polo,150000,11,benzin,volkswagen,,2016-03-22 00:00:00,0,85221,2016-04-04 06:48:21
285132,2016-03-25 11:50:31,ich_verkaufe,privat,Angebot,1500,test,andere,2003,automatik,0,,150000,1,benzin,hyundai,nein,2016-03-25 00:00:00,0,84579,2016-04-06 12:44:56
340644,2016-03-24 08:37:39,Bmw_E39_535i_Einmalig,privat,Angebot,6499,control,limousine,2001,automatik,245,5er,150000,6,benzin,bmw,,2016-03-24 00:00:00,0,40479,2016-04-06 20:46:18
141267,2016-03-07 20:56:13,BMW_116i,privat,Angebot,9800,test,limousine,2009,manuell,122,1er,70000,6,benzin,bmw,nein,2016-03-07 00:00:00,0,67454,2016-03-26 08:17:24
174406,2016-03-31 21:51:40,Opel_Vectra_C,privat,Angebot,2600,test,limousine,2002,manuell,122,vectra,125000,7,benzin,opel,,2016-03-31 00:00:00,0,51429,2016-04-06 17:44:29
363132,2016-03-25 08:37:25,Skoda_Octavia_Skoda_Kombi,privat,Angebot,5400,control,kombi,2005,manuell,102,octavia,125000,9,benzin,skoda,nein,2016-03-25 00:00:00,0,45711,2016-03-29 21:44:58
145805,2016-03-27 12:39:04,Opel_zafira,privat,Angebot,4900,test,bus,2008,manuell,125,zafira,150000,12,diesel,opel,,2016-03-27 00:00:00,0,38228,2016-04-07 07:45:33
278315,2016-03-10 15:54:50,Polo_2007_TÜV_3/2018_Scheckheft_gepflegt!!,privat,Angebot,3950,test,kleinwagen,2007,manuell,80,polo,150000,1,benzin,volkswagen,nein,2016-03-10 00:00:00,0,32369,2016-03-12 21:15:34
322978,2016-03-05 14:22:08,BMW_320i_touring__05/2017tuev,privat,Angebot,850,test,kombi,1998,automatik,150,3er,150000,3,benzin,bmw,nein,2016-03-04 00:00:00,0,61184,2016-03-09 12:45:41
99253,2016-03-11 14:40:53,Mercedes_Benz_A_150_Autotronic_Classic_Edition_10,privat,Angebot,7000,control,limousine,2008,automatik,95,a_klasse,40000,1,benzin,mercedes_benz,nein,2016-03-11 00:00:00,0,52134,2016-03-12 18:44:11
2363,2016-03-12 19:42:39,MB_280E_/_2._Hand,privat,Angebot,11390,test,limousine,2008,automatik,190,e_klasse,150000,4,diesel,mercedes_benz,ja,2016-03-12 00:00:00,0,88457,2016-03-22 05:44:41
181111,2016-04-06 02:36:19,Volkswagen_Polo_1.4,privat,Angebot,1390,test,kleinwagen,2002,manuell,75,polo,150000,2,benzin,volkswagen,nein,2016-04-06 00:00:00,0,36037,2016-04-06 02:36:19
159795,2016-03-14 17:39:12,C220_Diesel_T__Limousine_euro2_Tuev_neu__auch_Tausch,privat,Angebot,1250,test,kombi,1996,manuell,95,c_klasse,150000,9,diesel,mercedes_benz,nein,2016-03-14 00:00:00,0,27624,2016-03-31 07:16:44
180828,2016-03-12 14:51:25,Mercedes_Benz_C_180_Kompressor_Avantgarde,privat,Angebot,5200,test,limousine,2002,automatik,143,c_klasse,150000,11,benzin,mercedes_benz,nein,2016-03-12 00:00:00,0,18195,2016-04-07 01:17:17
364807,2016-03-14 20:49:43,Opel_corsa_b_sport,privat,Angebot,500,control,kleinwagen,1997,manuell,60,corsa,125000,1,benzin,opel,nein,2016-03-14 00:00:00,0,54518,2016-03-21 13:47:18
156551,2016-04-03 23:51:21,Polo_1.2_9n3_Sparsamer_Stadtflitzer,privat,Angebot,5490,control,kleinwagen,2009,manuell,0,polo,100000,6,benzin,volkswagen,nein,2016-04-03 00:00:00,0,44147,2016-04-06 07:16:28
311975,2016-04-04 20:38:30,VW_Lupo_1.0_L_Ez_2001_Tuev_6/_2017_Motorschaden_Klakert_sehr_laut,privat,Angebot,550,control,kleinwagen,2001,manuell,50,lupo,150000,4,benzin,volkswagen,ja,2016-04-04 00:00:00,0,48341,2016-04-06 22:46:22
43517,2016-04-03 12:42:31,Perfektes_Stadt_und_Frauen_Auto!,privat,Angebot,998,control,kleinwagen,2002,manuell,54,seicento,150000,8,benzin,fiat,nein,2016-04-03 00:00:00,0,42719,2016-04-03 12:42:31
176476,2016-04-01 12:39:09,Opel_Corsa_B_1.2_V16_Eco,privat,Angebot,650,test,kleinwagen,1999,manuell,65,corsa,150000,1,benzin,opel,nein,2016-04-01 00:00:00,0,63454,2016-04-05 06:17:35
205302,2016-03-31 19:36:22,Scirocco_2.0_TFSI_Turbo_HGP_H&R_Rennsport;BBS_PO_Ronal_RS_K&W_VW_,privat,Angebot,15500,control,coupe,2008,manuell,0,scirocco,60000,8,benzin,volkswagen,nein,2016-03-31 00:00:00,0,36100,2016-04-06 15:15:58
371336,2016-03-09 11:38:52,Citroën_C2_Klima,privat,Angebot,1999,test,kleinwagen,2005,manuell,73,c2,100000,7,benzin,citroen,nein,2016-03-09 00:00:00,0,51381,2016-03-15 08:17:29
173575,2016-03-21 20:55:05,BMW_123d_DPF_M_Paket,privat,Angebot,12999,control,limousine,2008,manuell,204,1er,150000,7,diesel,bmw,nein,2016-03-21 00:00:00,0,58809,2016-04-07 01:17:24
279351,2016-04-03 23:25:24,Ford_Focus_ST,privat,Angebot,2999,test,limousine,2002,manuell,173,focus,150000,2,benzin,ford,,2016-04-03 00:00:00,0,35614,2016-04-05 12:10:23
65962,2016-03-14 23:55:45,Audi_A4_1.8,privat,Angebot,1200,control,limousine,1997,manuell,125,a4,150000,5,benzin,audi,nein,2016-03-14 00:00:00,0,31867,2016-03-17 01:18:07
142001,2016-03-26 21:53:53,Peugeot_306i_Kombi,privat,Angebot,2000,control,kombi,2000,manuell,75,3_reihe,125000,7,benzin,peugeot,nein,2016-03-26 00:00:00,0,59556,2016-03-28 11:47:13
270721,2016-03-30 16:37:16,Ford_Fiesta_mit_Tuev_bis_2017!!,privat,Angebot,170,test,kleinwagen,1996,manuell,50,fiesta,150000,1,benzin,ford,,2016-03-30 00:00:00,0,52353,2016-03-30 17:40:09
270540,2016-03-30 19:06:23,Volkswagen_Golf_R32_4Motion,privat,Angebot,11900,control,limousine,2006,manuell,250,golf,150000,10,benzin,volkswagen,nein,2016-03-30 00:00:00,0,55257,2016-04-07 12:46:13
35650,2016-03-29 02:57:07,VW_Vento._Beschreibung_lesen,privat,Angebot,1500,test,,2017,manuell,90,,125000,2,,volkswagen,nein,2016-03-29 00:00:00,0,13059,2016-04-05 17:44:42
166754,2016-03-08 01:48:20,Fiat_Coupe_2.0_16V,privat,Angebot,1600,control,coupe,1995,manuell,139,andere,150000,6,benzin,fiat,nein,2016-03-07 00:00:00,0,13439,2016-03-20 03:15:31
201184,2016-03-21 23:50:24,BMW_320_Ci,privat,Angebot,3300,test,coupe,2001,manuell,170,3er,150000,10,benzin,bmw,nein,2016-03-21 00:00:00,0,40229,2016-03-22 06:41:14
156445,2016-03-27 15:58:27,Golf_1.4_Edition_Klima_eFH_Alu17_Zoll_Topzustand,privat,Angebot,3250,control,limousine,2003,manuell,75,golf,90000,10,benzin,volkswagen,nein,2016-03-27 00:00:00,0,45355,2016-03-29 05:45:52
133480,2016-03-24 20:25:22,Porsche_991,privat,Angebot,62500,control,coupe,2012,manuell,349,911,40000,7,benzin,porsche,ja,2016-03-24 00:00:00,0,56470,2016-03-28 06:47:12
268583,2016-03-23 23:54:43,Renault_Megane_1.9_dCi_FAP,privat,Angebot,7200,control,limousine,2009,manuell,131,megane,150000,3,diesel,renault,nein,2016-03-23 00:00:00,0,30161,2016-04-06 18:15:50
157251,2016-03-12 18:44:23,Volkswagen_Eos_1.6_FSI_____Ein_Traum_Cabrio_/_Roadster,privat,Angebot,9450,test,cabrio,2006,manuell,116,eos,40000,8,benzin,volkswagen,nein,2016-03-12 00:00:00,0,22043,2016-03-23 11:16:58
45902,2016-03-11 21:36:19,MINI_MINI_Cooper_S___Vollaustatt._Navi__Xenon__Pano..,privat,Angebot,14250,test,cabrio,2010,manuell,184,cooper,70000,8,benzin,mini,nein,2016-03-11 00:00:00,0,67549,2016-04-06 22:17:24
262140,2016-03-07 16:42:24,Honda_Andere,privat,Angebot,19000,control,coupe,1967,manuell,67,andere,100000,5,benzin,honda,nein,2016-03-07 00:00:00,0,27308,2016-04-05 16:47:20
111253,2016-03-26 14:41:32,Smart_fortwo_cabrio,privat,Angebot,2300,control,cabrio,2000,,54,fortwo,50000,3,benzin,smart,,2016-03-26 00:00:00,0,45896,2016-04-06 02:17:11
366991,2016-03-28 23:48:18,Fiat_Grande_Punto_1.4_T_Jet_16V_Sport,privat,Angebot,5200,test,kleinwagen,2008,manuell,120,andere,80000,2,benzin,fiat,nein,2016-03-28 00:00:00,0,76689,2016-04-07 10:46:46
176693,2016-03-31 10:50:28,Renault_Scenic_1.6_Authentique,privat,Angebot,1700,control,bus,2003,automatik,107,scenic,125000,1,benzin,renault,nein,2016-03-31 00:00:00,0,74564,2016-03-31 10:50:28
297774,2016-03-13 23:43:01,Mercedes_Benz_C180_Avantgarde_AMG_SPORTPAKET_*_AMG_STYLINGPAKET_*,privat,Angebot,14999,test,limousine,2012,manuell,156,c_klasse,40000,12,benzin,mercedes_benz,ja,2016-03-13 00:00:00,0,42289,2016-03-31 23:18:08
73323,2016-03-25 23:37:54,Audi_A4_Avant_2.0_TDI_DPF_Ambiente,privat,Angebot,9400,control,kombi,2009,manuell,143,a4,150000,3,diesel,audi,nein,2016-03-25 00:00:00,0,51109,2016-04-05 14:46:40
307520,2016-03-16 19:40:16,Renault_Laguna_1.8,privat,Angebot,4100,test,limousine,2001,manuell,120,laguna,40000,3,benzin,renault,nein,2016-03-16 00:00:00,0,22309,2016-04-07 04:44:39
57092,2016-03-05 14:24:04,Opel_astra,privat,Angebot,650,test,,2016,manuell,0,astra,150000,0,benzin,opel,nein,2016-03-04 00:00:00,0,35398,2016-03-13 01:45:46
80018,2016-03-21 14:45:29,Audi_A6_2.0_TDI,privat,Angebot,6900,control,limousine,2005,manuell,140,a6,150000,3,diesel,audi,nein,2016-03-21 00:00:00,0,90763,2016-04-06 11:17:22
296827,2016-03-05 23:52:58,Ford_Focus_Style,privat,Angebot,5800,control,limousine,2009,manuell,136,,150000,3,diesel,ford,nein,2016-03-03 00:00:00,0,56825,2016-03-08 16:45:52
35630,2016-03-10 16:37:40,Auto_Skoda_Felica_Tuning,privat,Angebot,500,control,,2000,manuell,0,andere,60000,0,benzin,skoda,ja,2016-03-10 00:00:00,0,1561,2016-04-05 14:18:53
44095,2016-03-20 16:46:10,Nissan_Titan_mit_LPG_von_Prins,privat,Angebot,11800,test,suv,2005,automatik,305,andere,150000,6,benzin,nissan,nein,2016-03-20 00:00:00,0,13158,2016-04-06 22:15:37
128921,2016-03-11 16:43:26,Ford_Fiesta_1.3__wenig_Kilometer_Einparkhilfe_Klima_,privat,Angebot,2500,test,kleinwagen,2004,manuell,69,fiesta,80000,4,benzin,ford,nein,2016-03-11 00:00:00,0,52457,2016-04-05 14:17:43
273066,2016-03-22 12:50:28,Opel_Vectra_2.2_GTS,privat,Angebot,3800,control,limousine,2004,automatik,147,vectra,125000,3,benzin,opel,nein,2016-03-22 00:00:00,0,59067,2016-04-06 01:44:21
146741,2016-04-03 14:44:37,Renault_Twingo_1.2_Faltdach/Ledersitze_+TÜV_bis_10/2017,privat,Angebot,750,test,kleinwagen,2000,manuell,58,twingo,150000,7,benzin,renault,nein,2016-04-03 00:00:00,0,47228,2016-04-03 14:44:37
62822,2016-03-28 17:56:55,Hyundai_Accent_1.3i_LS,privat,Angebot,650,test,limousine,1999,manuell,75,andere,70000,12,benzin,hyundai,nein,2016-03-28 00:00:00,0,65599,2016-04-01 06:16:12
364878,2016-03-12 19:40:07,Audi_A6_Avant_2.0_FSI_multitronic,privat,Angebot,10500,test,kombi,2007,automatik,170,a6,100000,3,benzin,audi,nein,2016-03-12 00:00:00,0,33609,2016-03-23 12:18:41
268795,2016-03-15 10:56:47,Chevrolet_Nubira_•_Tuev_Neu_•_8x_Bereift•_Generalueberholt,privat,Angebot,0,control,kombi,2006,manuell,122,andere,150000,1,,chevrolet,nein,2016-03-15 00:00:00,0,44287,2016-03-18 03:18:11
192063,2016-03-31 17:52:33,Seat_Ibiza_fr,privat,Angebot,4000,control,,2017,manuell,160,,150000,12,,seat,nein,2016-03-31 00:00:00,0,49492,2016-04-04 11:17:51
268822,2016-04-04 16:40:33,Ford_Mondeo_2.0_Turnier_TDCi_Ambiente_/_ATM_139tkm,privat,Angebot,2222,test,kombi,2003,manuell,116,mondeo,150000,5,diesel,ford,nein,2016-04-04 00:00:00,0,23568,2016-04-06 18:16:47
344499,2016-03-22 12:57:28,Mondeo_MK_2_super_Teiletraeger_oder_weiterverkauf_Neuer_Zahnriemen,privat,Angebot,200,control,kombi,1998,manuell,90,mondeo,150000,6,benzin,ford,ja,2016-03-22 00:00:00,0,28215,2016-03-31 08:46:00
249274,2016-04-03 20:49:57,Audi_Q7_3.0_TDI_DPF_quattro_tiptronic,privat,Angebot,15900,test,limousine,2006,automatik,232,q7,150000,10,diesel,audi,nein,2016-04-03 00:00:00,0,45888,2016-04-05 21:46:51
39120,2016-03-31 19:56:43,Toyota_Starlet_j_Servo,privat,Angebot,1195,control,kleinwagen,1998,manuell,75,andere,150000,8,benzin,toyota,nein,2016-03-31 00:00:00,0,86554,2016-04-06 14:18:12
347138,2016-04-03 12:58:24,Opel_Astra_G_1.6l_Klima_TÜV_MFL_Servo_800_FEST,privat,Angebot,800,control,coupe,2001,manuell,84,astra,150000,8,benzin,opel,nein,2016-04-03 00:00:00,0,12529,2016-04-05 11:47:25
346383,2016-03-22 12:55:01,Mercedes_benz,privat,Angebot,600,control,,2000,,0,e_klasse,150000,0,,mercedes_benz,,2016-03-22 00:00:00,0,33034,2016-03-22 12:55:01
105724,2016-04-04 23:54:25,Audi_A3_2.0_TDI_Sportback_DPF_Attraction,privat,Angebot,10500,control,kombi,2009,manuell,140,a3,150000,12,diesel,audi,nein,2016-04-04 00:00:00,0,74532,2016-04-07 10:15:23
15188,2016-04-04 19:50:22,laguna_1_9_dCi_Priveleg,privat,Angebot,2650,test,limousine,2001,manuell,107,laguna,125000,8,diesel,renault,,2016-04-04 00:00:00,0,66271,2016-04-06 22:16:48
330258,2016-04-02 22:25:19,Mercedes_Benz_E_220_T,privat,Angebot,2099,control,kombi,1994,manuell,150,e_klasse,150000,3,benzin,mercedes_benz,nein,2016-04-02 00:00:00,0,65428,2016-04-06 14:44:58
11371,2016-03-17 21:36:59,Smart_smart_&_pulse_Vollautomatik_Faclift,privat,Angebot,1800,test,kleinwagen,2002,automatik,61,fortwo,100000,10,benzin,smart,nein,2016-03-17 00:00:00,0,12051,2016-03-30 20:47:36
75829,2016-03-17 13:54:49,Mazda_Mazda_3_1.6_MZR_Edition__1._Hand__Scheckheft,privat,Angebot,11990,control,limousine,2011,manuell,105,3_reihe,30000,10,benzin,mazda,nein,2016-03-17 00:00:00,0,97286,2016-04-06 18:45:39
227399,2016-03-23 20:58:47,Mini_Cooper_S_Cabrio_Automatik,privat,Angebot,13800,test,cabrio,2010,automatik,184,cooper,125000,6,benzin,mini,nein,2016-03-23 00:00:00,0,44805,2016-03-25 01:48:41
273373,2016-03-19 14:43:13,BMW_318i_2.Hand,privat,Angebot,290,test,limousine,1994,manuell,115,3er,150000,2,benzin,bmw,nein,2016-03-19 00:00:00,0,33790,2016-03-28 16:19:17
12562,2016-04-01 01:58:56,Chrysler_300C_Touring__SRT_Design_Wenig_Kilometer,privat,Angebot,17190,control,kombi,2008,automatik,218,300c,90000,7,diesel,chrysler,nein,2016-04-01 00:00:00,0,23769,2016-04-07 05:15:51
129791,2016-03-13 23:36:58,Volkswagen_Transporter_T_2.5_BENZIN/CNG,privat,Angebot,4500,test,bus,2001,manuell,116,transporter,150000,8,cng,volkswagen,nein,2016-03-13 00:00:00,0,48249,2016-04-07 04:46:14
82590,2016-03-19 21:56:06,BMW_325i_Touring_Aut.,privat,Angebot,14000,control,kombi,2006,automatik,218,3er,150000,11,benzin,bmw,nein,2016-03-19 00:00:00,0,33335,2016-04-01 16:18:31
209063,2016-03-20 20:37:20,BMW_520i_als_Limousine,privat,Angebot,1600,test,limousine,1999,manuell,150,5er,150000,1,benzin,bmw,,2016-03-20 00:00:00,0,4425,2016-04-07 04:46:52
249913,2016-03-21 14:48:48,Mercedes_E_200_Kompressor,privat,Angebot,8999,control,limousine,2005,automatik,165,e_klasse,125000,11,benzin,mercedes_benz,nein,2016-03-21 00:00:00,0,15234,2016-04-06 12:15:31
198240,2016-03-29 20:56:32,Bastler_Fahrzeug,privat,Angebot,500,test,limousine,1996,manuell,0,mondeo,150000,8,benzin,ford,ja,2016-03-29 00:00:00,0,46117,2016-04-06 07:17:25
55476,2016-03-11 20:58:36,Audi_A5_Cabrio_1.8_TFSI_S_Line,privat,Angebot,24950,control,cabrio,2010,manuell,160,a5,60000,9,benzin,audi,nein,2016-03-11 00:00:00,0,34346,2016-04-06 04:44:27
317611,2016-04-02 19:58:35,Volkswagen_New_Beetle,privat,Angebot,3200,control,limousine,2001,manuell,120,beetle,150000,5,benzin,volkswagen,nein,2016-04-02 00:00:00,0,88400,2016-04-06 20:17:46
199526,2016-03-16 21:58:21,Citroën_C4_HDi_110_Attraction,privat,Angebot,7300,control,limousine,2010,manuell,111,c4,80000,11,diesel,citroen,nein,2016-03-16 00:00:00,0,71364,2016-03-17 23:17:54
318395,2016-03-11 10:48:19,Anfaenger___Auto_Ford_Focus_1_8,privat,Angebot,1600,test,limousine,2003,manuell,116,focus,150000,6,benzin,ford,nein,2016-03-11 00:00:00,0,56825,2016-03-27 06:15:36
162626,2016-03-24 12:54:07,Audi_60l_Original_Zustand,privat,Angebot,6999,test,limousine,1962,,0,andere,60000,2,benzin,audi,,2016-03-24 00:00:00,0,22335,2016-03-30 13:18:29
92420,2016-03-22 11:48:45,VW_Golf___TÜV_Neu_03/2018___sehr_gepflegter_Zustand,privat,Angebot,1190,control,kleinwagen,1997,manuell,60,golf,150000,3,benzin,volkswagen,nein,2016-03-22 00:00:00,0,25492,2016-03-23 11:49:27
60492,2016-03-19 21:55:31,einen_schoenen_Peugeot,privat,Angebot,1150,control,kleinwagen,2002,manuell,60,2_reihe,150000,5,benzin,peugeot,nein,2016-03-19 00:00:00,0,24768,2016-04-07 14:58:42
32327,2016-03-08 18:53:40,Ford_Ka_weiss_mit_TÜV_07/17,privat,Angebot,750,test,,2017,manuell,0,ka,150000,5,benzin,ford,ja,2016-03-08 00:00:00,0,49152,2016-04-07 14:33:03
160975,2016-03-10 22:38:32,SCHNÄPPCHEN_VW_Golf_5_GT__Leder__Xenon__RNS_510_Navi__170ps__Voll,privat,Angebot,6500,control,limousine,2007,manuell,170,golf,150000,4,benzin,volkswagen,nein,2016-03-10 00:00:00,0,31789,2016-03-15 19:47:30
248582,2016-03-26 19:44:10,Nissan_Primera_Kombi,privat,Angebot,600,control,kombi,1998,manuell,99,primera,150000,9,benzin,nissan,ja,2016-03-26 00:00:00,0,14656,2016-03-26 19:44:10
19331,2016-03-23 19:49:42,BMW_530d_Touring,privat,Angebot,7990,control,kombi,2004,automatik,218,5er,150000,10,diesel,bmw,nein,2016-03-23 00:00:00,0,22761,2016-04-06 01:15:47
69217,2016-04-02 22:48:57,Peugeot_308_HDI,privat,Angebot,6500,test,limousine,2008,manuell,0,3_reihe,150000,3,diesel,peugeot,nein,2016-04-02 00:00:00,0,63075,2016-04-07 00:45:39
271919,2016-03-17 19:56:34,Mercedes_Benz_C_180_T_Classic_2_Hand_keine_Tiere_Nichtraucher,privat,Angebot,2650,control,kombi,2001,manuell,129,c_klasse,150000,7,benzin,mercedes_benz,nein,2016-03-17 00:00:00,0,51103,2016-04-07 08:15:48
115356,2016-03-14 14:51:18,Verkaufe_Renault_Twingo,privat,Angebot,799,control,kleinwagen,1998,manuell,54,twingo,150000,0,,renault,nein,2016-03-14 00:00:00,0,49078,2016-03-17 03:16:02
121835,2016-03-16 11:48:26,Volkswagen_Golf_1.6_Automatik_Edition,privat,Angebot,1800,test,limousine,2000,automatik,101,golf,150000,9,benzin,volkswagen,nein,2016-03-16 00:00:00,0,12619,2016-03-25 07:49:13
156708,2016-03-08 11:38:22,Fiat_500,privat,Angebot,10900,control,kleinwagen,1970,manuell,18,500,40000,7,benzin,fiat,nein,2016-03-08 00:00:00,0,51491,2016-04-07 07:44:43
149910,2016-03-18 00:58:59,BMW_X5_e53_3.0d_224tkm_super_zustand_VOLL,privat,Angebot,8750,test,,2016,automatik,184,x_reihe,150000,0,,bmw,nein,2016-03-18 00:00:00,0,79540,2016-04-05 21:46:35
254782,2016-03-11 12:32:05,Volkswagen_sharan_2.0_mit_TÜV_._2_Hand!,privat,Angebot,1170,test,,2016,manuell,116,sharan,5000,9,,volkswagen,nein,2016-03-07 00:00:00,0,35435,2016-03-13 17:42:49
358692,2016-03-30 22:57:05,Corsa_C_twinport,privat,Angebot,1950,control,,2005,manuell,80,corsa,125000,9,benzin,opel,,2016-03-30 00:00:00,0,88450,2016-04-05 23:17:37
150820,2016-03-21 23:36:23,Honda_Jazz_1.2_Cool,privat,Angebot,3990,test,kleinwagen,2006,manuell,77,jazz,100000,2,benzin,honda,nein,2016-03-21 00:00:00,0,12279,2016-04-05 15:17:48
62523,2016-03-29 17:45:49,VW_UP_Checkheft_im_Autohaus_Messink,privat,Angebot,6700,control,kleinwagen,2012,manuell,60,up,50000,10,benzin,volkswagen,nein,2016-03-29 00:00:00,0,46459,2016-04-06 03:17:03
218338,2016-03-12 16:31:22,Audi_A1_1.2_TFSI_Attraction_Navi_BT_SHZ_Parksystem,privat,Angebot,10690,control,kleinwagen,2011,manuell,86,a1,125000,10,benzin,audi,nein,2016-03-12 00:00:00,0,35768,2016-04-06 18:18:11
134392,2016-03-17 21:45:14,VW_Golf_5_GTI_DSG_mit_neuem_TÜV_Xenon_Schiebedach_u.v.m.,privat,Angebot,6500,test,,2018,automatik,200,golf,150000,12,benzin,volkswagen,nein,2016-03-17 00:00:00,0,33824,2016-03-23 11:16:50
176586,2016-03-22 21:38:52,Renault_Scenic,privat,Angebot,599,control,,2000,,0,scenic,150000,0,,renault,,2016-03-22 00:00:00,0,14621,2016-04-02 17:15:57
246071,2016-03-28 17:53:02,VW_Bora_Top_Zustand,privat,Angebot,2990,test,limousine,1999,manuell,115,bora,150000,1,benzin,volkswagen,nein,2016-03-28 00:00:00,0,92637,2016-04-06 23:46:04
198933,2016-03-11 16:58:46,Mercedes_Benz_SLK_200,privat,Angebot,14700,test,cabrio,2007,manuell,163,slk,90000,9,benzin,mercedes_benz,nein,2016-03-11 00:00:00,0,57489,2016-04-05 15:18:16
241724,2016-03-07 20:37:53,Opel_Corsa_1.0_12V_Klima_1_Hand_wenig_KM_!!!,privat,Angebot,2850,test,kleinwagen,2004,manuell,60,corsa,80000,9,benzin,opel,nein,2016-03-07 00:00:00,0,94344,2016-03-14 13:15:36
233431,2016-04-02 18:25:24,Audi_a4_2_4_v6,privat,Angebot,2300,test,kombi,2001,automatik,170,a4,150000,12,benzin,audi,,2016-04-02 00:00:00,0,64546,2016-04-06 10:16:36
157117,2016-03-21 16:36:22,Opel_Astra_Cabrio_1.8_16V,privat,Angebot,3600,control,cabrio,2005,manuell,125,astra,125000,6,benzin,opel,nein,2016-03-21 00:00:00,0,63791,2016-03-31 22:19:25
16563,2016-03-24 21:56:08,Verkaufe_Golf_3_1.6_New_Orleans,privat,Angebot,299,test,,2016,manuell,75,golf,150000,2,benzin,volkswagen,nein,2016-03-24 00:00:00,0,48496,2016-03-24 23:42:42
180624,2016-03-28 13:31:21,Peugeot_106_Bj_1996,privat,Angebot,350,test,kleinwagen,1996,manuell,46,1_reihe,100000,12,benzin,peugeot,ja,2016-03-28 00:00:00,0,35708,2016-04-06 07:46:19
67362,2016-03-29 20:36:16,Volkswagen_Touran,privat,Angebot,5600,test,bus,2004,manuell,105,touran,150000,1,diesel,volkswagen,nein,2016-03-29 00:00:00,0,45549,2016-04-06 06:45:18
322782,2016-03-07 11:53:56,Opel_Corsa_kleiner_Flitzer_mit_TÜV,privat,Angebot,400,test,kleinwagen,1994,manuell,0,corsa,150000,0,benzin,opel,,2016-03-07 00:00:00,0,28207,2016-03-08 06:44:13
335684,2016-03-21 17:37:54,Mercedes_Benz_200,privat,Angebot,1000,control,kombi,1999,manuell,102,andere,150000,8,diesel,mercedes_benz,ja,2016-03-21 00:00:00,0,52223,2016-03-25 14:47:10
126271,2016-03-26 22:55:50,Mazda_MX_5_1.6i_16V,privat,Angebot,2150,test,cabrio,1999,manuell,110,mx_reihe,150000,3,benzin,mazda,nein,2016-03-26 00:00:00,0,70188,2016-03-30 11:16:41
260900,2016-03-06 16:40:48,Mercedes_Benz_C_220_CDI_Avantgarde,privat,Angebot,5500,test,limousine,2003,automatik,143,c_klasse,150000,1,diesel,mercedes_benz,nein,2016-03-06 00:00:00,0,60549,2016-04-06 20:45:00
68759,2016-04-03 17:40:53,Verkaufe_Joungtimer,privat,Angebot,650,test,kleinwagen,1990,manuell,90,80,150000,0,,audi,nein,2016-04-03 00:00:00,0,84333,2016-04-05 17:26:41
258501,2016-04-05 16:25:36,Volkswagen_Golf_TDI_4Motion_Confortline_Vollausstattung,privat,Angebot,20800,test,limousine,2013,manuell,105,golf,30000,11,diesel,volkswagen,nein,2016-04-05 00:00:00,0,65779,2016-04-05 16:25:36
178389,2016-03-17 21:46:41,Fiat_500C_0.9_TwinAir_Plus_ESP/Klimaautomatik/16_Zoll,privat,Angebot,8100,test,cabrio,2011,manuell,86,500,60000,9,benzin,fiat,nein,2016-03-17 00:00:00,0,34320,2016-04-07 11:46:08
137871,2016-03-16 12:55:58,Opel_Astra_Cabrio_1.6i,privat,Angebot,1200,test,cabrio,1994,manuell,71,astra,100000,9,benzin,opel,ja,2016-03-16 00:00:00,0,36251,2016-04-06 09:44:42
103451,2016-03-18 01:57:27,Opel_Corsa_B_EcoTec_16V_mit_Tuev_!!!,privat,Angebot,650,control,kleinwagen,1998,manuell,90,corsa,150000,1,benzin,opel,nein,2016-03-18 00:00:00,0,32429,2016-03-18 04:53:29
26528,2016-03-05 14:13:17,Opel_Astra_Caravan_16V,privat,Angebot,1199,test,kombi,1998,manuell,102,astra,150000,5,benzin,opel,nein,2016-03-03 00:00:00,0,65191,2016-03-09 11:17:54
48010,2016-04-04 21:48:27,BMW_116i_Aut./8_fach_bereift/Tempomat/Schiebedach,privat,Angebot,8250,test,limousine,2008,automatik,122,1er,80000,1,benzin,bmw,nein,2016-04-04 00:00:00,0,36043,2016-04-07 00:44:52
37678,2016-03-29 13:49:06,Mini_Cooper_S_mit_170_PS,privat,Angebot,7600,control,kleinwagen,2005,manuell,170,cooper,125000,5,benzin,mini,nein,2016-03-29 00:00:00,0,71131,2016-04-03 22:17:26
297634,2016-03-29 09:52:12,VW_T5_1.9_TDI_92000_km,privat,Angebot,3250,test,bus,2006,manuell,84,transporter,100000,9,diesel,volkswagen,ja,2016-03-29 00:00:00,0,13437,2016-04-05 18:18:32
306151,2016-03-15 20:37:52,Peugeot_307_HDI,privat,Angebot,2800,test,kombi,2006,manuell,110,3_reihe,150000,11,diesel,peugeot,nein,2016-03-15 00:00:00,0,71543,2016-03-17 16:47:05
139891,2016-03-21 20:37:04,Renault_Clio_1.2,privat,Angebot,1200,control,limousine,2001,manuell,0,clio,150000,0,,renault,nein,2016-03-21 00:00:00,0,73061,2016-04-07 01:17:28
305969,2016-03-14 09:54:10,Volkswagen_Scirocco_2.0_TDI_DSG,privat,Angebot,19200,control,coupe,2011,automatik,170,scirocco,100000,8,diesel,volkswagen,nein,2016-03-14 00:00:00,0,64653,2016-03-24 17:46:59
9384,2016-04-03 17:41:53,Citroën_Saxo_1.1_Chrono,privat,Angebot,1299,test,kleinwagen,2001,manuell,60,andere,150000,8,benzin,citroen,nein,2016-04-03 00:00:00,0,6536,2016-04-05 17:26:43
104433,2016-03-08 21:38:55,Mercedes_Benz_S_500_kein_Rost!_Leder__Memory__SHD,privat,Angebot,14800,control,limousine,1996,automatik,320,s_klasse,100000,4,benzin,mercedes_benz,nein,2016-03-08 00:00:00,0,70563,2016-04-06 01:16:59
297680,2016-03-24 09:54:32,Ford_Focus_1_8_TDI__Sitzheizung__Schiebedach__Parksensor,privat,Angebot,1600,control,,2017,manuell,116,focus,150000,0,,ford,ja,2016-03-24 00:00:00,0,44145,2016-04-04 22:16:02
201661,2016-03-21 21:54:59,Mercedes_300TE_W124,privat,Angebot,1500,control,kombi,1990,automatik,170,andere,150000,0,benzin,mercedes_benz,nein,2016-03-21 00:00:00,0,66359,2016-03-21 22:46:25
242148,2016-04-04 09:57:27,Mercedes_Benz_ML_350_4Matic_7G_TRONIC__AIRMATIC_LEDER_AHK,privat,Angebot,17300,control,suv,2006,automatik,272,m_klasse,125000,11,benzin,mercedes_benz,nein,2016-04-04 00:00:00,0,94060,2016-04-06 10:46:09
298442,2016-03-08 17:50:19,ALFA_ROMEO_146__OHNE_TÜV!!_,privat,Angebot,450,control,limousine,1998,manuell,0,andere,150000,11,benzin,alfa_romeo,ja,2016-03-08 00:00:00,0,44623,2016-03-15 23:16:03
159369,2016-03-25 15:59:24,Renault_clio_top,privat,Angebot,7900,test,kleinwagen,2012,manuell,103,clio,50000,7,benzin,renault,nein,2016-03-25 00:00:00,0,50829,2016-03-25 15:59:24
305362,2016-04-06 12:36:25,Mazda_323_PV_1_3_16V_Top_Keinwagen_fuer_Anfaenger_oder_Profis,privat,Angebot,1200,test,kleinwagen,1998,manuell,73,3_reihe,150000,4,benzin,mazda,nein,2016-04-06 00:00:00,0,7613,2016-04-06 12:36:25
327215,2016-03-13 00:58:52,Gol4_TÜV_neu_Tuning,privat,Angebot,1800,control,limousine,2000,manuell,90,golf,150000,4,benzin,volkswagen,nein,2016-03-12 00:00:00,0,52382,2016-04-06 13:46:11
47005,2016-03-30 13:36:54,Wenig_Kilometer__nur_53711_km_;_sehr_gepflegt_;_Hauptunters._NEU,privat,Angebot,2000,test,kombi,2003,manuell,82,rio,60000,0,benzin,kia,nein,2016-03-30 00:00:00,0,9243,2016-04-01 07:17:07
160033,2016-04-04 17:52:08,Mercedes_A_180_Style,privat,Angebot,18700,test,limousine,2014,manuell,0,a_klasse,30000,1,benzin,mercedes_benz,nein,2016-04-04 00:00:00,0,66894,2016-04-06 19:48:14
53523,2016-03-24 23:54:05,Audi_Q5_2.0_TDI_quattro_Stronic,privat,Angebot,29900,test,limousine,2012,automatik,170,q5,90000,3,diesel,audi,nein,2016-03-24 00:00:00,0,34582,2016-04-06 03:44:51
119367,2016-03-15 14:53:40,Audi_80_B4,privat,Angebot,250,control,,2016,manuell,90,80,150000,10,,audi,nein,2016-03-15 00:00:00,0,27804,2016-03-17 10:15:55
356132,2016-04-03 15:37:43,Diesel_gesucht!,privat,Angebot,4500,test,,2005,,0,,150000,0,diesel,sonstige_autos,nein,2016-04-03 00:00:00,0,38126,2016-04-05 14:44:43
332068,2016-03-27 01:00:00,Mercedes__C180,privat,Angebot,550,test,limousine,1995,manuell,122,c_klasse,150000,8,benzin,mercedes_benz,nein,2016-03-27 00:00:00,0,78333,2016-03-27 09:47:39
364626,2016-03-28 10:48:26,Renault_Megane_scenic__Bastlerauto,privat,Angebot,400,control,bus,2000,manuell,0,megane,150000,12,benzin,renault,ja,2016-03-28 00:00:00,0,24534,2016-03-31 18:46:41
26235,2016-03-31 13:56:00,Renault_Twingo,privat,Angebot,750,control,kleinwagen,1996,manuell,54,twingo,80000,1,benzin,renault,nein,2016-03-31 00:00:00,0,96450,2016-03-31 14:42:51
13781,2016-03-31 05:03:55,Citroen_C4_Picasso__98_Tkm__aus__Erbnachlass,privat,Angebot,6500,test,bus,2008,automatik,103,c4,100000,10,benzin,citroen,nein,2016-03-31 00:00:00,0,27404,2016-04-06 02:16:14
369201,2016-03-07 11:52:15,Mercedes_Benz_CLK_Coupe_200_Kompressor_Automatik_Elegance,privat,Angebot,13300,test,coupe,2007,automatik,184,clk,70000,4,benzin,mercedes_benz,nein,2016-03-07 00:00:00,0,75365,2016-03-19 22:17:06
41763,2016-03-22 01:00:23,Audi_A6_Quattro__Bastler/_export_!gut_gepflegt_leider_ohne_TÜV_!,privat,Angebot,1950,control,kombi,2000,manuell,169,a6,150000,10,diesel,audi,,2016-03-22 00:00:00,0,59846,2016-04-05 18:15:47
243238,2016-03-13 20:36:35,Lotus_Elise_MK_1_RHD,privat,Angebot,12800,control,cabrio,1996,manuell,122,,150000,12,benzin,sonstige_autos,nein,2016-03-13 00:00:00,0,97261,2016-04-06 18:46:03
59866,2016-03-14 08:53:11,Opel_Corsa_1.6_Turbo_OPC_GSI_65000_km,privat,Angebot,3000,test,kleinwagen,2008,manuell,192,corsa,70000,7,benzin,opel,nein,2016-03-14 00:00:00,0,2763,2016-03-14 08:53:11
14345,2016-03-12 16:38:55,Bmw_e30_Diamantschwarz_316i,privat,Angebot,888,control,limousine,1989,manuell,101,3er,150000,0,,bmw,,2016-03-12 00:00:00,0,15838,2016-03-15 21:46:39
222211,2016-04-01 11:49:33,VW_T4_Transporter__Surf_&_KiteBulli__Camping__Solar_+_TÜV_NEU,privat,Angebot,5444,test,bus,1996,manuell,68,transporter,150000,10,diesel,volkswagen,nein,2016-04-01 00:00:00,0,33649,2016-04-03 07:50:26
72074,2016-03-07 17:53:53,Renault_Megane_Guter_Zustand_!,privat,Angebot,0,test,limousine,2000,manuell,95,megane,150000,5,benzin,renault,nein,2016-03-07 00:00:00,0,73577,2016-03-19 13:48:08
4752,2016-03-22 17:49:23,Polo_6n_an_bastler,privat,Angebot,80,control,,2016,,45,polo,150000,2,benzin,volkswagen,nein,2016-03-22 00:00:00,0,37574,2016-03-22 17:49:23
132768,2016-03-27 12:51:23,Nissan_Qashqai_Acenta_guten_zustand_panorama_dach_grosses_navi_uvm,privat,Angebot,8500,test,suv,2009,automatik,0,qashqai,125000,8,benzin,nissan,nein,2016-03-27 00:00:00,0,39397,2016-04-07 08:17:43
320785,2016-03-23 14:49:02,Mazda_323_F_1.6,privat,Angebot,1600,test,limousine,2002,manuell,98,3_reihe,125000,5,benzin,mazda,nein,2016-03-23 00:00:00,0,70771,2016-03-29 09:15:41
248916,2016-03-17 17:53:53,Hallo_verkaufe_sprinter,privat,Angebot,5700,control,,2009,manuell,0,sprinter,150000,6,diesel,mercedes_benz,,2016-03-17 00:00:00,0,26603,2016-04-07 05:16:54
146747,2016-03-26 01:56:50,Seat_Altea,privat,Angebot,3300,control,,2007,manuell,105,altea,150000,0,diesel,seat,,2016-03-26 00:00:00,0,31655,2016-04-05 17:21:21
230444,2016-03-18 13:49:19,VW_Polo_9n3_Comfortline_1.2_mit_64_PS,privat,Angebot,3650,control,kleinwagen,2006,manuell,64,polo,150000,6,benzin,volkswagen,nein,2016-03-18 00:00:00,0,12105,2016-03-27 22:48:02
349375,2016-03-08 23:56:45,Peugeot_307_SW_110_Premium,privat,Angebot,3200,control,kombi,2004,manuell,109,3_reihe,150000,11,benzin,peugeot,nein,2016-03-08 00:00:00,0,7407,2016-04-06 23:44:59
305453,2016-03-21 18:49:42,Audi_A5,privat,Angebot,12999,test,coupe,2008,automatik,190,a5,150000,1,diesel,audi,nein,2016-03-21 00:00:00,0,90431,2016-04-06 21:15:39
290097,2016-03-28 17:57:10,Mercedes_Benz_C_220_CDI_Avantgarde,privat,Angebot,2800,test,limousine,2001,manuell,143,c_klasse,150000,5,diesel,mercedes_benz,ja,2016-03-28 00:00:00,0,35287,2016-04-07 00:17:51
369404,2016-03-16 21:06:42,Seat_Exeo_ST_2.0_TDI_CR_Sport,privat,Angebot,12949,test,kombi,2011,manuell,143,exeo,60000,11,diesel,seat,nein,2016-03-16 00:00:00,0,56337,2016-04-05 22:17:38
207423,2016-03-21 22:51:32,gut_aussehender_Gebrauchter,privat,Angebot,2900,control,kleinwagen,2005,manuell,75,fabia,150000,9,benzin,skoda,nein,2016-03-21 00:00:00,0,23970,2016-03-30 15:16:30
307171,2016-04-02 23:55:30,Volkswagen_Polo_1.2,privat,Angebot,1500,test,kleinwagen,2002,manuell,64,polo,100000,12,benzin,volkswagen,ja,2016-04-02 00:00:00,0,74078,2016-04-03 00:54:43
80921,2016-03-24 12:46:57,Opel_corsa_b__zweitwagen_mit_Tuev,privat,Angebot,600,test,kleinwagen,1996,manuell,60,corsa,150000,0,benzin,opel,nein,2016-03-24 00:00:00,0,26817,2016-03-25 21:17:20
307985,2016-03-29 03:02:24,Volkswagen_Passat_W8_4Motion+RECARO+SOFTLEDER+SOLAR+NAVI,privat,Angebot,7280,test,limousine,2001,automatik,275,passat,150000,10,benzin,volkswagen,nein,2016-03-29 00:00:00,0,83395,2016-04-05 17:44:41
42139,2016-03-23 12:38:40,BMW_318i,privat,Angebot,5500,control,cabrio,1993,manuell,113,3er,150000,5,benzin,bmw,nein,2016-03-23 00:00:00,0,8523,2016-04-05 11:18:14
34816,2016-03-14 22:50:22,Toyota_Avensis_1.8_VVT_i_Automatik_Klima,privat,Angebot,6750,control,limousine,2007,automatik,129,avensis,125000,4,benzin,toyota,nein,2016-03-14 00:00:00,0,13587,2016-04-06 20:45:14
352167,2016-04-02 12:54:55,Volkswagen_Golf_V_GT_TDI,privat,Angebot,9000,test,limousine,2006,manuell,170,golf,100000,6,diesel,volkswagen,nein,2016-04-02 00:00:00,0,48268,2016-04-02 12:54:55
245500,2016-03-31 21:56:10,Volkswagen_Polo_1.4_Highline,privat,Angebot,3200,test,kleinwagen,2003,manuell,75,polo,125000,5,benzin,volkswagen,nein,2016-03-31 00:00:00,0,28844,2016-04-06 17:45:19
225918,2016-04-01 11:55:52,Wartburg_353_Tourist_H_Kennzeichen,privat,Angebot,4500,test,kombi,1969,manuell,50,,60000,11,benzin,sonstige_autos,nein,2016-04-01 00:00:00,0,9577,2016-04-07 08:17:25
176797,2016-03-07 10:50:45,Audi_100_t44_2_0_5_Zylinder_vfl,privat,Angebot,600,test,,1990,manuell,113,100,150000,0,benzin,audi,,2016-03-07 00:00:00,0,89616,2016-03-12 16:47:09
195183,2016-04-04 21:50:14,BMW_X3_xDrive20d_M_Sportpaket/Navi_Prof./Leder/Xenon,privat,Angebot,27990,test,limousine,2012,manuell,184,x_reihe,80000,4,diesel,bmw,nein,2016-04-04 00:00:00,0,84130,2016-04-07 00:44:59
90402,2016-03-16 14:52:49,Mazda_323_Unfallwagen,privat,Angebot,1666,test,limousine,2005,manuell,0,3_reihe,100000,3,benzin,mazda,ja,2016-03-16 00:00:00,0,51766,2016-03-16 15:41:48
27101,2016-03-14 14:58:42,Renault_Megane_Scenic_1.9_Diesel_Automatik___Klima___Tempomat,privat,Angebot,1000,control,bus,2000,automatik,0,scenic,150000,9,diesel,renault,nein,2016-03-14 00:00:00,0,27749,2016-03-18 02:18:11
101406,2016-03-17 00:47:25,Mitsubishi_Lancer,privat,Angebot,23500,test,limousine,2001,manuell,330,lancer,125000,1,benzin,mitsubishi,nein,2016-03-16 00:00:00,0,72766,2016-04-06 00:17:56
93393,2016-03-27 12:45:52,Renault_R_5,privat,Angebot,3500,test,kleinwagen,1990,manuell,58,andere,70000,2,benzin,renault,nein,2016-03-27 00:00:00,0,32758,2016-04-07 07:46:48
174610,2016-03-09 08:55:10,Volkswagen_Polo_Trendline,privat,Angebot,1600,test,kleinwagen,2000,manuell,60,polo,150000,1,benzin,volkswagen,nein,2016-03-09 00:00:00,0,24232,2016-03-30 16:18:44
201733,2016-03-13 16:49:02,Audi_A6_Avant_2.0_TDI_DPF,privat,Angebot,8250,test,kombi,2008,manuell,140,a6,150000,1,diesel,audi,nein,2016-03-13 00:00:00,0,66636,2016-03-17 13:45:40
342906,2016-03-28 17:53:04,Peugeot_307_AHK_Klima,privat,Angebot,1200,test,limousine,2001,manuell,109,3_reihe,150000,12,benzin,peugeot,ja,2016-03-28 00:00:00,0,71106,2016-03-28 17:53:04
312746,2016-03-30 18:53:00,Volkswagen_Polo_1.4,privat,Angebot,4000,test,kleinwagen,2006,manuell,80,polo,150000,12,benzin,volkswagen,nein,2016-03-30 00:00:00,0,95666,2016-04-07 10:17:04
143212,2016-03-16 12:38:20,Mercedes_Benz_Cabrio_CLK_200_Kompressor,privat,Angebot,17499,test,cabrio,2007,manuell,184,clk,60000,10,,mercedes_benz,nein,2016-03-16 00:00:00,0,72770,2016-04-06 06:16:26
138293,2016-03-28 17:25:43,Volkswagen_gepflegter_VW_Oldtimer_Bus__T3,privat,Angebot,4350,test,bus,1982,manuell,57,transporter,150000,4,diesel,volkswagen,nein,2016-03-28 00:00:00,0,56305,2016-04-07 02:15:44
106341,2016-03-07 20:37:59,Verkaufe_ein_Skoda_Felicia_1.6,privat,Angebot,1111,test,kleinwagen,2000,manuell,75,andere,125000,8,benzin,skoda,,2016-03-07 00:00:00,0,7768,2016-04-05 13:15:43
294412,2016-04-01 10:51:42,Volkswagen_Polo_1.6_TDI_Style_Vollausstattung,privat,Angebot,11950,control,kleinwagen,2011,manuell,105,polo,90000,9,diesel,volkswagen,nein,2016-04-01 00:00:00,0,42853,2016-04-03 06:48:47
162401,2016-04-05 12:38:33,Passat_w8,privat,Angebot,5500,test,kombi,2001,automatik,275,passat,150000,4,,volkswagen,,2016-04-05 00:00:00,0,27333,2016-04-05 12:38:33
141887,2016-03-25 23:56:07,Volkswagen_Golf_1.6_TDI_DPF_Comfortline,privat,Angebot,8900,control,limousine,2009,manuell,105,golf,90000,8,diesel,volkswagen,,2016-03-25 00:00:00,0,90469,2016-03-27 20:15:29
70707,2016-03-05 14:10:17,_NISSAN_MICRA;_SUPER_ANFÄNGER_AUTO_,privat,Angebot,1800,test,kleinwagen,2001,manuell,60,micra,100000,5,,nissan,nein,2016-03-03 00:00:00,0,56566,2016-03-26 07:16:34
2196,2016-04-03 10:48:31,Opel_Vectra_2.2_Caravan_Sport,privat,Angebot,2700,control,kombi,2001,manuell,147,vectra,150000,5,benzin,opel,nein,2016-04-03 00:00:00,0,54518,2016-04-07 11:46:18
248086,2016-03-11 23:57:26,Opel_Corsa_1.4_16V__Sport,privat,Angebot,4900,test,kleinwagen,2007,manuell,90,corsa,125000,9,benzin,opel,nein,2016-03-11 00:00:00,0,32657,2016-04-05 17:49:31
14575,2016-03-16 14:50:27,A3_2.0_TDI_Sportback_DPF_Attraction_Blue,privat,Angebot,6000,control,limousine,2009,,140,a3,125000,8,diesel,audi,nein,2016-03-16 00:00:00,0,65197,2016-03-16 15:44:59
5132,2016-03-13 18:43:01,Dyane_6_bj_75_Originalzustand,privat,Angebot,3950,test,,1980,manuell,0,andere,60000,0,benzin,citroen,nein,2016-03-13 00:00:00,0,66280,2016-03-25 14:48:02
142252,2016-03-24 00:36:16,Porsche_911_Carrera_Cabriolet,privat,Angebot,40997,test,cabrio,2005,manuell,325,911,125000,4,benzin,porsche,nein,2016-03-24 00:00:00,0,45128,2016-04-06 20:47:48
275130,2016-03-20 15:51:25,volvo_v40_zu_verkaufen,privat,Angebot,550,control,kombi,2000,manuell,136,v40,150000,6,benzin,volvo,ja,2016-03-20 00:00:00,0,59457,2016-03-20 15:51:25
233234,2016-03-27 20:42:06,gepflegter_vw_golf_4,privat,Angebot,1500,control,limousine,1998,manuell,75,golf,150000,3,benzin,volkswagen,,2016-03-27 00:00:00,0,91731,2016-03-31 02:17:21
145987,2016-03-14 00:51:57,Ford_Galaxy_2.0_TDCi_DPF_Titanium,privat,Angebot,11950,control,bus,2010,manuell,140,galaxy,150000,1,diesel,ford,nein,2016-03-13 00:00:00,0,14129,2016-03-24 13:44:55
121709,2016-03-11 12:55:59,GOLF_2_SYNCRO_3TÜRIG_OHNE_SCHIEBDACH_VR6_TURBO,privat,Angebot,2600,test,,1990,,0,golf,150000,0,,volkswagen,,2016-03-11 00:00:00,0,6406,2016-04-03 06:15:46
5567,2016-03-21 03:36:36,Vectra_B_Sport_Zender_Irmscher_2.6_v6,privat,Angebot,6000,test,,2018,manuell,182,vectra,125000,5,,opel,nein,2016-03-21 00:00:00,0,33330,2016-04-06 01:49:29
159672,2016-03-06 11:41:48,Hyundai_i20_1.2_Comfort,privat,Angebot,6900,test,kleinwagen,2012,manuell,77,i_reihe,50000,2,benzin,hyundai,nein,2016-03-06 00:00:00,0,6571,2016-04-06 03:45:53
39976,2016-03-27 22:38:34,Volkswagen_Golf_1.4_/Klima/_Original_84.000_KM_2299€_VB,privat,Angebot,1999,test,,2017,manuell,75,golf,90000,5,,volkswagen,,2016-03-27 00:00:00,0,83059,2016-03-31 06:15:23
154770,2016-03-17 12:37:43,Verkaufe_Golf_4,privat,Angebot,450,test,kleinwagen,1998,manuell,0,golf,150000,0,benzin,volkswagen,ja,2016-03-17 00:00:00,0,24340,2016-03-19 11:45:20
324794,2016-03-31 13:58:35,Smart_Fortwo_Motor_Neuw_Modell_2005_Facelift,privat,Angebot,1999,control,kleinwagen,2004,automatik,50,fortwo,30000,1,benzin,smart,nein,2016-03-31 00:00:00,0,4420,2016-04-06 06:44:59
28635,2016-03-09 18:58:09,Audi_A_3__1.6._Tuev_neu__super_gepflegt,privat,Angebot,2100,test,,2016,automatik,101,a3,150000,3,benzin,audi,nein,2016-03-09 00:00:00,0,48429,2016-03-12 19:20:13
331997,2016-03-16 17:54:06,Mercedes_Benz_E_320_Avantgarde,privat,Angebot,999,control,limousine,1997,automatik,224,e_klasse,150000,8,benzin,mercedes_benz,nein,2016-03-16 00:00:00,0,49549,2016-03-30 10:17:04
97149,2016-03-14 01:48:38,Volkswagen_Golf_1.4_Comfortline_Klima_SHBD_TÜV,privat,Angebot,1790,control,limousine,1999,manuell,75,golf,150000,0,benzin,volkswagen,,2016-03-13 00:00:00,0,28357,2016-03-19 17:17:49
183777,2016-03-10 00:57:26,Volkswagen_Passat_1.6_AU/HU_neu!_Klima_SR+WR__AHK,privat,Angebot,1550,control,limousine,1997,manuell,101,passat,150000,9,benzin,volkswagen,nein,2016-03-10 00:00:00,0,99098,2016-03-31 02:45:58
68330,2016-04-03 00:54:04,Ford_focus_c_max_1.8_120ps_ghia,privat,Angebot,4350,control,bus,2004,manuell,120,c_max,150000,4,benzin,ford,nein,2016-04-02 00:00:00,0,45663,2016-04-07 08:16:09
336776,2016-03-30 22:55:28,Toyota_Rav_4_4X4_5_Tuerig_2_0_Liter_Export,privat,Angebot,1999,control,suv,1997,manuell,115,rav,150000,1,benzin,toyota,nein,2016-03-30 00:00:00,0,12439,2016-04-05 17:45:24
199438,2016-03-23 16:57:13,Mercedes_Benz_Vito_V_230,privat,Angebot,2300,test,bus,1998,manuell,144,v_klasse,150000,12,benzin,mercedes_benz,,2016-03-23 00:00:00,0,4668,2016-04-05 20:47:08
214802,2016-03-08 12:58:03,Honda_CR_V_2.0i_VTEC_2WD_Elegance,privat,Angebot,19000,test,suv,2014,manuell,155,cr_reihe,40000,6,benzin,honda,nein,2016-03-08 00:00:00,0,7749,2016-03-20 01:48:09
19373,2016-03-12 11:50:16,BMW_525d_Touring_6_Zylinder_AHK_Leder_Navi,privat,Angebot,8600,test,kombi,2005,manuell,177,5er,150000,3,diesel,bmw,nein,2016-03-12 00:00:00,0,86759,2016-04-06 05:44:58
228642,2016-03-23 20:37:14,Nissan_Micra_1.2______TÜV_01/2017____8_fach_Bereifung,privat,Angebot,1199,test,kleinwagen,2004,manuell,65,micra,150000,2,benzin,nissan,nein,2016-03-23 00:00:00,0,72070,2016-03-25 04:45:57
64804,2016-03-12 20:48:47,Ford_Ka_perfekt_fuer_Anfaenger_tuev_04/17,privat,Angebot,699,test,kleinwagen,2000,manuell,60,ka,150000,0,,ford,nein,2016-03-12 00:00:00,0,24536,2016-04-05 14:18:33
320110,2016-04-03 17:37:54,Mercedes_Benz_CLK_Coupe_320_CDI_7G_TRONIC_Avantgarde_DPF,privat,Angebot,15300,test,coupe,2005,automatik,224,clk,50000,12,diesel,mercedes_benz,nein,2016-04-03 00:00:00,0,74912,2016-04-03 17:37:54
315037,2016-03-25 14:37:40,Porsche_911_964_Cabriolet_deutsches_Auto__scheckheftgepflegt,privat,Angebot,39995,control,cabrio,1991,manuell,250,911,150000,10,benzin,porsche,,2016-03-25 00:00:00,0,22529,2016-03-31 21:47:38
350909,2016-03-29 11:58:06,Mercedes_Benz_GLK_220_CDI_DPF_4Matic_BlueEFFICIENCY_7G_TRONIC,privat,Angebot,18900,test,suv,2009,automatik,170,glk,100000,7,diesel,mercedes_benz,nein,2016-03-29 00:00:00,0,84573,2016-04-01 23:44:52
66357,2016-03-25 15:46:30,Volvo_C70_2.4T_Premium,privat,Angebot,2800,test,coupe,2002,manuell,193,c_reihe,150000,3,lpg,volvo,nein,2016-03-25 00:00:00,0,76187,2016-04-06 19:17:56
248883,2016-03-17 01:57:11,Mercedes_Benz_A_160_CDI_Classic,privat,Angebot,1799,test,limousine,2002,manuell,75,a_klasse,150000,1,diesel,mercedes_benz,nein,2016-03-17 00:00:00,0,52428,2016-03-17 06:01:34
152178,2016-03-27 23:37:59,Mercedes_Benz_C_200_cdi_*einzelstueck*_Avantgarde,privat,Angebot,7000,test,limousine,2003,manuell,116,c_klasse,150000,11,diesel,mercedes_benz,,2016-03-27 00:00:00,0,63584,2016-03-31 13:46:32
87329,2016-03-11 20:43:24,Fiat_Punto_16_V,privat,Angebot,350,control,limousine,1998,manuell,80,punto,150000,0,benzin,fiat,ja,2016-03-11 00:00:00,0,49744,2016-03-19 07:16:18
365813,2016-03-28 02:32:39,Schoener_Opel_Corsa__Eco_flex_Diesel__1.Hand,privat,Angebot,5999,control,kleinwagen,2008,manuell,75,corsa,125000,0,,opel,nein,2016-03-28 00:00:00,0,65760,2016-03-29 18:29:49
116306,2016-03-16 15:49:07,Fiat_Grande_Punto_1.2_8V,privat,Angebot,2650,test,kleinwagen,2006,manuell,65,andere,125000,3,benzin,fiat,nein,2016-03-16 00:00:00,0,71069,2016-03-20 14:47:41
171977,2016-04-03 12:36:17,VW_Golf_VI_1.4_TSI_160PS,privat,Angebot,10750,control,limousine,2010,manuell,160,golf,80000,11,benzin,volkswagen,nein,2016-04-03 00:00:00,0,25462,2016-04-07 14:56:53
343523,2016-03-18 21:46:20,Mercedes_benz_e320_Avantgarde_Navi_xseno__Leder,privat,Angebot,5800,control,kombi,2003,automatik,204,e_klasse,150000,10,diesel,mercedes_benz,nein,2016-03-18 00:00:00,0,23554,2016-03-22 11:17:27
227032,2016-03-14 15:38:56,Ford_Transit_85_T240,privat,Angebot,1850,control,bus,2005,manuell,86,transit,150000,5,diesel,ford,nein,2016-03-14 00:00:00,0,86919,2016-03-29 10:16:23
148660,2016-03-16 21:56:18,Golf_3_Bastelprojekt,privat,Angebot,300,control,kleinwagen,1996,,90,,5000,0,benzin,volkswagen,,2016-03-16 00:00:00,0,14774,2016-04-07 13:16:02
160575,2016-03-25 00:57:39,Volvo_XC90_2.5T_Automatik,privat,Angebot,9999,control,suv,2004,automatik,209,xc_reihe,150000,12,lpg,volvo,nein,2016-03-24 00:00:00,0,47167,2016-04-06 02:46:50
357309,2016-04-02 23:55:56,Audi_A3_2.0_TDI,privat,Angebot,5480,test,limousine,2004,manuell,140,a3,150000,7,diesel,audi,nein,2016-04-02 00:00:00,0,29410,2016-04-07 07:17:11
341995,2016-03-30 12:55:10,Toyota_Corolla_**TÜV**wenig_Km_super_Auto,privat,Angebot,900,control,kleinwagen,1998,manuell,86,corolla,150000,11,,toyota,nein,2016-03-30 00:00:00,0,12435,2016-04-03 02:47:34
25891,2016-03-11 11:55:04,Volkswagen_Golf_1.4_TSI_Highline,privat,Angebot,9170,control,limousine,2009,manuell,122,golf,100000,8,benzin,volkswagen,nein,2016-03-11 00:00:00,0,66763,2016-04-07 05:44:21
82474,2016-03-09 15:53:54,Mercedes_Benz_230ce,privat,Angebot,2100,control,andere,1990,automatik,132,c_klasse,150000,4,benzin,mercedes_benz,nein,2016-03-09 00:00:00,0,51647,2016-03-27 09:17:37
109898,2016-03-20 17:54:51,Mazda_626_1_9,privat,Angebot,999,test,kombi,1998,manuell,90,6_reihe,150000,9,benzin,mazda,nein,2016-03-20 00:00:00,0,85640,2016-03-23 02:48:57
142752,2016-03-06 00:55:57,BMW_E32_750i_V12,privat,Angebot,2999,control,,1990,automatik,0,,150000,10,,bmw,,2016-03-06 00:00:00,0,9573,2016-03-13 01:15:44
328496,2016-03-22 01:51:08,Opel_Astra_GTC_1.6_Black&White_OPC_LINE,privat,Angebot,8555,test,coupe,2010,manuell,116,astra,80000,12,benzin,opel,nein,2016-03-21 00:00:00,0,77836,2016-03-26 07:17:06
80320,2016-03-30 13:41:06,Ford_Fiesta,privat,Angebot,400,test,,2016,manuell,60,fiesta,150000,6,benzin,ford,ja,2016-03-30 00:00:00,0,19230,2016-04-01 07:17:21
170328,2016-03-11 14:37:53,Corsa_1.0__60_ps,privat,Angebot,1200,control,kleinwagen,2004,manuell,60,corsa,150000,4,benzin,opel,,2016-03-11 00:00:00,0,64521,2016-03-14 10:46:22
63540,2016-03-29 17:48:13,Buick_Riviera,privat,Angebot,17500,control,cabrio,1982,automatik,152,,70000,8,benzin,sonstige_autos,nein,2016-03-29 00:00:00,0,38486,2016-04-06 03:45:10
34567,2016-03-24 16:46:08,Nissan_Almera_Tino,privat,Angebot,3800,control,bus,2004,automatik,116,almera,60000,5,benzin,nissan,,2016-03-24 00:00:00,0,53840,2016-03-26 01:46:50
184715,2016-03-31 22:25:37,MINI_Mini_Cooper_Chili_Red_Top_Zustand_8fach_bereift,privat,Angebot,6799,control,kleinwagen,2007,manuell,120,cooper,125000,3,benzin,mini,nein,2016-03-31 00:00:00,0,65589,2016-04-06 16:16:13
138105,2016-03-18 16:36:21,MINI_ONE___Leasingvertrag_uebernahme,privat,Angebot,222,test,limousine,2015,manuell,102,one,20000,2,benzin,mini,nein,2016-03-18 00:00:00,0,79312,2016-04-05 22:18:51
215884,2016-03-21 16:54:53,BMW_123d_Cabrio_Aut.,privat,Angebot,22900,control,cabrio,2011,automatik,204,1er,70000,8,diesel,bmw,nein,2016-03-21 00:00:00,0,72458,2016-03-31 21:45:13
12653,2016-03-23 14:39:35,Mercedes_Benz_C_180_Classic,privat,Angebot,3900,test,limousine,2001,automatik,129,c_klasse,100000,7,benzin,mercedes_benz,nein,2016-03-23 00:00:00,0,76865,2016-04-05 15:18:26
77604,2016-03-21 01:56:15,Audi_A4_B7_sline__Generalueberholt_TÜV_neu,privat,Angebot,11699,test,kombi,2005,manuell,140,,150000,5,diesel,audi,nein,2016-03-21 00:00:00,0,37115,2016-04-05 22:45:42
242516,2016-03-13 02:56:59,Opel_Vectra_1_6_Wenig_km._Sehr_gepflegt.,privat,Angebot,4900,control,limousine,2007,manuell,105,vectra,90000,5,benzin,opel,nein,2016-03-13 00:00:00,0,90459,2016-04-06 13:46:14
32139,2016-03-19 16:38:21,Toyota_corolla_rechtslenker_mit_2_Jahren_deutschen_TÜV_gruene_Plak,privat,Angebot,1850,test,,2018,manuell,90,corolla,100000,9,,toyota,,2016-03-19 00:00:00,0,33014,2016-03-19 16:38:21
164814,2016-03-12 08:36:23,BMW_316i,privat,Angebot,550,control,limousine,1996,manuell,102,3er,150000,6,benzin,bmw,nein,2016-03-12 00:00:00,0,85250,2016-03-28 00:47:33
349127,2016-03-19 01:49:20,Volkswagen_so_KFZ_.WOHNMOBILE,privat,Angebot,2650,control,bus,1989,manuell,69,transporter,150000,10,diesel,volkswagen,nein,2016-03-18 00:00:00,0,24103,2016-03-23 22:17:19
202187,2016-03-08 17:49:18,Audi_A6_2.6_Quattro__TÜV_bis_9/2017_!!!,privat,Angebot,1400,control,limousine,1995,manuell,165,a6,150000,10,benzin,audi,nein,2016-03-08 00:00:00,0,49479,2016-03-15 03:45:33
289832,2016-03-26 22:47:03,Opel_Astra_G_Cabrio_1.6__16V,privat,Angebot,3990,test,cabrio,2005,manuell,103,astra,125000,3,benzin,opel,,2016-03-26 00:00:00,0,51597,2016-04-04 14:18:03
169390,2016-03-08 17:48:55,Audi_S3_1.8_T_quattro,privat,Angebot,13490,control,limousine,2001,manuell,209,andere,70000,2,benzin,audi,nein,2016-03-08 00:00:00,0,2991,2016-04-07 07:46:50
334075,2016-03-08 18:53:56,BMW_316_ti_compakt_M_Paket,privat,Angebot,1650,test,kleinwagen,2003,manuell,115,3er,150000,1,benzin,bmw,nein,2016-03-08 00:00:00,0,86672,2016-03-08 18:53:56
159890,2016-03-11 23:58:08,Mercedes_Benz_C_180_T_Kompressor_Automatik,privat,Angebot,11550,test,kombi,2006,automatik,143,c_klasse,150000,4,benzin,mercedes_benz,nein,2016-03-11 00:00:00,0,13467,2016-04-05 19:45:18
35982,2016-03-19 15:54:37,Mercedes_Benz_A_140_Classic_TÜV_10/16_Top,privat,Angebot,1200,control,limousine,1997,manuell,82,a_klasse,125000,10,benzin,mercedes_benz,nein,2016-03-19 00:00:00,0,80999,2016-04-07 00:46:45
237460,2016-03-26 21:50:41,Volkswagen_Touran_1.4_TSI_United,privat,Angebot,5500,control,bus,2009,manuell,140,touran,150000,5,benzin,volkswagen,ja,2016-03-26 00:00:00,0,72766,2016-03-30 02:15:34
290901,2016-03-23 20:47:44,Volkswagen_Golf_1.9_TDI,privat,Angebot,700,test,limousine,1999,manuell,90,golf,150000,2,diesel,volkswagen,ja,2016-03-23 00:00:00,0,32683,2016-03-23 20:47:44
245157,2016-03-28 22:51:14,Opel_Tigra_1_4Liter_TÜV02/2018_Leder_Klima__Motor/Getriebe_Top,privat,Angebot,1199,control,kleinwagen,1998,manuell,90,tigra,150000,11,benzin,opel,nein,2016-03-28 00:00:00,0,42699,2016-04-01 12:15:33
93647,2016-04-02 09:54:35,Audi_Rs_3_Top_..,privat,Angebot,33100,control,,2012,automatik,340,a3,50000,9,,audi,,2016-04-02 00:00:00,0,73466,2016-04-06 08:16:40
121033,2016-03-22 15:49:55,Bmw_325d_pdf_Automatik_Checkheft_M_Packet,privat,Angebot,10000,control,limousine,2007,automatik,197,3er,150000,8,diesel,bmw,nein,2016-03-22 00:00:00,0,21217,2016-04-06 05:45:28
105250,2016-03-11 22:40:57,Hyundai_i20_1.2_Comfort,privat,Angebot,5300,control,kleinwagen,2009,manuell,77,i_reihe,90000,3,benzin,hyundai,nein,2016-03-11 00:00:00,0,26844,2016-04-06 11:17:24
261611,2016-04-01 14:51:29,MINI_PEPPER/KLIMA/PDC/ALU/InspekNeu/CHECK/TÜV,privat,Angebot,6900,test,cabrio,2004,manuell,90,one,125000,9,benzin,mini,nein,2016-04-01 00:00:00,0,22305,2016-04-07 12:15:35
172881,2016-03-17 21:47:47,Renault_Laguna_1_8_16_V_Zu_Verkaufen,privat,Angebot,750,test,limousine,2003,manuell,120,laguna,150000,10,benzin,renault,nein,2016-03-17 00:00:00,0,51545,2016-03-17 21:47:47
358306,2016-03-05 17:56:06,Mercedes_Benz_C_180_T_CGI__BlueEFFICIENCY_Avantgarde__Amg,privat,Angebot,15000,test,kombi,2011,automatik,156,c_klasse,70000,3,benzin,mercedes_benz,nein,2016-03-05 00:00:00,0,38440,2016-03-11 16:44:21
115187,2016-03-15 08:55:46,BMW_320i,privat,Angebot,1850,test,limousine,1991,manuell,150,3er,150000,3,benzin,bmw,nein,2016-03-15 00:00:00,0,35066,2016-03-16 04:16:50
198858,2016-03-23 22:52:55,Mazda_626_2.0_TD_Sport_Ahk+gruene_Plakette_,privat,Angebot,999,test,kombi,2003,manuell,121,6_reihe,150000,1,diesel,mazda,nein,2016-03-23 00:00:00,0,30823,2016-04-04 14:15:58
345927,2016-03-19 15:55:51,Audi_A4_Avant_1.9_TDI,privat,Angebot,5600,control,kombi,2003,manuell,131,a4,150000,6,diesel,audi,nein,2016-03-19 00:00:00,0,86462,2016-03-30 10:18:39
261081,2016-03-18 08:47:02,Mercedes_Benz_Viano_2.2_CDI,privat,Angebot,11500,test,bus,2005,manuell,150,viano,150000,12,diesel,mercedes_benz,nein,2016-03-18 00:00:00,0,74564,2016-04-05 22:15:39
357105,2016-04-01 17:55:17,Smart_smart_fortwo_coupe,privat,Angebot,14000,test,kleinwagen,2015,automatik,90,fortwo,5000,7,benzin,smart,nein,2016-04-01 00:00:00,0,90469,2016-04-05 13:44:53
260694,2016-03-20 22:38:17,Opel_Vertra,privat,Angebot,900,test,kombi,2001,manuell,0,vectra,150000,10,benzin,opel,,2016-03-20 00:00:00,0,59821,2016-04-07 09:45:10
64000,2016-03-23 08:50:42,Mitsubishi_Pajero_Pinin_1.8_TÜV/AU_Neu_Klima+AHK_Top_Zust.,privat,Angebot,3800,control,suv,2003,manuell,114,andere,100000,12,benzin,mitsubishi,nein,2016-03-23 00:00:00,0,70435,2016-03-24 15:46:11
213909,2016-03-15 23:56:15,Volkswagen_Golf_1.9_TDI,privat,Angebot,2699,control,limousine,2000,manuell,116,golf,150000,11,diesel,volkswagen,nein,2016-03-15 00:00:00,0,31135,2016-03-23 18:45:02
142821,2016-04-02 22:38:54,Volkswagen_Tiguan_1.4_TSI_4Motion_Track_&_Field,privat,Angebot,11989,test,suv,2008,manuell,150,tiguan,125000,3,benzin,volkswagen,nein,2016-04-02 00:00:00,0,24242,2016-04-07 00:45:39
17203,2016-04-01 13:48:39,Mercedes_Benz_E_220_CDI_T_Modell_E_Klasse_gruene_Plakette_2te_Hand,privat,Angebot,2600,test,kombi,1999,automatik,105,e_klasse,150000,6,diesel,mercedes_benz,nein,2016-04-01 00:00:00,0,67368,2016-04-07 10:45:33
315580,2016-03-31 09:13:24,Bmw_e46_318_tuev_neu_127000km_Tausch_gegen_opel_corsa_c,privat,Angebot,1850,control,,2018,manuell,118,,150000,5,,bmw,nein,2016-03-29 00:00:00,0,56249,2016-03-31 16:29:46
356177,2016-04-03 14:46:12,Renault_Kangoo_1.6_16V,privat,Angebot,3800,test,bus,2006,manuell,95,kangoo,125000,8,benzin,renault,nein,2016-04-03 00:00:00,0,59071,2016-04-05 13:45:44
156606,2016-03-14 12:48:57,verkaufe_Mercedes_C_Klasse_Kompressor_top_Zustand__wenig_KM_!!!,privat,Angebot,5000,test,limousine,2003,automatik,0,c_klasse,100000,12,benzin,mercedes_benz,nein,2016-03-14 00:00:00,0,24582,2016-03-26 05:45:49
69132,2016-04-04 00:32:16,Renault_Megane_1.6_16V_100_TomTom_Edition,privat,Angebot,7100,test,limousine,2011,manuell,101,megane,40000,9,benzin,renault,nein,2016-04-04 00:00:00,0,35440,2016-04-05 12:12:23
86848,2016-03-13 19:37:53,Mondeo_Turnier_2.2_TDCi_Titanium_S_Navi_Bi_Xenon,privat,Angebot,7000,control,kombi,2011,manuell,200,mondeo,50000,3,diesel,ford,nein,2016-03-13 00:00:00,0,10115,2016-03-13 19:37:53
223430,2016-03-24 20:57:18,Smart_Motor_Überholt__Automatik_Klima_Sitzheizung_Panorama,privat,Angebot,1799,test,kleinwagen,2002,automatik,61,fortwo,150000,11,benzin,smart,nein,2016-03-24 00:00:00,0,63457,2016-03-28 00:18:31
94714,2016-03-17 19:58:34,Peugeot_206_135_S16_HU_07.17__8_fach_bereift,privat,Angebot,1390,control,kleinwagen,1999,manuell,135,2_reihe,150000,9,benzin,peugeot,nein,2016-03-17 00:00:00,0,26810,2016-04-03 08:18:13
237435,2016-04-03 16:50:50,BMW_125i_Coupe_Aut.,privat,Angebot,15500,control,coupe,2009,automatik,218,1er,150000,1,benzin,bmw,nein,2016-04-03 00:00:00,0,66740,2016-04-05 16:46:03
362691,2016-03-26 15:57:22,Peugeot_107_70_Petit_Filou,privat,Angebot,3350,test,kleinwagen,2009,manuell,68,1_reihe,60000,5,benzin,peugeot,nein,2016-03-26 00:00:00,0,13435,2016-03-29 18:47:34
108309,2016-03-29 17:52:13,Opel_Astra_twinport_1.6,privat,Angebot,3500,control,,2018,manuell,105,astra,150000,0,,opel,nein,2016-03-29 00:00:00,0,77955,2016-04-04 02:45:30
90553,2016-03-23 23:25:22,Chevrolet_Matiz_1.0_SX,privat,Angebot,1690,control,kleinwagen,2009,manuell,67,matiz,150000,4,benzin,chevrolet,nein,2016-03-23 00:00:00,0,55246,2016-03-28 20:48:14
39603,2016-03-14 19:45:27,AUDI_A4_2.5_TDI__V6_Motor_,privat,Angebot,3400,control,limousine,2000,manuell,155,a4,150000,9,diesel,audi,nein,2016-03-14 00:00:00,0,44319,2016-04-02 06:47:22
298395,2016-03-10 14:45:11,Volkswagen_Passat_Variant_1.9_TDI_Comfortline_Family,privat,Angebot,2999,test,kombi,2004,manuell,131,passat,150000,6,diesel,volkswagen,nein,2016-03-10 00:00:00,0,25797,2016-03-29 04:15:56
353137,2016-03-20 20:50:37,Mercedes_Benz_CLK_Cabrio_320_Elegance,privat,Angebot,5790,test,cabrio,1999,automatik,218,clk,150000,12,benzin,mercedes_benz,nein,2016-03-20 00:00:00,0,73575,2016-04-03 04:48:35
226786,2016-03-30 14:56:55,Opel_Astra_2.0_Turbo_Sport_Vollausststtung,privat,Angebot,2999,control,limousine,2004,manuell,170,astra,150000,11,benzin,opel,nein,2016-03-30 00:00:00,0,86465,2016-04-01 09:15:32
23089,2016-04-02 06:37:05,SUCHE_OPEL_KADETT_E_MIT_EINEM_ROSTFREIEM_HECK.,privat,Angebot,0,test,,1990,,0,kadett,60000,0,,opel,,2016-04-02 00:00:00,0,17375,2016-04-06 07:15:30
161433,2016-03-27 17:54:32,Audi_A3_1_9_TDI,privat,Angebot,2300,test,andere,2003,manuell,105,a3,150000,10,diesel,audi,,2016-03-27 00:00:00,0,23552,2016-03-27 18:42:06
263474,2016-03-17 15:06:35,Golf_2_0_Diesel_Individual_NAVI,privat,Angebot,2900,control,limousine,2005,manuell,0,golf,150000,7,diesel,volkswagen,,2016-03-17 00:00:00,0,55118,2016-03-17 16:06:43
276764,2016-03-24 19:57:25,Peugeot_605_6_Zylinder_1._Besitzer,privat,Angebot,750,control,limousine,1991,manuell,167,andere,125000,4,benzin,peugeot,nein,2016-03-24 00:00:00,0,36199,2016-04-05 13:16:35
368968,2016-03-19 16:44:20,Opel_Insignia_2.0_CDTI_Sports_Tourer_ecoflex__TÜV_NEU,privat,Angebot,11399,test,kombi,2011,manuell,160,insignia,150000,2,diesel,opel,nein,2016-03-19 00:00:00,0,89335,2016-04-07 02:15:34
122676,2016-04-01 15:42:01,MINI_Cooper_Cabrio,privat,Angebot,5900,test,cabrio,2005,manuell,116,cooper,150000,5,benzin,mini,nein,2016-04-01 00:00:00,0,53604,2016-04-07 12:46:29
32615,2016-03-15 11:37:59,BMW_335i,privat,Angebot,29500,test,kombi,2010,manuell,385,3er,100000,2,benzin,bmw,nein,2016-03-15 00:00:00,0,86668,2016-04-05 20:46:38
181643,2016-03-23 22:51:37,Seat_Ibiza_1.2_TSI_i_Tech,privat,Angebot,13000,test,kleinwagen,2014,manuell,105,ibiza,20000,10,benzin,seat,nein,2016-03-23 00:00:00,0,85617,2016-04-06 06:46:22
298248,2016-03-23 09:54:03,Verkaufe_Audi_A3,privat,Angebot,600,test,limousine,1999,manuell,101,a3,150000,4,benzin,audi,ja,2016-03-23 00:00:00,0,96052,2016-03-23 09:54:03
277488,2016-03-09 19:36:22,Volkswagen_Polo_|_119.000km_|_4_TÜRER_|_8_fach_|_TÜV_|,privat,Angebot,1350,test,kleinwagen,1998,,60,polo,125000,6,benzin,volkswagen,,2016-03-09 00:00:00,0,78098,2016-03-17 23:44:44
303281,2016-03-08 14:57:24,Audi_80_b3_guter_Zustand_Tuev_10/17,privat,Angebot,1400,test,,1995,manuell,113,80,150000,4,benzin,audi,ja,2016-03-08 00:00:00,0,28357,2016-03-27 01:45:38
162880,2016-03-22 19:46:19,Suzuki_LJ_80_Gelaendewagen,privat,Angebot,3800,test,suv,1980,manuell,40,andere,80000,2,benzin,suzuki,ja,2016-03-22 00:00:00,0,94036,2016-03-28 10:47:03
218063,2016-03-18 14:25:24,Mercedes_Benz_C_320_CDI_DPF_7G_TRONIC_Avantgarde,privat,Angebot,22999,control,limousine,2009,automatik,224,c_klasse,70000,10,diesel,mercedes_benz,nein,2016-03-18 00:00:00,0,56333,2016-04-05 13:19:00
369913,2016-03-14 17:47:40,Mercedes_Benz_A_160_CDI_Classic_DPF,privat,Angebot,4950,test,limousine,2006,manuell,82,a_klasse,125000,1,diesel,mercedes_benz,nein,2016-03-14 00:00:00,0,63739,2016-03-14 17:47:40
252225,2016-03-25 15:56:29,BMW_335d_M_Paket,privat,Angebot,22990,test,limousine,2008,automatik,286,3er,125000,7,diesel,bmw,nein,2016-03-25 00:00:00,0,42897,2016-03-31 23:47:14
297543,2016-03-20 09:51:05,Honda_Jazz_Automatik,privat,Angebot,2950,control,kleinwagen,2003,automatik,83,jazz,125000,3,benzin,honda,nein,2016-03-16 00:00:00,0,56472,2016-04-01 18:47:11
357935,2016-03-23 15:25:20,Opel_combo,privat,Angebot,999,control,,2016,manuell,0,combo,150000,7,,opel,nein,2016-03-23 00:00:00,0,55129,2016-03-25 13:11:36
183739,2016-03-16 11:42:17,Citroen_Berlingo_MwSt._Ausweisbar,privat,Angebot,4900,test,kombi,2009,manuell,90,,125000,6,,citroen,nein,2016-03-16 00:00:00,0,22869,2016-04-06 02:15:38
99648,2016-03-27 00:46:18,Leasinguebernahme_Volvo_XC60_D4_FWD_Summum,privat,Angebot,414,test,suv,2014,manuell,181,xc_reihe,30000,11,diesel,volvo,nein,2016-03-26 00:00:00,0,81541,2016-04-06 23:16:20
68221,2016-03-31 14:55:51,Hyundai_Getz_1.1,privat,Angebot,3000,control,kleinwagen,2007,manuell,75,getz,100000,3,benzin,hyundai,nein,2016-03-31 00:00:00,0,49429,2016-04-06 08:16:52
7383,2016-03-11 19:37:19,Volkswagen_Golf_1.4_TSI,privat,Angebot,10400,test,limousine,2009,manuell,122,golf,90000,3,benzin,volkswagen,nein,2016-03-11 00:00:00,0,7768,2016-03-25 03:18:14
19649,2016-03-17 21:45:29,Citroën_Grand_C4_Picasso!!7SITZER!!TOP!!ZUSTAND!!,privat,Angebot,4990,test,bus,2009,manuell,109,andere,150000,2,diesel,citroen,nein,2016-03-17 00:00:00,0,52080,2016-04-07 11:44:23
185790,2016-03-27 21:47:50,Audi_R8_4S,privat,Angebot,72000,test,coupe,2015,manuell,540,andere,90000,5,benzin,audi,nein,2016-03-27 00:00:00,0,20097,2016-04-05 20:47:16
221449,2016-03-29 15:58:02,Fiat_Panda_1.2_4x4_Climbing,privat,Angebot,4600,control,kleinwagen,2005,manuell,60,panda,100000,4,benzin,fiat,nein,2016-03-29 00:00:00,0,78089,2016-04-06 02:16:27
73209,2016-03-27 01:57:42,Volkswagen_Passat_1.6,privat,Angebot,4200,test,limousine,2002,manuell,102,passat,125000,1,benzin,volkswagen,nein,2016-03-27 00:00:00,0,1796,2016-04-07 01:45:36
328371,2016-03-22 21:53:05,BMW_520i_E39_M_Technik_Xenon_Navi_TÜV_Neu_AHK,privat,Angebot,2399,control,limousine,1999,manuell,150,5er,150000,3,benzin,bmw,nein,2016-03-22 00:00:00,0,96515,2016-04-06 18:18:05
82275,2016-03-06 22:48:14,Skoda_Octavia_2.0_TDI_DPF_DSG_Ambition,privat,Angebot,14000,control,limousine,2012,automatik,140,octavia,60000,1,diesel,skoda,nein,2016-03-06 00:00:00,0,91189,2016-04-05 16:47:18
207165,2016-03-25 11:44:19,Audi_A3_1.8,privat,Angebot,1190,test,limousine,1997,manuell,125,a3,150000,7,benzin,audi,nein,2016-03-25 00:00:00,0,21031,2016-04-06 11:45:47
7355,2016-03-24 14:54:39,TOP_ZUSTAND_Golf_4_TÜV_3_2018,privat,Angebot,1400,test,limousine,1998,,75,golf,150000,10,benzin,volkswagen,,2016-03-24 00:00:00,0,74586,2016-04-07 07:16:54
187048,2016-03-05 16:36:57,BMW_118,privat,Angebot,7250,control,kleinwagen,2008,manuell,143,1er,150000,12,diesel,bmw,nein,2016-03-05 00:00:00,0,81371,2016-03-11 02:46:47
196939,2016-04-01 11:49:48,Volkswagen_Fox,privat,Angebot,2800,test,kleinwagen,2009,manuell,55,fox,150000,2,benzin,volkswagen,nein,2016-04-01 00:00:00,0,24943,2016-04-07 08:17:17
253360,2016-03-05 19:47:21,Renault_Megane,privat,Angebot,650,test,limousine,2001,manuell,107,megane,150000,11,benzin,renault,ja,2016-03-05 00:00:00,0,33378,2016-03-06 04:15:28
305137,2016-03-08 02:00:45,BMW_318_Ci,privat,Angebot,7900,control,cabrio,2003,manuell,143,3er,125000,3,benzin,bmw,nein,2016-03-08 00:00:00,0,80933,2016-03-17 05:46:46
247762,2016-03-19 14:57:08,Mercedes_Benz_E_220_T,privat,Angebot,2500,test,kombi,1994,manuell,150,e_klasse,150000,4,benzin,mercedes_benz,nein,2016-03-19 00:00:00,0,59590,2016-03-27 05:16:35
205578,2016-03-09 18:41:49,RENAULT_MEGANE_2.0__/_LEDER_/_NAVI_/_KLIMA_/_TUNING_USW,privat,Angebot,1800,test,kleinwagen,2003,manuell,131,megane,150000,10,benzin,renault,,2016-03-09 00:00:00,0,47799,2016-03-21 00:45:52
238811,2016-04-04 19:50:53,BMW_335i_zuverkaufen,privat,Angebot,11000,test,limousine,2008,automatik,306,3er,90000,6,benzin,bmw,nein,2016-04-04 00:00:00,0,1328,2016-04-04 19:50:53
348706,2016-03-17 22:50:52,Audi_Audi_tt_8j_Miltek_AGA_DP_S_line.,privat,Angebot,11999,test,coupe,2006,manuell,200,tt,80000,4,benzin,audi,nein,2016-03-17 00:00:00,0,33106,2016-04-05 16:45:02
108636,2016-03-05 23:54:51,Mercedes_Benz_208_D__Verkaufswagen_Guten_Zustand,privat,Angebot,1850,control,bus,1996,manuell,79,sprinter,100000,6,diesel,mercedes_benz,nein,2016-03-05 00:00:00,0,46419,2016-03-06 04:49:42
297042,2016-04-03 19:40:12,Mercedes_Benz_C_240_Sport,privat,Angebot,1799,test,kombi,1997,manuell,170,c_klasse,150000,7,benzin,mercedes_benz,nein,2016-04-03 00:00:00,0,72800,2016-04-05 20:15:47
33140,2016-04-04 16:43:31,BMW_316i,privat,Angebot,1490,test,coupe,1996,manuell,102,3er,150000,12,benzin,bmw,nein,2016-04-04 00:00:00,0,58730,2016-04-06 18:17:06
242426,2016-03-24 12:57:07,Vw_Polo_6n2_1.4_Automatik_5_Tuerer_Tuev_neu_E_Faltdach_Sitztheizung,privat,Angebot,2500,test,,2018,automatik,60,polo,150000,3,benzin,volkswagen,nein,2016-03-24 00:00:00,0,13581,2016-04-05 02:15:23
264332,2016-03-27 16:38:37,Citroën_C4_HDi_110_FAP_EGS6_Exclusive,privat,Angebot,4450,test,limousine,2009,automatik,109,c4,150000,9,diesel,citroen,nein,2016-03-27 00:00:00,0,54636,2016-04-05 11:47:02
360157,2016-03-17 18:36:56,FORD_FOCUS_ST_2_5___TOP_GEPFLEGT___WENIG_KILOMETER,privat,Angebot,12200,control,limousine,2006,manuell,226,focus,20000,8,benzin,ford,nein,2016-03-17 00:00:00,0,1855,2016-03-30 14:45:10
307480,2016-03-15 10:55:35,Vw_Caddy_2kn_1_9_TDI_105_PS,privat,Angebot,7200,control,,2017,manuell,105,caddy,150000,12,,volkswagen,,2016-03-15 00:00:00,0,48480,2016-03-17 05:16:28
331131,2016-03-27 00:45:02,Kia_Sorento_2.5_CRDi_Aut._LX,privat,Angebot,5499,test,suv,2004,automatik,140,sorento,150000,9,diesel,kia,nein,2016-03-26 00:00:00,0,84030,2016-04-07 00:44:24
71617,2016-03-21 21:50:07,Ford_Fiesta_Ghia_Servo**KILIMA**_kein_TÜV,privat,Angebot,170,control,kleinwagen,1996,manuell,75,fiesta,125000,10,benzin,ford,nein,2016-03-21 00:00:00,0,38226,2016-04-07 02:16:13
336792,2016-04-04 22:57:24,BMW_Isetta_250_ccm_1958,privat,Angebot,5000,test,limousine,1958,,0,andere,30000,10,,bmw,nein,2016-04-04 00:00:00,0,24805,2016-04-04 23:39:51
72915,2016-03-17 12:50:57,Volkswagen_Golf_GTI_Performance_BlueMotion_Technology_DSG,privat,Angebot,23750,test,limousine,2013,automatik,230,golf,60000,5,benzin,volkswagen,nein,2016-03-17 00:00:00,0,31812,2016-03-28 13:44:41
162738,2016-03-19 11:47:21,Ford_Transit_Doka_mit_TÜV,privat,Angebot,1350,test,andere,1992,manuell,71,transit,150000,0,diesel,ford,,2016-03-19 00:00:00,0,39326,2016-04-06 14:16:56
251704,2016-04-03 09:02:17,Hyundai_Coupe_2.0,privat,Angebot,6199,test,coupe,2008,manuell,143,andere,90000,4,benzin,hyundai,nein,2016-04-03 00:00:00,0,55118,2016-04-06 16:17:55
346458,2016-03-16 16:56:17,Eclipse_TÜV_05/2016,privat,Angebot,550,control,coupe,1993,manuell,150,,150000,4,,mitsubishi,ja,2016-03-16 00:00:00,0,71126,2016-03-20 17:17:05
319855,2016-03-15 09:53:47,zafira_opc_mit_neuteile,privat,Angebot,1400,control,,2017,,240,zafira,150000,0,,opel,,2016-03-15 00:00:00,0,89584,2016-03-23 15:49:43
363036,2016-04-02 21:43:24,Opel_Corsa_1.4_16V_Sport,privat,Angebot,1450,test,kleinwagen,2005,manuell,90,corsa,150000,9,benzin,opel,ja,2016-04-02 00:00:00,0,44145,2016-04-06 22:16:36
269019,2016-03-20 01:37:00,Opel_Astra,privat,Angebot,3950,test,cabrio,2004,manuell,147,astra,125000,5,benzin,opel,nein,2016-03-20 00:00:00,0,86637,2016-03-25 06:17:59
334421,2016-03-17 17:46:34,HONDA_CRX_DEL_SOL__OHNE_MOTOR,privat,Angebot,700,control,cabrio,1996,manuell,125,,150000,4,benzin,honda,nein,2016-03-17 00:00:00,0,4654,2016-04-07 03:46:26
182011,2016-03-25 18:53:24,Suche_Auto_Kleinwagen_mit_TÜV._Stadtflitzer_bis_600€,privat,Angebot,600,test,,2000,,0,,100000,10,,sonstige_autos,,2016-03-25 00:00:00,0,3055,2016-03-25 18:53:24
276711,2016-03-08 09:37:36,Volkswagen_Touran_2.0_TDI,privat,Angebot,3499,control,bus,2003,manuell,136,touran,150000,3,diesel,volkswagen,nein,2016-03-08 00:00:00,0,96224,2016-03-11 11:44:40
305,2016-03-18 21:37:39,Verkaufe_Renault_Megane_Classic_mit_Klima,privat,Angebot,890,control,limousine,2000,manuell,107,megane,150000,6,benzin,renault,ja,2016-03-18 00:00:00,0,41065,2016-03-18 21:37:39
73124,2016-04-04 13:55:19,3Bg_Passat_Diesel_1_9_TDI_131Ps_AHK_Klima_Tuev_11/17,privat,Angebot,3590,control,,2017,manuell,131,passat,150000,6,,volkswagen,nein,2016-04-04 00:00:00,0,18209,2016-04-06 15:16:47
291228,2016-03-30 15:56:39,B_200_CDI_DPF_Special_Edition,privat,Angebot,3500,test,limousine,2008,,0,b_klasse,150000,9,diesel,mercedes_benz,nein,2016-03-30 00:00:00,0,48143,2016-03-30 15:56:39
316680,2016-03-14 20:25:17,Astra_G_Sportive_Bj._1998_mit_TÜV_/_Kaputte_Zylinderkopfdichtung,privat,Angebot,599,test,,2017,manuell,101,astra,150000,0,benzin,opel,ja,2016-03-14 00:00:00,0,57635,2016-03-17 10:18:28
199264,2016-03-24 19:48:19,Mercedes_Benz_Vito_109_CDI_Extralang__9_Sitze__Klima__PDC__AHK,privat,Angebot,4990,control,kombi,2004,manuell,88,vito,150000,3,diesel,mercedes_benz,ja,2016-03-24 00:00:00,0,1796,2016-03-26 05:17:05
150593,2016-03-11 19:52:11,Volkswagen_Golf_1.6_Trendline,privat,Angebot,5900,test,limousine,2007,manuell,102,golf,150000,7,benzin,volkswagen,nein,2016-03-11 00:00:00,0,28844,2016-03-17 07:16:24
298790,2016-03-10 11:57:21,BMW_X1_xDrive18d__8fach_Bereifung_alle_mit_ALU,privat,Angebot,15490,test,limousine,2011,manuell,143,x_reihe,125000,11,diesel,bmw,nein,2016-03-10 00:00:00,0,53940,2016-03-17 18:18:47
98634,2016-03-26 13:46:43,BMW_328_i_Cabrio_e36,privat,Angebot,3600,control,cabrio,1996,manuell,0,3er,150000,0,benzin,bmw,nein,2016-03-26 00:00:00,0,63526,2016-03-26 13:46:43
285213,2016-03-15 21:38:25,Volkswagen_Polo_50_Servo,privat,Angebot,550,control,kleinwagen,1997,manuell,50,polo,150000,12,benzin,volkswagen,nein,2016-03-15 00:00:00,0,23556,2016-04-07 04:46:38
334679,2016-03-29 19:36:44,Bmw_523i_Leder_Tempomat_etc.,privat,Angebot,1650,control,limousine,1999,manuell,170,5er,150000,8,benzin,bmw,,2016-03-29 00:00:00,0,97422,2016-03-29 19:36:44
291622,2016-04-01 00:36:18,Polo_86c_zu_verkaufen,privat,Angebot,300,test,kleinwagen,1990,manuell,0,polo,150000,0,,volkswagen,,2016-04-01 00:00:00,0,34266,2016-04-01 08:44:54
112609,2016-04-04 14:59:06,Porsche_996,privat,Angebot,31000,test,coupe,1998,manuell,300,911,125000,10,benzin,porsche,nein,2016-04-04 00:00:00,0,82131,2016-04-06 16:17:53
42359,2016-04-05 08:55:24,Opel_Astra_1.7_CDTI_Caravan_DPF,privat,Angebot,6500,test,kombi,2008,manuell,125,astra,150000,6,diesel,opel,nein,2016-04-05 00:00:00,0,4209,2016-04-07 12:16:33
194570,2016-03-09 14:54:51,Volkswagen_Passat_Variant_1.9_TDI,privat,Angebot,2999,test,kombi,2005,manuell,101,passat,150000,7,diesel,volkswagen,nein,2016-03-09 00:00:00,0,63071,2016-03-15 00:15:54
70985,2016-03-17 20:37:20,Golf_4_Sondermodel_!!!!!,privat,Angebot,2300,control,,2017,manuell,0,golf,150000,3,benzin,volkswagen,nein,2016-03-17 00:00:00,0,38259,2016-03-20 23:16:26
309543,2016-03-21 22:54:44,Ford_Fiesta_Ambiente_weiss_Diesel_inkl._Winterreeifen,privat,Angebot,3500,control,limousine,2009,manuell,79,fiesta,125000,9,diesel,ford,ja,2016-03-21 00:00:00,0,66954,2016-03-27 13:47:44
37765,2016-03-30 13:53:25,BMW_325i,privat,Angebot,3800,test,limousine,2000,manuell,192,3er,150000,12,benzin,bmw,nein,2016-03-30 00:00:00,0,79098,2016-04-07 05:15:27
357960,2016-03-29 19:52:39,Peugeot_207_cc_VTi_Sport,privat,Angebot,6900,control,cabrio,2008,manuell,120,2_reihe,70000,6,benzin,peugeot,nein,2016-03-29 00:00:00,0,25469,2016-04-06 06:15:47
142210,2016-03-08 14:52:56,Volkswagen_Golf_2.0_GTI,privat,Angebot,6999,test,limousine,2005,manuell,200,golf,150000,4,benzin,volkswagen,nein,2016-03-08 00:00:00,0,22851,2016-04-06 03:17:24
133600,2016-04-02 10:37:03,Zu_verkaufen__Renault__twingo__TÜV__6_16,privat,Angebot,800,test,kleinwagen,2000,,0,twingo,20000,6,benzin,renault,,2016-04-02 00:00:00,0,6502,2016-04-02 10:37:03
142991,2016-04-04 22:48:51,daewoo_matiz_tuev_11/2017_sehr_sparsam_zahnriemen_wurde_gemacht,privat,Angebot,999,test,,2017,manuell,53,matiz,150000,2,benzin,daewoo,nein,2016-04-04 00:00:00,0,51061,2016-04-04 22:48:51
254099,2016-03-29 15:56:35,Gepflegter_Nissan_Micra_Automatik_+_Servolenkung,privat,Angebot,999,control,kleinwagen,1994,automatik,54,micra,125000,11,benzin,nissan,nein,2016-03-29 00:00:00,0,45329,2016-03-29 15:56:35
124415,2016-04-04 22:45:44,Verkaufe_meinen_Ford_Mondeo_V6_Hu/AU_12/17,privat,Angebot,750,test,limousine,1995,manuell,174,mondeo,150000,6,benzin,ford,nein,2016-04-04 00:00:00,0,57368,2016-04-07 01:17:47
152276,2016-03-17 03:36:34,Peugeot_Partner_2006_1.6_hdi_Motorschaden,privat,Angebot,990,control,kombi,2006,manuell,0,andere,150000,0,,peugeot,ja,2016-03-17 00:00:00,0,67593,2016-03-17 05:37:15
180970,2016-03-12 09:37:36,Volkswagen_Passat_1.6_Kombi_mit_Schiebedach_und_AHK!!__TÜV_11/16,privat,Angebot,1450,control,kombi,1997,manuell,101,passat,150000,7,benzin,volkswagen,,2016-03-12 00:00:00,0,26556,2016-03-16 09:15:10
104270,2016-03-19 17:55:28,Skoda_Roomster_1.2_Ambition_PLUS_EDITION,privat,Angebot,9700,control,bus,2013,manuell,69,roomster,40000,6,benzin,skoda,nein,2016-03-19 00:00:00,0,72270,2016-03-24 13:18:47
273158,2016-03-27 21:50:21,VW_Passat_35i_original_93000_km__Automatik,privat,Angebot,400,test,limousine,1992,automatik,90,passat,100000,10,benzin,volkswagen,nein,2016-03-27 00:00:00,0,58256,2016-03-27 22:39:57
320409,2016-03-21 19:58:45,Bmw_520_diesel_kombi_136PS,privat,Angebot,2444,test,kombi,2002,manuell,137,5er,150000,7,diesel,bmw,nein,2016-03-21 00:00:00,0,93309,2016-04-02 22:15:53
75470,2016-03-12 19:43:20,Seat_Altea_1.8__T_FSI__TSI_Sport_Limited,privat,Angebot,1,test,limousine,2009,manuell,160,altea,100000,1,benzin,seat,nein,2016-03-12 00:00:00,0,45896,2016-04-07 14:57:53
334534,2016-03-14 21:48:33,Audi_A1_1.4_TFSI_119g_S_tronic_Ambition_LETZTE_CHANCE,privat,Angebot,13000,test,kleinwagen,2010,automatik,122,a1,20000,6,benzin,audi,nein,2016-03-14 00:00:00,0,14552,2016-03-22 20:18:31
234531,2016-03-29 13:00:07,Toyota_aygo_5_Tuerer,privat,Angebot,7850,test,,2016,manuell,0,aygo,30000,2,benzin,toyota,nein,2016-03-29 00:00:00,0,66424,2016-03-31 05:47:18
204835,2016-03-09 21:37:53,Audi_A6__1.Hand__Scheckheft_Klima__Bagatellschaden,privat,Angebot,1450,test,limousine,1991,manuell,101,a6,150000,5,benzin,audi,ja,2016-03-09 00:00:00,0,40667,2016-03-28 02:47:36
107496,2016-03-31 11:49:15,zu_verkaufen,privat,Angebot,750,control,kleinwagen,2001,manuell,60,polo,150000,8,benzin,volkswagen,nein,2016-03-31 00:00:00,0,49811,2016-04-02 06:46:04
313065,2016-03-11 21:45:11,Volkswagen_Passat_1_9_TDI_Klima_Leder_Highline,privat,Angebot,3990,test,kombi,2001,manuell,131,passat,150000,8,diesel,volkswagen,,2016-03-11 00:00:00,0,94118,2016-04-06 06:46:45
109590,2016-03-14 14:50:53,Lada_2100_Oldtimerzulassung,privat,Angebot,600,control,limousine,1976,manuell,0,andere,80000,7,benzin,lada,,2016-03-14 00:00:00,0,6844,2016-04-03 17:18:03
81361,2016-03-10 10:52:33,VW_Pritsche,privat,Angebot,3000,test,andere,1997,manuell,78,andere,150000,0,diesel,volkswagen,,2016-03-10 00:00:00,0,23738,2016-04-07 00:16:24
340150,2016-03-20 10:57:02,Ssangyong_Musso_2_3_LPG__Motorschaden,privat,Angebot,499,control,suv,1998,manuell,140,,150000,1,lpg,sonstige_autos,ja,2016-03-20 00:00:00,0,47574,2016-03-21 13:15:41
186208,2016-04-02 22:58:26,VW_Polo_Kleinwagen,privat,Angebot,2500,test,kleinwagen,2003,manuell,64,polo,150000,11,benzin,volkswagen,nein,2016-04-02 00:00:00,0,25813,2016-04-07 02:46:19
103466,2016-03-25 01:32:34,Volkswagen_Touran_1.9_TDI_Trendline,privat,Angebot,3400,test,bus,2005,manuell,105,touran,150000,6,diesel,volkswagen,nein,2016-03-25 00:00:00,0,61389,2016-03-25 06:01:24
206044,2016-04-03 23:48:48,Toyota_Auris_1.4_VVT_i,privat,Angebot,7090,control,limousine,2009,manuell,101,auris,80000,8,benzin,toyota,nein,2016-04-03 00:00:00,0,48488,2016-04-06 05:17:14
211709,2016-04-04 12:57:01,VW_PASSAT_Variant_2.0_TDI_DPF_103_KW_Baujahr_2006_viele_Extras,privat,Angebot,5750,control,kombi,2006,manuell,140,passat,150000,6,diesel,volkswagen,nein,2016-04-04 00:00:00,0,88630,2016-04-06 14:45:26
104375,2016-03-14 14:42:52,Skoda_Fabia_1.4_16V_Extra,privat,Angebot,2400,control,kleinwagen,2003,manuell,75,fabia,125000,8,benzin,skoda,nein,2016-03-14 00:00:00,0,30855,2016-03-18 01:17:51
293030,2016-04-01 19:38:23,Skoda_Octavia_II_TSI,privat,Angebot,7800,control,kombi,2009,manuell,122,octavia,100000,9,benzin,skoda,nein,2016-04-01 00:00:00,0,51109,2016-04-05 15:44:55
244967,2016-03-20 23:37:41,SUV_GELÄNDEWAGEN_zum_schlachten_oder_herrichten,privat,Angebot,650,control,suv,1995,manuell,116,andere,150000,6,benzin,opel,ja,2016-03-20 00:00:00,0,67468,2016-04-05 19:18:43
122534,2016-03-15 20:57:39,Volkswagen_Golf_1.2_TSI_BlueMotion_Technology,privat,Angebot,14500,test,limousine,2014,manuell,86,golf,20000,6,benzin,volkswagen,nein,2016-03-15 00:00:00,0,94535,2016-04-07 04:46:44
114845,2016-03-09 22:37:19,Dodge_Nitro_3_7_SXT_4x4,privat,Angebot,15500,test,suv,2009,automatik,205,,50000,7,benzin,sonstige_autos,nein,2016-03-09 00:00:00,0,88161,2016-04-07 02:44:19
271046,2016-03-23 21:46:08,BMW_325d_DPF_Touring_Aut._M_Sportpaket_ab_Werk,privat,Angebot,7950,test,kombi,2007,automatik,197,3er,150000,6,diesel,bmw,nein,2016-03-23 00:00:00,0,45130,2016-04-06 03:15:28
268968,2016-03-20 16:47:49,BMW_E39__2_5_td,privat,Angebot,0,test,,2016,automatik,0,5er,150000,0,diesel,bmw,ja,2016-03-20 00:00:00,0,47608,2016-03-20 16:47:49
74977,2016-03-25 16:56:57,Audi_Q5_3.0_TDI_quattro_S_tronic,privat,Angebot,33900,control,limousine,2012,automatik,239,q5,90000,4,diesel,audi,nein,2016-03-25 00:00:00,0,72359,2016-04-06 22:45:02
68058,2016-03-20 13:56:41,Volkswagen_Passat_2.0_TDI_4Motion_BlueMotion_Technol.,privat,Angebot,19200,test,limousine,2014,automatik,140,passat,50000,2,diesel,volkswagen,nein,2016-03-20 00:00:00,0,42389,2016-04-06 15:45:42
224960,2016-03-07 17:39:15,Nisan_primera_Kombi_1.9_dci,privat,Angebot,999,test,kombi,2004,manuell,102,primera,150000,9,diesel,nissan,ja,2016-03-07 00:00:00,0,67269,2016-04-06 05:15:44
285661,2016-04-04 23:51:01,Smart_smart_fortwo_coupe,privat,Angebot,2350,control,kleinwagen,2006,,50,fortwo,70000,11,benzin,smart,nein,2016-04-04 00:00:00,0,12679,2016-04-07 09:15:22
161257,2016-03-23 15:50:06,Mercedes_Benz_CLK_Cabrio_320_CDI_7G_TRONIC_Avantgarde_DPF,privat,Angebot,10800,test,cabrio,2006,automatik,224,clk,150000,12,diesel,mercedes_benz,nein,2016-03-23 00:00:00,0,71229,2016-04-05 19:17:22
244870,2016-04-05 10:46:54,Mercedes_Benz_C_180_Esprit,privat,Angebot,2222,control,limousine,1994,manuell,122,c_klasse,125000,10,benzin,mercedes_benz,nein,2016-04-05 00:00:00,0,79292,2016-04-05 10:46:54
360738,2016-03-21 12:49:45,VW_Passat_3BG_1.9_TDI_DPF_2003_Vollausstattung,privat,Angebot,4000,control,kombi,2003,automatik,131,passat,150000,10,diesel,volkswagen,,2016-03-21 00:00:00,0,50769,2016-04-06 07:45:34
11842,2016-04-02 14:50:37,BMW_335d_Lim._M_Paket,privat,Angebot,19999,test,limousine,2008,automatik,286,3er,125000,7,diesel,bmw,nein,2016-04-02 00:00:00,0,42897,2016-04-04 12:18:13
165787,2016-03-05 14:23:27,BMW_Top_gepflegter_BMW_116_mit_Gasanlage,privat,Angebot,6450,test,limousine,2005,manuell,116,1er,150000,5,lpg,bmw,nein,2016-03-04 00:00:00,0,56269,2016-03-12 12:15:47
237453,2016-03-14 14:00:41,Jeep_Grand_Cherokee_Zj_5_2_V8,privat,Angebot,1650,test,suv,1996,automatik,212,grand,150000,0,,jeep,nein,2016-03-14 00:00:00,0,51709,2016-04-05 16:44:26
368351,2016-03-20 10:38:16,Opel_Astra_H_1.7_CDTI_Caravan_Tempomat__AHK,privat,Angebot,2400,control,kombi,2005,manuell,101,astra,150000,4,diesel,opel,nein,2016-03-20 00:00:00,0,6667,2016-04-06 06:17:40
122995,2016-04-03 17:48:52,Chrysler_Pacifica,privat,Angebot,1500,test,kombi,2008,automatik,253,andere,150000,8,benzin,chrysler,ja,2016-04-03 00:00:00,0,50667,2016-04-05 18:17:17
258599,2016-03-21 19:50:46,ZAFIRA_1_9_CDTI_NAVI,privat,Angebot,2600,test,kombi,2005,,0,zafira,150000,0,diesel,opel,,2016-03-21 00:00:00,0,30169,2016-03-21 19:50:46
347385,2016-04-05 08:54:02,Audi_Q7_3.0_TDI_S_LINE+7_SITZE+BOSE+KEYLESS+PANORAMA,privat,Angebot,29599,test,limousine,2010,automatik,239,q7,150000,5,diesel,audi,nein,2016-04-05 00:00:00,0,38226,2016-04-07 11:44:54
83991,2016-03-16 19:51:37,BMW_320_D_e46,privat,Angebot,4800,test,limousine,2003,automatik,150,3er,150000,6,diesel,bmw,nein,2016-03-16 00:00:00,0,21031,2016-04-07 05:45:44
177673,2016-03-16 06:36:40,Audi_A6_Avant_2_4L_V6_170PS,privat,Angebot,1999,control,kombi,2003,manuell,170,a6,150000,7,benzin,audi,,2016-03-16 00:00:00,0,95444,2016-03-21 09:17:02
345671,2016-03-24 21:48:05,Audi_A6_2.5_TDI,privat,Angebot,999,test,limousine,2000,manuell,150,a6,150000,0,,audi,ja,2016-03-24 00:00:00,0,90584,2016-04-05 15:18:22
286694,2016-03-08 16:55:01,OPEL_CORSA_B_OHNE_TÜV,privat,Angebot,350,test,,2000,manuell,46,corsa,150000,8,benzin,opel,,2016-03-08 00:00:00,0,44623,2016-04-07 03:16:21
97925,2016-03-10 12:56:40,E36_Compact_316i_Gold,privat,Angebot,1699,test,kleinwagen,1995,manuell,102,3er,150000,7,benzin,bmw,,2016-03-10 00:00:00,0,7545,2016-04-07 08:15:48
356748,2016-03-08 19:45:32,Opel_Vectra,privat,Angebot,4350,test,kombi,2006,automatik,150,vectra,150000,1,diesel,opel,nein,2016-03-08 00:00:00,0,29614,2016-03-23 13:47:13
88356,2016-03-18 19:38:15,Volkswagen_Golf_Cabrio_1.6_Generation,privat,Angebot,2899,control,cabrio,2000,manuell,101,golf,150000,6,benzin,volkswagen,nein,2016-03-18 00:00:00,0,84570,2016-04-05 22:46:59
275351,2016-03-18 17:48:59,Ford_Fiesta_Tuev_neu,privat,Angebot,650,test,kleinwagen,1996,manuell,0,,80000,0,,ford,,2016-03-18 00:00:00,0,81379,2016-03-31 21:17:52
10918,2016-03-25 16:56:51,Mercedes_Benz_C_220_CDI_DPF_Automatik,privat,Angebot,11899,control,limousine,2008,automatik,170,c_klasse,150000,7,diesel,mercedes_benz,nein,2016-03-25 00:00:00,0,77963,2016-04-06 22:45:02
250972,2016-03-20 13:54:47,BMW_320d_Aut.GARAGENF.SCHECKH._LEDER_NAVI_LICHTPAKET,privat,Angebot,13700,test,limousine,2008,automatik,177,3er,150000,6,diesel,bmw,nein,2016-03-20 00:00:00,0,63814,2016-04-06 15:45:42
168153,2016-03-25 14:56:35,Fiat_126p,privat,Angebot,1299,control,kleinwagen,1992,manuell,24,,10000,0,benzin,fiat,nein,2016-03-25 00:00:00,0,88281,2016-04-06 18:18:49
302266,2016-03-11 20:48:13,Audi_A4,privat,Angebot,8199,control,cabrio,2003,manuell,174,andere,150000,3,benzin,audi,nein,2016-03-11 00:00:00,0,94089,2016-04-06 04:17:14
298247,2016-03-28 11:54:20,Alfa_Romeo_156_Sportwagon_2.0_Twin_Spark,privat,Angebot,1350,control,kombi,2001,manuell,155,156,150000,3,benzin,alfa_romeo,nein,2016-03-28 00:00:00,0,72415,2016-04-06 14:17:32
202856,2016-03-07 22:48:58,AUDI_A3_1.6__ATTRACTION_Unfallfrei_Top_gepflegt_wenig_Kilometer_,privat,Angebot,7900,test,limousine,2008,manuell,102,a3,80000,6,benzin,audi,nein,2016-03-07 00:00:00,0,85221,2016-04-07 03:15:31
191734,2016-03-09 17:57:49,BMW_e36_/_BMW_316,privat,Angebot,350,test,coupe,1997,manuell,0,3er,150000,11,benzin,bmw,,2016-03-09 00:00:00,0,35619,2016-03-26 04:16:02
253859,2016-03-25 02:36:44,Ford_ka_Baujahr_1997,privat,Angebot,250,control,kleinwagen,1997,manuell,0,,150000,0,benzin,ford,,2016-03-25 00:00:00,0,47608,2016-03-28 06:18:14
298403,2016-03-16 17:57:02,Peugeot_206_90,privat,Angebot,790,control,kleinwagen,1999,manuell,88,2_reihe,150000,8,benzin,peugeot,nein,2016-03-16 00:00:00,0,41751,2016-03-17 16:17:47
177856,2016-03-31 14:36:22,Opel_Vectra_1.6_Selection,privat,Angebot,1950,control,limousine,2001,manuell,101,vectra,125000,10,benzin,opel,nein,2016-03-31 00:00:00,0,48431,2016-04-06 08:16:59
91377,2016-03-07 12:55:55,Ford_Ka_1_3_Klima_TÜV_bis_01/2018,privat,Angebot,1100,test,kleinwagen,2004,manuell,70,ka,125000,3,benzin,ford,nein,2016-03-07 00:00:00,0,37627,2016-03-11 20:44:48
187097,2016-03-27 17:45:47,Peugeot_307_CC_180_Sport,privat,Angebot,4900,test,cabrio,2004,manuell,177,3_reihe,100000,7,benzin,peugeot,nein,2016-03-27 00:00:00,0,25335,2016-04-05 13:45:52
156787,2016-03-08 17:46:02,BMW_318i,privat,Angebot,2299,control,limousine,1999,manuell,118,3er,150000,12,benzin,bmw,nein,2016-03-08 00:00:00,0,39218,2016-03-10 13:16:17
2827,2016-03-27 19:37:35,Mercedes_Benz_E_220_CDI__W210_S210_TÜV_9/16_Kundendienst_neu.,privat,Angebot,3000,control,kombi,1999,automatik,143,e_klasse,150000,9,diesel,mercedes_benz,nein,2016-03-27 00:00:00,0,29693,2016-03-27 19:37:35
102839,2016-04-03 18:55:00,Golf_Plus_2009_1_6Liter,privat,Angebot,6950,control,kombi,2009,manuell,102,golf,125000,8,benzin,volkswagen,,2016-04-03 00:00:00,0,37191,2016-04-03 18:55:00
123901,2016-03-22 14:37:32,Touran_2.0_TDI_Highline_1Hand,privat,Angebot,2351,control,kombi,2003,manuell,136,touran,150000,9,diesel,volkswagen,,2016-03-22 00:00:00,0,32312,2016-03-22 14:37:32
65167,2016-03-15 15:58:15,BMW_318_Ci_e46_Sehr_gepflegt_Scheckheft,privat,Angebot,6990,control,coupe,2005,manuell,143,3er,100000,1,benzin,bmw,nein,2016-03-15 00:00:00,0,99867,2016-03-22 18:45:04
133796,2016-03-07 17:53:22,Bmw_730d_facelift,privat,Angebot,12000,test,limousine,2006,automatik,231,7er,150000,12,,bmw,nein,2016-03-07 00:00:00,0,58791,2016-03-07 17:53:22
210580,2016-03-23 14:38:01,Volvo_S60_2.4,privat,Angebot,5000,test,limousine,2004,automatik,170,s60,125000,11,benzin,volvo,nein,2016-03-23 00:00:00,0,49076,2016-03-23 14:38:01
94325,2016-03-05 14:14:09,Audi_A5_S_line__Leder__Xenon_Klima_2.0_TFSI,privat,Angebot,14750,test,coupe,2008,manuell,179,a5,125000,12,benzin,audi,nein,2016-03-03 00:00:00,0,56305,2016-04-07 03:16:06
245355,2016-03-28 14:25:41,XC_90_D5_SPORT_DYNAUDIO_7_SITZE_1.HAND_S_HEFT,privat,Angebot,8000,test,suv,2008,automatik,185,xc_reihe,90000,1,diesel,volvo,nein,2016-03-28 00:00:00,0,60311,2016-03-28 16:09:35
118364,2016-03-22 11:56:15,Kia_Picanto_1.1_EX,privat,Angebot,1200,control,kleinwagen,2005,manuell,65,picanto,150000,3,benzin,kia,ja,2016-03-22 00:00:00,0,14467,2016-03-22 12:41:52
229859,2016-03-27 23:56:12,Fiat_500_1.2_Pop_Star,privat,Angebot,9999,test,kleinwagen,2015,manuell,69,500,10000,1,benzin,fiat,nein,2016-03-27 00:00:00,0,78564,2016-04-06 07:45:40
71830,2016-03-29 13:37:56,Tausche_T4_Caravelle_Eurovan_US_2.5l_Benzin_Automatik_California,privat,Angebot,2600,control,bus,1996,automatik,110,transporter,150000,0,benzin,volkswagen,nein,2016-03-29 00:00:00,0,9235,2016-03-29 13:37:56
226790,2016-04-03 22:51:46,"Peugeot_307_HDI_SW_135PS_Panoramadach_TÜV_bis_10.2017__""_6_Gang",privat,Angebot,5150,control,kombi,2006,manuell,136,3_reihe,150000,5,diesel,peugeot,,2016-04-03 00:00:00,0,97084,2016-04-06 00:16:06
358992,2016-03-18 12:47:32,BMW_523i_touring_Individual_sehr_selten,privat,Angebot,3500,control,kombi,1998,automatik,170,5er,150000,6,lpg,bmw,nein,2016-03-18 00:00:00,0,65620,2016-03-27 13:15:43
56193,2016-04-03 22:54:22,Audi_A6_Avant_3.0_TDI_quattro__auch_tausch,privat,Angebot,22000,control,kombi,2005,automatik,224,a6,150000,6,diesel,audi,nein,2016-04-03 00:00:00,0,6295,2016-04-06 01:45:08
164959,2016-03-19 14:50:44,Audi_A4____Baujahr_1995___ohne_TÜV,privat,Angebot,300,test,limousine,1995,manuell,150,a4,150000,4,benzin,audi,nein,2016-03-19 00:00:00,0,83527,2016-03-19 14:50:44
171952,2016-04-01 12:51:42,Verkaufe_Mitsubishi_Carisma_GDI,privat,Angebot,1150,test,limousine,1998,manuell,120,carisma,150000,10,benzin,mitsubishi,nein,2016-04-01 00:00:00,0,15366,2016-04-05 06:47:33
5324,2016-03-21 10:53:49,ROVER_75_mit_TÜV,privat,Angebot,2350,test,limousine,2000,manuell,120,andere,150000,0,,rover,,2016-03-21 00:00:00,0,47803,2016-04-06 04:46:54
17096,2016-03-16 18:39:48,Alfa_romeo_147_twinspark_seelespeedanlage,privat,Angebot,2350,control,,2017,,150,147,150000,0,benzin,alfa_romeo,nein,2016-03-16 00:00:00,0,53925,2016-04-07 02:16:04
153139,2016-03-29 02:00:48,Ford_Transit_D__2_5_DIESEL__LKW_Zulassung__ohne_Servo,privat,Angebot,950,control,bus,1993,manuell,80,transit,150000,3,diesel,ford,nein,2016-03-29 00:00:00,0,45326,2016-04-05 14:47:36
135302,2016-03-30 15:57:01,Kia_Carnival_2.9_CRDi,privat,Angebot,1500,test,bus,2006,,0,carnival,150000,10,diesel,kia,ja,2016-03-30 00:00:00,0,25885,2016-04-07 06:44:52
265982,2016-03-05 14:18:41,W124_E200_Sammlungsverkleinerung_Jahreswagenzustand_1Hd.,privat,Angebot,4500,test,limousine,1994,manuell,136,e_klasse,100000,12,benzin,mercedes_benz,nein,2016-03-03 00:00:00,0,56566,2016-03-15 21:16:04
266609,2016-03-16 21:58:00,Volkswagen_Golf_1.2_TSI_Style,privat,Angebot,10990,control,limousine,2012,manuell,86,golf,70000,1,benzin,volkswagen,nein,2016-03-16 00:00:00,0,24405,2016-03-26 04:16:09
263075,2016-03-22 18:50:55,Opel_CORSA__5_TÜER_TÜV__NEU__Mit_Kliemeanlage,privat,Angebot,1200,control,limousine,1999,manuell,65,corsa,150000,11,benzin,opel,,2016-03-22 00:00:00,0,63868,2016-03-26 20:46:18
328770,2016-03-29 13:48:02,Peugeot_407_SW_HDi_135,privat,Angebot,4450,control,kombi,2006,manuell,136,4_reihe,150000,3,diesel,peugeot,nein,2016-03-29 00:00:00,0,54578,2016-03-29 13:48:02
82759,2016-03-21 12:47:55,Saab_9_5_Troll_Hirsch_2.3t_Aero,privat,Angebot,0,control,limousine,1998,automatik,230,,150000,10,benzin,saab,,2016-03-21 00:00:00,0,71691,2016-03-22 17:15:44
162882,2016-03-25 15:54:30,Volkswagen_GTi,privat,Angebot,6700,test,limousine,2006,manuell,200,golf,150000,12,benzin,volkswagen,nein,2016-03-25 00:00:00,0,74405,2016-03-28 15:44:44
179590,2016-03-27 23:53:04,Opel_Omega_Caravan_2.0_16V,privat,Angebot,1000,test,kombi,1998,manuell,136,omega,150000,2,benzin,opel,nein,2016-03-27 00:00:00,0,76726,2016-03-28 07:43:48
159115,2016-03-28 18:52:32,Volkswagen_Golf_2.0_TDI_DPF_GT_Sport_Top_Zustand,privat,Angebot,5900,control,limousine,2008,manuell,140,golf,150000,2,diesel,volkswagen,nein,2016-03-28 00:00:00,0,58339,2016-04-07 01:16:00
130995,2016-03-28 14:41:24,Audi_A4_Cabriolet_2.4,privat,Angebot,8200,test,cabrio,2003,manuell,170,a4,150000,3,benzin,audi,nein,2016-03-28 00:00:00,0,22559,2016-04-06 18:19:26
97009,2016-03-11 10:48:09,Skoda_Fabia_1.6_16V_Elegance,privat,Angebot,7000,test,kleinwagen,2008,manuell,105,fabia,30000,3,benzin,skoda,nein,2016-03-11 00:00:00,0,8058,2016-04-04 21:16:37
176273,2016-03-05 14:16:10,Fiat_Punto_188,privat,Angebot,950,test,limousine,2000,manuell,0,punto,150000,3,benzin,fiat,nein,2016-03-04 00:00:00,0,56307,2016-03-16 05:48:14
238694,2016-03-30 16:54:57,Pontiac_Grand_Ville_Convertible,privat,Angebot,20000,test,cabrio,1972,automatik,176,,150000,7,benzin,sonstige_autos,,2016-03-30 00:00:00,0,4720,2016-04-07 07:45:11
277835,2016-03-31 00:59:26,Ford_Transit_Hoch_Lang,privat,Angebot,2700,control,bus,2000,manuell,120,transit,150000,8,diesel,ford,nein,2016-03-30 00:00:00,0,41238,2016-04-06 01:17:14
150220,2016-03-19 17:48:58,BMW_318is_Z3_Motor_Komplett,privat,Angebot,275,control,,2000,manuell,140,,5000,0,,bmw,,2016-03-19 00:00:00,0,52477,2016-04-01 07:49:26
184651,2016-03-31 18:52:38,BMW_318i_mit_hardtop,privat,Angebot,4300,control,cabrio,1997,manuell,116,3er,150000,4,benzin,bmw,nein,2016-03-31 00:00:00,0,73431,2016-04-06 13:15:28
235594,2016-03-21 21:51:47,Opel_corsa_b_1.0_eco,privat,Angebot,350,control,kleinwagen,1998,manuell,0,corsa,150000,0,benzin,opel,ja,2016-03-21 00:00:00,0,14612,2016-04-07 02:46:32
150447,2016-03-20 13:51:10,Ford_Focus_Anfaenger_Auto_Winterauto,privat,Angebot,500,test,,2016,manuell,0,focus,150000,0,,ford,,2016-03-20 00:00:00,0,92637,2016-03-25 13:45:12
128945,2016-03-10 16:39:30,Chevrolet_Spark,privat,Angebot,4600,control,kleinwagen,2010,manuell,64,,50000,12,benzin,chevrolet,nein,2016-03-10 00:00:00,0,55459,2016-03-11 16:45:22
366357,2016-03-09 20:06:24,touareg_2.5_tdi_dpf_ahk_bis_3_5_t,privat,Angebot,8890,control,suv,2004,manuell,174,touareg,150000,4,diesel,volkswagen,nein,2016-03-09 00:00:00,0,35444,2016-03-21 17:19:02
315204,2016-03-13 11:07:17,Audi_A3_Sportback_stronic,privat,Angebot,13495,test,kombi,2012,automatik,105,a3,80000,6,benzin,audi,nein,2016-03-13 00:00:00,0,61476,2016-03-22 08:48:07
31383,2016-03-10 13:50:26,FIAT_Cinquecento_SX_0.9_optisch_ordentl._zugelassen,privat,Angebot,290,test,kleinwagen,1997,manuell,45,seicento,125000,3,benzin,fiat,nein,2016-03-10 00:00:00,0,94486,2016-03-11 14:18:13
160850,2016-04-02 12:50:37,BMW_316_compact,privat,Angebot,1400,test,kombi,1996,automatik,0,3er,150000,0,benzin,bmw,,2016-04-02 00:00:00,0,28717,2016-04-06 10:46:58
174109,2016-03-29 14:45:36,Mazda_5_2_0_Diesel_145PS_6_Gang__7_Sitze__DPF_usw._HU/AU_7/17,privat,Angebot,3700,test,bus,2006,manuell,145,5_reihe,150000,3,diesel,mazda,ja,2016-03-29 00:00:00,0,29336,2016-03-31 07:17:08
32220,2016-04-02 10:52:27,Audi_A3_1.8_Tuev_Zahnriemen_neu,privat,Angebot,1599,test,limousine,1998,manuell,125,a3,150000,3,benzin,audi,nein,2016-04-02 00:00:00,0,51379,2016-04-02 10:52:27
195463,2016-03-14 19:50:12,Porsche_Cayenne_S_Tiptronic_S,privat,Angebot,10900,test,suv,2003,automatik,340,cayenne,150000,12,benzin,porsche,nein,2016-03-14 00:00:00,0,61476,2016-04-06 14:47:10
241217,2016-03-14 17:58:31,Citroen_Xsara,privat,Angebot,600,test,limousine,1999,manuell,90,andere,150000,8,benzin,citroen,ja,2016-03-14 00:00:00,0,98639,2016-03-20 17:57:58
35997,2016-03-27 13:37:19,Ford_Ka,privat,Angebot,1450,test,kleinwagen,2000,manuell,60,ka,125000,9,benzin,ford,nein,2016-03-27 00:00:00,0,59387,2016-04-07 09:16:06
339637,2016-03-17 15:57:21,Chevrolet/Daewoo_nubira,privat,Angebot,1000,test,kombi,2005,manuell,120,nubira,125000,0,,daewoo,ja,2016-03-17 00:00:00,0,25524,2016-04-07 01:16:58
170493,2016-03-07 22:06:25,Opel_Sintra_2.2_16V_GLS,privat,Angebot,1050,control,bus,1999,manuell,141,andere,150000,2,benzin,opel,nein,2016-03-07 00:00:00,0,65239,2016-03-23 12:18:13
78257,2016-03-23 19:54:34,Nissan_Micra,privat,Angebot,1500,control,kleinwagen,2001,automatik,0,micra,150000,0,benzin,nissan,,2016-03-23 00:00:00,0,54585,2016-04-06 01:15:49
312271,2016-04-03 13:38:45,Cyreysler_8_Fach_bereift_Leder_austattung_1900_Euro,privat,Angebot,1500,control,limousine,2003,manuell,121,ptcruiser,150000,5,diesel,chrysler,nein,2016-04-03 00:00:00,0,31848,2016-04-05 12:18:29
37517,2016-03-24 19:51:04,Mercedes_Benz_C_220_CDI__Automatik_AMG_Paket__Xenon,privat,Angebot,10990,control,kombi,2008,automatik,170,c_klasse,150000,8,diesel,mercedes_benz,nein,2016-03-24 00:00:00,0,42275,2016-04-05 13:16:31
342524,2016-04-01 01:32:34,Volkswagen_Passat_Variant_2.0_TDI_DPF_Trendline,privat,Angebot,7000,control,kombi,2007,manuell,140,passat,150000,7,diesel,volkswagen,nein,2016-04-01 00:00:00,0,65934,2016-04-06 18:16:01
281958,2016-03-14 00:44:03,VW_Passat_Highline_2.0_DSG,privat,Angebot,9300,control,kombi,2012,automatik,140,passat,150000,11,diesel,volkswagen,nein,2016-03-13 00:00:00,0,12435,2016-04-06 21:18:51
310715,2016-03-31 12:46:44,Himmelblauer_Lupo_Oxford_zu_verkaufen,privat,Angebot,1100,test,kleinwagen,2002,manuell,50,lupo,125000,0,benzin,volkswagen,,2016-03-31 00:00:00,0,59394,2016-03-31 12:46:44
109994,2016-03-14 20:46:23,Vw_bora__golf__variant__Cabrio__passat,privat,Angebot,1100,control,limousine,1999,manuell,101,bora,150000,4,,volkswagen,,2016-03-14 00:00:00,0,19370,2016-03-15 16:17:06
342305,2016-03-20 20:46:42,Audi_a4_avant,privat,Angebot,0,test,,1998,manuell,165,a4,150000,0,benzin,audi,ja,2016-03-20 00:00:00,0,86637,2016-03-30 14:47:34
59829,2016-03-11 14:57:01,Opel_Corsa_B_BASTLERFAHRZEUG,privat,Angebot,200,control,kleinwagen,1997,manuell,45,corsa,125000,6,benzin,opel,ja,2016-03-11 00:00:00,0,44879,2016-04-07 13:15:24
230584,2016-03-13 10:36:24,Chrysler_Crossfire_Roadster,privat,Angebot,20000,control,cabrio,2005,automatik,218,crossfire,80000,11,benzin,chrysler,nein,2016-03-13 00:00:00,0,23701,2016-04-06 15:15:22
168129,2016-03-29 21:56:35,Leasing_Übernahme_I10,privat,Angebot,10999,test,kleinwagen,2014,manuell,90,i_reihe,20000,8,lpg,hyundai,nein,2016-03-29 00:00:00,0,83370,2016-04-04 08:44:55
196252,2016-03-16 20:38:14,Renault_Clio_1.4_16V,privat,Angebot,1299,control,kleinwagen,2001,manuell,98,clio,90000,4,benzin,renault,nein,2016-03-16 00:00:00,0,23568,2016-04-05 04:16:11
216735,2016-04-05 11:56:13,Audi_A4_Avant_1_9_TDI,privat,Angebot,4900,test,kombi,2004,manuell,1896,a4,150000,3,diesel,audi,,2016-04-05 00:00:00,0,33604,2016-04-05 12:41:12
250204,2016-03-27 20:49:31,UNFALL_SLK_230_KOMPRESSOR,privat,Angebot,2000,control,cabrio,2002,automatik,197,slk,150000,1,benzin,mercedes_benz,ja,2016-03-27 00:00:00,0,52070,2016-03-31 02:47:18
286765,2016-03-24 22:51:57,BMW_3ER_E46_M_Paket_19_Zoll_TÜV_NEU_TOP_ZUSTAND,privat,Angebot,2599,control,limousine,1999,manuell,118,3er,150000,5,benzin,bmw,nein,2016-03-24 00:00:00,0,30179,2016-03-25 06:41:49
119832,2016-04-03 18:39:29,Renault_Twingo_1.2_Liberty_|_Faltdach_|_elek._Fenster_|,privat,Angebot,1400,control,kleinwagen,2000,manuell,58,twingo,125000,8,benzin,renault,nein,2016-04-03 00:00:00,0,30419,2016-04-05 18:46:21
149184,2016-03-28 22:46:05,Skoda_Fabia_Family_weiss,privat,Angebot,6999,control,kleinwagen,2011,manuell,86,fabia,80000,7,benzin,skoda,nein,2016-03-28 00:00:00,0,94469,2016-04-07 06:16:30
351842,2016-04-04 13:25:25,VW_Vento_1.8_Wenig_Kilometer,privat,Angebot,700,test,limousine,1993,automatik,0,,150000,4,,volkswagen,,2016-04-04 00:00:00,0,57629,2016-04-05 12:18:20
85515,2016-03-25 17:50:54,VW_Jetta_mit_Motorschaden_nur_komplettes_Fahrzeug,privat,Angebot,400,test,limousine,1991,manuell,0,jetta,150000,3,benzin,volkswagen,ja,2016-03-25 00:00:00,0,66822,2016-04-06 23:16:33
236589,2016-03-29 20:48:23,Volkswagen_Passat_Variant_2.0_GT,privat,Angebot,1000,test,kombi,1994,automatik,116,passat,150000,5,benzin,volkswagen,nein,2016-03-29 00:00:00,0,85402,2016-04-06 07:17:07
15965,2016-03-15 21:45:26,Citroen_C8_2.2_HDI_Mit_Navigacijon_Euro_4,privat,Angebot,2300,control,bus,2004,manuell,128,,150000,12,diesel,citroen,nein,2016-03-15 00:00:00,0,44357,2016-04-07 05:44:27
225417,2016-03-07 02:36:20,Opel_Omega_2.5_DTI_mit_starkem_3.0L_Motor__M57D30__umgebaut,privat,Angebot,3600,test,kombi,2003,manuell,193,omega,150000,4,diesel,opel,nein,2016-03-07 00:00:00,0,55442,2016-03-09 01:46:17
331554,2016-03-19 07:54:45,VW_Golf_4_1_4_16V_Klima_mit_Tuev_5_Tuerig_FESTPREIS__Bastler_,privat,Angebot,1250,control,kleinwagen,1998,manuell,75,golf,150000,11,benzin,volkswagen,,2016-03-19 00:00:00,0,59329,2016-04-06 06:16:40
371142,2016-03-20 14:44:08,Ein_Fiat_Punto_verkauf,privat,Angebot,250,test,cabrio,1997,,0,punto,150000,0,,fiat,,2016-03-20 00:00:00,0,33729,2016-03-24 06:44:25
353790,2016-03-14 00:54:29,Bitte_ein_sehr_schoeinen_Ford_Focus,privat,Angebot,1111,control,kombi,2004,manuell,0,focus,150000,9,diesel,ford,,2016-03-13 00:00:00,0,59457,2016-04-07 06:15:52
309807,2016-04-01 14:38:51,Audi_90_quattro_Exclusive_Sportserie,privat,Angebot,3900,test,limousine,1987,manuell,136,90,150000,12,benzin,audi,nein,2016-04-01 00:00:00,0,94545,2016-04-07 11:17:41
128646,2016-03-14 19:50:03,VW_Touareg_TDI_V10_Automatik__313PS_,privat,Angebot,6000,control,suv,2004,automatik,313,touareg,150000,5,diesel,volkswagen,nein,2016-03-14 00:00:00,0,29459,2016-04-07 00:15:55
167794,2016-03-07 01:46:21,Ford_Granada_2.0L,privat,Angebot,5200,control,limousine,1979,manuell,101,andere,80000,12,benzin,ford,nein,2016-03-06 00:00:00,0,71394,2016-04-06 09:44:53
85724,2016-03-05 18:45:06,Opel_Corsa_B__ECO_,privat,Angebot,750,test,kleinwagen,1999,manuell,40,corsa,150000,9,benzin,opel,nein,2016-03-05 00:00:00,0,24782,2016-04-07 08:46:37
50042,2016-03-09 14:48:24,Volkswagen_Polo_6N,privat,Angebot,900,test,kleinwagen,1999,manuell,50,polo,150000,11,benzin,volkswagen,nein,2016-03-09 00:00:00,0,52146,2016-03-09 14:48:24
243917,2016-04-06 23:06:20,Volkswagen_Golf_1.4_TSI_BlueMotion_Technology_DSG_Comfo...,privat,Angebot,17950,control,limousine,2013,automatik,140,golf,70000,5,benzin,volkswagen,nein,2016-04-06 00:00:00,0,65428,2016-04-06 23:06:20
348593,2016-03-27 23:51:18,Opel_Astra_G_2.0L_16v_Turbo_LET_/_LEH,privat,Angebot,5999,test,cabrio,2003,manuell,200,astra,150000,3,benzin,opel,nein,2016-03-27 00:00:00,0,47279,2016-04-06 07:45:05
282546,2016-03-17 11:52:25,MINI_Mini_Cooper,privat,Angebot,3700,control,kleinwagen,2001,manuell,116,cooper,125000,11,benzin,mini,ja,2016-03-17 00:00:00,0,78532,2016-03-19 11:45:27
334352,2016-03-19 17:26:58,Mercedes_Benz_Sport_c180_Automatic_Tausch_moeglich,privat,Angebot,6500,control,limousine,2004,,0,c_klasse,150000,10,,mercedes_benz,nein,2016-03-19 00:00:00,0,55252,2016-04-07 10:44:31
198658,2016-03-17 21:47:29,Unfall_Polo_9N,privat,Angebot,500,test,kleinwagen,2004,manuell,75,polo,60000,9,benzin,volkswagen,ja,2016-03-17 00:00:00,0,55270,2016-03-19 22:17:51
309618,2016-03-26 20:54:53,Volkswagen_Polo_1.2,privat,Angebot,4250,control,kleinwagen,2004,manuell,64,polo,90000,4,benzin,volkswagen,nein,2016-03-26 00:00:00,0,21337,2016-04-06 12:44:59
310469,2016-04-03 19:50:59,Audi_A5_3.0_TDI_DPF_quattro_S_Line_TOP_Coupe,privat,Angebot,19000,test,coupe,2009,automatik,239,a5,150000,2,diesel,audi,nein,2016-04-03 00:00:00,0,50389,2016-04-05 20:45:11
275989,2016-04-02 20:48:41,Verkaufe_Honda_Civic_1.4_ils,privat,Angebot,899,test,kleinwagen,1999,automatik,66,civic,150000,12,benzin,honda,ja,2016-04-02 00:00:00,0,13465,2016-04-04 19:17:42
156187,2016-03-19 14:45:53,Top_Auto_2004_Model,privat,Angebot,1350,test,kombi,2004,manuell,102,focus,125000,4,benzin,ford,,2016-03-19 00:00:00,0,50374,2016-03-20 16:44:29
229655,2016-04-04 09:50:03,Volkswagen_Match_2.0_140PS_PDC_8_Fach_Bereifung,privat,Angebot,12950,control,bus,2012,manuell,140,golf,90000,12,diesel,volkswagen,nein,2016-04-04 00:00:00,0,15370,2016-04-06 11:17:10
43776,2016-03-10 14:38:12,Volkswagen_Golf_Variant_1.8_Comfortline,privat,Angebot,555,test,kombi,1997,manuell,75,golf,150000,9,benzin,volkswagen,nein,2016-03-10 00:00:00,0,21614,2016-03-12 18:18:02
86619,2016-03-24 15:36:59,Peugeot_107,privat,Angebot,4100,test,kleinwagen,2009,manuell,68,1_reihe,100000,6,benzin,peugeot,nein,2016-03-24 00:00:00,0,74193,2016-04-07 08:45:05
322788,2016-03-29 14:36:21,BMW_E30_316,privat,Angebot,900,test,limousine,1990,manuell,0,3er,150000,0,benzin,bmw,,2016-03-29 00:00:00,0,90530,2016-04-06 01:15:45
360164,2016-03-14 10:37:57,Honda_Accord_Coupe_2.2i_ES,privat,Angebot,1200,control,coupe,1997,manuell,150,accord,150000,3,benzin,honda,nein,2016-03-14 00:00:00,0,26122,2016-03-17 22:16:34
125676,2016-03-07 10:59:11,Opel_Mokka_1.6_ecoFLEX_Start/Stop_Edition,privat,Angebot,15499,test,suv,2015,manuell,116,andere,10000,2,benzin,opel,nein,2016-03-07 00:00:00,0,38120,2016-03-19 21:47:10
162039,2016-03-17 23:36:24,Volkswagen_Golf_2.0_GTI,privat,Angebot,5699,control,limousine,2005,manuell,200,golf,150000,10,benzin,volkswagen,nein,2016-03-17 00:00:00,0,29323,2016-03-25 00:49:01
288560,2016-03-17 17:48:02,Opel_Corsa_1.4_Automatik.Tuev08.16.Alus.Schnaeppchen.Audi.VW.Ford.,privat,Angebot,450,control,kleinwagen,1995,automatik,60,corsa,5000,0,benzin,opel,,2016-03-17 00:00:00,0,41844,2016-03-27 09:44:48
169751,2016-03-18 20:47:50,Ford_Escort_1.6,privat,Angebot,3450,test,cabrio,1984,manuell,79,escort,30000,7,benzin,ford,nein,2016-03-18 00:00:00,0,94267,2016-04-05 22:47:21
267242,2016-04-03 12:54:28,Audi_80_b3_zu_verkaufen,privat,Angebot,500,control,limousine,1991,manuell,115,80,150000,0,benzin,audi,ja,2016-04-03 00:00:00,0,4758,2016-04-05 11:46:11
310822,2016-03-19 18:58:31,VW_T5_Multivan_1.9_TDI_Startline,privat,Angebot,9950,test,bus,2007,manuell,102,transporter,150000,8,diesel,volkswagen,nein,2016-03-19 00:00:00,0,32549,2016-03-27 11:17:19
316018,2016-03-15 03:36:23,Skoda_Fabia_Kombi__TÜV_07.2017__Baujahr_2006,privat,Angebot,2400,control,kombi,2006,manuell,0,fabia,150000,7,benzin,skoda,nein,2016-03-15 00:00:00,0,38228,2016-04-06 15:16:19
214815,2016-03-28 00:55:25,Audi_A3_Cabriolet_1.8_TFSI_Ambition,privat,Angebot,13888,control,cabrio,2009,manuell,160,a3,70000,3,benzin,audi,nein,2016-03-28 00:00:00,0,40629,2016-04-06 09:44:44
334076,2016-03-19 07:54:32,Hyundai_ix35_1.6_2WD_5_Star_Edition,privat,Angebot,13500,control,suv,2012,manuell,135,i_reihe,50000,11,benzin,hyundai,nein,2016-03-19 00:00:00,0,66424,2016-04-06 06:16:36
277071,2016-03-14 22:50:00,Nissan_Qashqai+2_2.0_I_Way,privat,Angebot,12200,control,suv,2011,manuell,141,qashqai,100000,2,benzin,nissan,nein,2016-03-14 00:00:00,0,68642,2016-04-06 20:45:21
23471,2016-03-29 19:06:18,Audi_TT_1.8_T,privat,Angebot,3600,test,coupe,2000,manuell,180,,150000,6,benzin,audi,,2016-03-29 00:00:00,0,56218,2016-04-06 07:46:16
43738,2016-04-04 08:56:53,Bmw_520i_Tip_Top!!!_Auch_Tausch!,privat,Angebot,5000,control,,2017,manuell,170,5er,150000,6,benzin,bmw,nein,2016-04-04 00:00:00,0,66663,2016-04-06 10:16:45
100316,2016-03-22 11:25:28,Opel_Zafira_1.9_CDTI,privat,Angebot,5200,test,bus,2006,manuell,120,zafira,150000,1,diesel,opel,nein,2016-03-22 00:00:00,0,57635,2016-03-23 14:36:39
123210,2016-03-10 20:52:44,Schoenes_Auto_fuer_wenig_Geld,privat,Angebot,7688,test,limousine,2004,automatik,333,7er,150000,9,lpg,bmw,nein,2016-03-10 00:00:00,0,30627,2016-03-26 19:45:14
250873,2016-03-19 22:45:07,Vw_Bora_1.6Sr_bj.1999_tuev_7/2017_Klima_Servo_zv_e_fensterheber,privat,Angebot,2350,test,,2017,manuell,101,bora,150000,10,,volkswagen,nein,2016-03-19 00:00:00,0,33100,2016-04-07 12:17:50
227330,2016-03-18 15:48:06,Mercedes_E_Klasse_W211_220_CDI,privat,Angebot,4100,control,limousine,2003,manuell,150,e_klasse,150000,1,diesel,mercedes_benz,nein,2016-03-18 00:00:00,0,31275,2016-03-22 10:46:47
357765,2016-03-14 22:38:33,Opel_Corsa_1.2_16V,privat,Angebot,1750,control,kleinwagen,2002,manuell,75,corsa,150000,2,benzin,opel,nein,2016-03-14 00:00:00,0,63633,2016-04-06 20:45:21
150265,2016-03-10 11:52:27,Opel_Zafira_/_defekt,privat,Angebot,900,test,bus,2001,manuell,101,zafira,150000,5,benzin,opel,,2016-03-10 00:00:00,0,32457,2016-03-10 12:43:09
334638,2016-03-09 21:58:19,Peugeot_607_HDI_135,privat,Angebot,3200,test,limousine,2004,automatik,133,andere,150000,8,diesel,peugeot,nein,2016-03-09 00:00:00,0,51067,2016-03-17 08:44:48
119433,2016-03-10 12:57:12,Vw_polo_mit_1monat_TÜV_Motor_Getriebe_gut_!,privat,Angebot,350,test,kleinwagen,1999,manuell,60,polo,150000,4,benzin,volkswagen,,2016-03-10 00:00:00,0,40472,2016-03-28 23:47:03
14856,2016-03-16 09:47:25,BMW_520i_Lim._Individual_/_Xenon_/_1.Hd_/_Wenig_KM.,privat,Angebot,6900,test,limousine,2003,manuell,170,5er,80000,1,benzin,bmw,nein,2016-03-16 00:00:00,0,26721,2016-03-19 06:46:09
52317,2016-03-27 19:53:50,Skoda_Fabia_1.2_HTP_Classic,privat,Angebot,2000,control,kleinwagen,2005,manuell,64,fabia,150000,7,benzin,skoda,nein,2016-03-27 00:00:00,0,91161,2016-03-27 19:53:50
337658,2016-03-13 22:47:02,Citroën_Saxo_1.1_Chrono,privat,Angebot,1100,control,kleinwagen,2002,manuell,60,andere,150000,8,benzin,citroen,nein,2016-03-13 00:00:00,0,55218,2016-03-28 10:46:58
344377,2016-03-10 00:57:07,Audi_TT_Coupe_1.8_T,privat,Angebot,7150,control,coupe,2004,manuell,179,tt,150000,5,benzin,audi,nein,2016-03-10 00:00:00,0,27576,2016-04-05 21:15:56
323682,2016-03-16 01:37:02,Porsche_911_mit_neuen_TÜV_und_Reifen,privat,Angebot,6500,test,coupe,2001,manuell,300,911,100000,6,benzin,porsche,nein,2016-03-16 00:00:00,0,84375,2016-03-16 07:00:45
111767,2016-04-01 19:39:56,Volkswagen_Polo_GT,privat,Angebot,500,control,kleinwagen,1993,manuell,54,polo,150000,4,benzin,volkswagen,nein,2016-04-01 00:00:00,0,92431,2016-04-01 19:39:56
272606,2016-03-23 13:53:51,Volkswagen_Passat_Variant_1.6_Trendline,privat,Angebot,4250,test,kombi,1999,manuell,101,passat,150000,8,benzin,volkswagen,nein,2016-03-23 00:00:00,0,71093,2016-04-05 14:45:33
266906,2016-03-06 11:42:16,Opel_Astra_1.6_Caravan_Sportive,privat,Angebot,1200,test,kombi,1998,manuell,101,astra,150000,6,benzin,opel,nein,2016-03-06 00:00:00,0,57319,2016-03-17 08:47:19
84248,2016-03-13 17:48:08,Audi_A3_2.0_TDI_DPF_Attraction,privat,Angebot,11500,control,limousine,2010,manuell,140,a3,125000,5,diesel,audi,nein,2016-03-13 00:00:00,0,42929,2016-03-30 04:46:23
137590,2016-04-03 13:44:48,Volkswagen_Polo_1.2_Comfortline,privat,Angebot,1900,test,kleinwagen,2005,manuell,64,polo,150000,7,benzin,volkswagen,nein,2016-04-03 00:00:00,0,35799,2016-04-03 16:28:47
109407,2016-03-19 10:38:56,Bastlerfahrzeug,privat,Angebot,125,test,kleinwagen,1999,manuell,60,,150000,0,,volkswagen,ja,2016-03-19 00:00:00,0,31840,2016-03-21 14:15:46
204041,2016-03-07 10:57:29,Opel_astra_1_6_bertone_edition_standheizung_Top,privat,Angebot,1200,test,cabrio,1997,manuell,75,astra,150000,1,benzin,opel,nein,2016-03-07 00:00:00,0,37081,2016-03-17 15:47:24
236167,2016-03-29 12:58:36,VW_Polo_Bastlerfahrzeug,privat,Angebot,800,test,kleinwagen,2000,manuell,60,polo,150000,11,benzin,volkswagen,ja,2016-03-29 00:00:00,0,49744,2016-03-29 13:39:53
347499,2016-03-09 15:57:30,Opel__Combo__B,privat,Angebot,1444,control,andere,2000,manuell,60,combo,150000,8,,opel,nein,2016-03-09 00:00:00,0,53949,2016-03-14 07:45:41
99805,2016-03-24 15:49:50,Opel_corsa_b_1_4,privat,Angebot,300,test,kleinwagen,1995,manuell,60,corsa,150000,6,,opel,,2016-03-24 00:00:00,0,94481,2016-04-07 07:46:37
329282,2016-04-04 15:47:51,BMW_735i_V8_Schalter_Vollausstattung_Scheckheftgepflegt,privat,Angebot,2200,test,limousine,1998,manuell,235,7er,150000,12,benzin,bmw,,2016-04-04 00:00:00,0,6116,2016-04-04 15:47:51
220061,2016-03-30 13:52:17,Volkswagen_Golf_2.8_V6_4Motion,privat,Angebot,3999,test,limousine,2000,manuell,204,golf,150000,6,benzin,volkswagen,nein,2016-03-30 00:00:00,0,22397,2016-04-07 04:44:54
20747,2016-03-29 11:57:41,BMW_520i_24V,privat,Angebot,500,test,limousine,1990,manuell,150,5er,150000,7,benzin,bmw,ja,2016-03-29 00:00:00,0,83101,2016-04-01 23:47:34
170599,2016-04-03 13:42:40,Renault_Twingo_1.2_Dynamique,privat,Angebot,950,control,kleinwagen,2003,manuell,58,twingo,150000,3,benzin,renault,ja,2016-04-03 00:00:00,0,46149,2016-04-05 12:19:05
112172,2016-03-11 09:50:01,BMW_335d_Coupe_M_Sportpaket_Schaltwippen_Navi_Prof.,privat,Angebot,22670,control,coupe,2010,automatik,286,3er,150000,8,diesel,bmw,nein,2016-03-11 00:00:00,0,57629,2016-04-05 14:45:21
120134,2016-03-15 14:38:40,Golf_4_Kombi_6Gang_Tempomat_Einparkhilfe_gruene_Plakette,privat,Angebot,2999,control,kombi,2004,manuell,131,golf,150000,1,diesel,volkswagen,,2016-03-15 00:00:00,0,40215,2016-04-06 03:46:23
137272,2016-03-21 13:59:09,Morris_Minor_II_Bj._1954_RHD,privat,Angebot,1700,test,limousine,1954,manuell,26,,125000,8,benzin,sonstige_autos,,2016-03-21 00:00:00,0,30989,2016-04-06 10:15:22
230617,2016-03-10 21:51:26,Volkswagen_Golf_Variant_2.0_TDI_BM_DSG_Highline___VOLL,privat,Angebot,22999,control,kombi,2013,automatik,150,golf,40000,6,diesel,volkswagen,nein,2016-03-10 00:00:00,0,31638,2016-03-27 04:46:15
276019,2016-03-09 18:51:57,Twingo_erst_95.636_km_mit_neuem_TÜV,privat,Angebot,1290,test,kleinwagen,1999,manuell,55,twingo,100000,6,benzin,renault,nein,2016-03-09 00:00:00,0,57368,2016-03-11 15:17:31
23410,2016-03-25 13:43:28,BMW_TÜV_u_ASU_12.2017,privat,Angebot,1500,test,kombi,1997,manuell,150,3er,150000,4,benzin,bmw,nein,2016-03-25 00:00:00,0,55743,2016-03-25 13:43:28
109094,2016-03-30 09:54:03,VW_Touran_Cross_2_0_TDI_DSG__Navi__AHK__1_Hand,privat,Angebot,9700,control,bus,2008,automatik,140,touran,150000,6,diesel,volkswagen,nein,2016-03-30 00:00:00,0,97877,2016-04-07 01:17:45
361066,2016-03-23 21:50:23,Volkswagen_Tiguan_2.0_TDI_SCR_BlueMotionTech_Sport_&_Style,privat,Angebot,24250,test,suv,2016,manuell,110,tiguan,5000,1,diesel,volkswagen,nein,2016-03-23 00:00:00,0,73734,2016-03-25 06:47:13
155427,2016-03-11 19:57:54,Octavia_1.8_20V_SLX,privat,Angebot,999,test,,2017,manuell,125,octavia,150000,11,benzin,skoda,nein,2016-03-11 00:00:00,0,85053,2016-03-11 19:57:54
121457,2016-03-17 18:55:08,***_S_LINE_Audi_A6_Avant_2.0_TDI_***,privat,Angebot,7750,control,kombi,2008,manuell,140,a6,150000,4,diesel,audi,nein,2016-03-17 00:00:00,0,26219,2016-04-07 06:16:54
75824,2016-03-27 16:59:34,MINI_Cooper_Cabrio_Highgate_Leder_Klima_PDC_wie_NEU,privat,Angebot,19800,test,cabrio,2013,manuell,122,cooper,20000,8,benzin,mini,nein,2016-03-27 00:00:00,0,96135,2016-04-05 13:18:40
253918,2016-03-17 15:51:26,Fiat_Croma,privat,Angebot,4950,test,kombi,2008,,0,croma,150000,11,diesel,fiat,nein,2016-03-17 00:00:00,0,66787,2016-03-30 09:45:15
168400,2016-03-09 17:53:53,Bmw_e34_520i,privat,Angebot,700,test,,2016,automatik,150,5er,150000,0,benzin,bmw,,2016-03-09 00:00:00,0,17111,2016-03-21 00:15:34
64867,2016-03-19 08:47:56,Toyota_Yaris_Verso_Klima_Automatik__Standheizung_Navi,privat,Angebot,1790,test,bus,2000,automatik,86,yaris,150000,11,benzin,toyota,nein,2016-03-19 00:00:00,0,70374,2016-03-22 16:51:13
140918,2016-03-26 19:55:33,"Trabant_601_Limousine_""Original_""",privat,Angebot,3333,control,,2018,manuell,26,601,60000,3,,trabant,nein,2016-03-26 00:00:00,0,7546,2016-03-31 17:18:23
241397,2016-03-28 15:44:06,Mercedes_Benz_GLC_250_d_4Matic_9G_TRONIC_Edition_1_AMG_Luft,privat,Angebot,66900,control,suv,2016,automatik,204,andere,5000,3,diesel,mercedes_benz,nein,2016-03-28 00:00:00,0,23858,2016-04-06 20:16:04
57354,2016-03-20 20:45:03,Audi_A6_Avant_2_4,privat,Angebot,4000,test,,2017,manuell,165,,150000,5,benzin,audi,nein,2016-03-20 00:00:00,0,66386,2016-03-20 20:45:03
363296,2016-03-19 19:51:00,BMW_330xi_e46,privat,Angebot,6000,control,limousine,2002,manuell,231,3er,150000,1,benzin,bmw,,2016-03-19 00:00:00,0,81243,2016-03-26 01:17:06
118723,2016-03-25 17:54:13,VW_Vento_GT_2.0,privat,Angebot,1000,test,limousine,1993,manuell,115,andere,150000,3,benzin,volkswagen,,2016-03-25 00:00:00,0,6618,2016-03-30 09:45:45
94642,2016-03-14 12:37:42,AUDI_TTS_*AUCH_TAUSCH*_TOURAN_SAFIRA_KOMBI_A4_PASSAT,privat,Angebot,19799,test,,2008,automatik,272,tt,100000,0,benzin,audi,nein,2016-03-14 00:00:00,0,47228,2016-04-05 11:50:19
137074,2016-03-08 08:51:51,top_gepflegter_Audi_A6_2_5_Diesel_mit_Automatik,privat,Angebot,2650,test,limousine,1999,automatik,150,a6,150000,7,diesel,audi,,2016-03-08 00:00:00,0,79227,2016-03-12 12:17:00
367420,2016-03-09 17:51:39,>>_FORD_GALAXY_<<__1_9_TDI_7_SITZER_TÜV_NEU,privat,Angebot,1950,test,bus,1998,manuell,90,galaxy,150000,6,diesel,ford,nein,2016-03-09 00:00:00,0,26219,2016-03-10 03:45:23
78748,2016-03-11 21:52:58,HYUNDAI_Terracan__2_9_CRDI_GLS_Edition_plus__Bestzustand,privat,Angebot,6950,test,suv,2003,manuell,150,andere,125000,10,diesel,hyundai,nein,2016-03-11 00:00:00,0,55743,2016-03-19 13:47:46
274521,2016-03-31 11:56:29,Einen_schoenen_Golf_6_TSI__DSG,privat,Angebot,12300,control,limousine,2009,automatik,160,golf,90000,9,benzin,volkswagen,nein,2016-03-31 00:00:00,0,91189,2016-04-06 04:46:38
112111,2016-03-29 14:52:46,Volkswagen_Fox_1.4,privat,Angebot,3690,test,kleinwagen,2007,manuell,75,fox,80000,10,benzin,volkswagen,nein,2016-03-29 00:00:00,0,75433,2016-04-06 00:44:33
168285,2016-03-23 18:55:59,Fiat_500_1.2___2000km_gelaufen_Panorama_3_Jahre_Tuev,privat,Angebot,5990,test,kleinwagen,2015,manuell,69,500,5000,12,benzin,fiat,ja,2016-03-23 00:00:00,0,41066,2016-04-05 23:45:54
320676,2016-03-27 12:50:03,Dodge_WC_52_Lohner_Fernmeldewagen__US_Army,privat,Angebot,8500,test,suv,1943,manuell,76,,150000,7,benzin,sonstige_autos,nein,2016-03-27 00:00:00,0,86751,2016-04-07 08:17:43
287928,2016-03-11 20:36:23,Ford_Mondeo_1.8_Ghia,privat,Angebot,3500,control,limousine,2003,manuell,125,mondeo,125000,10,benzin,ford,nein,2016-03-11 00:00:00,0,6844,2016-04-06 06:16:22
362857,2016-03-30 12:53:45,Mercedes_Benz_210_D_601.461,privat,Angebot,1750,control,bus,1991,manuell,95,sprinter,150000,10,diesel,mercedes_benz,nein,2016-03-30 00:00:00,0,21031,2016-04-03 02:20:04
83850,2016-03-27 01:57:12,Bmw_e39_Kombi__steuerkette_und_kopfdichtung_neu,privat,Angebot,1600,test,kombi,1997,manuell,193,5er,150000,12,benzin,bmw,nein,2016-03-27 00:00:00,0,48683,2016-04-07 04:45:08
67479,2016-03-11 09:37:13,Sommerreifen_175/70_R14_auf_Felgen,privat,Angebot,160,control,,1910,,0,,5000,0,,hyundai,,2016-03-11 00:00:00,0,52525,2016-03-24 10:15:33
359530,2016-03-05 18:48:41,Ford_Mondeo_2.0_Turnier_TDCi_Ambiente,privat,Angebot,3000,test,kombi,2006,manuell,116,mondeo,150000,9,diesel,ford,ja,2016-03-05 00:00:00,0,23881,2016-03-24 19:46:48
205431,2016-03-14 19:55:37,Mercedes_Benz_A_180_CDI_Autotronic_Avantgarde_DPF,privat,Angebot,13600,control,limousine,2011,automatik,109,a_klasse,30000,7,diesel,mercedes_benz,nein,2016-03-14 00:00:00,0,89522,2016-04-06 05:46:09
36333,2016-03-11 11:50:53,Volkswagen_Passat_Variant_1.9_TDI_Clinatronic,privat,Angebot,650,control,kombi,1998,manuell,110,passat,150000,5,diesel,volkswagen,nein,2016-03-11 00:00:00,0,86405,2016-03-11 11:50:53
167672,2016-03-12 10:52:37,Mini_Paceman_Cooper_S_All4_Automatik_Leasing_319€,privat,Angebot,319,control,andere,2013,automatik,184,cooper,40000,3,benzin,mini,nein,2016-03-12 00:00:00,0,22459,2016-04-06 02:46:40
295477,2016-03-24 17:38:34,Audi_Q5_3.0_TDI_quattro_S_tronic,privat,Angebot,24999,control,limousine,2012,automatik,239,q5,150000,11,diesel,audi,nein,2016-03-24 00:00:00,0,32805,2016-03-26 02:18:28
87213,2016-03-29 00:57:38,Mercedes_Benz_E_220_CDI_Classic_DPF,privat,Angebot,7800,test,limousine,2005,manuell,150,e_klasse,150000,9,diesel,mercedes_benz,nein,2016-03-28 00:00:00,0,52223,2016-03-29 08:39:34
27917,2016-03-31 08:56:52,Renault_clio_2002,privat,Angebot,499,control,kleinwagen,2002,,0,clio,150000,9,benzin,renault,,2016-03-31 00:00:00,0,42489,2016-04-06 01:46:43
228690,2016-03-10 20:58:16,Mercedes_C_180_Esprit,privat,Angebot,2900,test,limousine,1997,automatik,123,c_klasse,60000,3,benzin,mercedes_benz,,2016-03-10 00:00:00,0,71665,2016-04-06 03:16:08
94363,2016-03-21 19:38:29,Opel_Vectra_2.2,privat,Angebot,1100,test,limousine,2003,manuell,147,vectra,150000,4,benzin,opel,ja,2016-03-21 00:00:00,0,92545,2016-03-23 00:45:05
183432,2016-03-15 15:53:37,Mercedes_Benz_B_200_CDI__BlueEFFICIENCY__7G_DCT,privat,Angebot,22222,control,bus,2012,automatik,136,b_klasse,60000,6,diesel,mercedes_benz,nein,2016-03-15 00:00:00,0,13437,2016-04-06 08:16:09
277234,2016-03-30 00:57:07,Skoda_Fabia_TÜV_neu,privat,Angebot,2490,test,kleinwagen,2000,manuell,0,fabia,150000,0,benzin,skoda,,2016-03-29 00:00:00,0,9669,2016-04-01 01:46:35
200524,2016-03-27 14:49:04,Mercedes_Benz_C_180_Elegance,privat,Angebot,1900,control,limousine,1995,automatik,122,c_klasse,150000,7,benzin,mercedes_benz,nein,2016-03-27 00:00:00,0,96342,2016-04-07 11:45:05
292629,2016-03-08 19:38:43,BMW_735iL,privat,Angebot,2999,test,limousine,1996,manuell,235,7er,150000,3,benzin,bmw,nein,2016-03-08 00:00:00,0,24876,2016-04-05 13:44:30
225592,2016-03-11 09:55:21,VOLVO_V70/_2_4T_zu_verkaufen,privat,Angebot,4500,control,kombi,1997,automatik,193,v70,150000,7,benzin,volvo,nein,2016-03-11 00:00:00,0,74395,2016-04-02 22:45:45
160037,2016-04-05 00:59:09,Opel_Astra_1.6_G_Caravan__TÜV_NEU!!!,privat,Angebot,1850,control,kombi,1999,manuell,75,astra,125000,10,benzin,opel,nein,2016-04-04 00:00:00,0,25821,2016-04-05 08:40:20
188651,2016-03-07 08:37:02,Ford_Fiesta_1.3_Ghia_Euro4_mit_TueV,privat,Angebot,899,control,kleinwagen,2002,manuell,69,fiesta,90000,12,benzin,ford,nein,2016-03-07 00:00:00,0,93053,2016-03-11 19:47:20
352315,2016-03-13 17:50:28,Citroën_Saxo_ohne_TÜV,privat,Angebot,100,control,kleinwagen,1998,manuell,60,andere,150000,9,benzin,citroen,ja,2016-03-13 00:00:00,0,55278,2016-03-24 06:46:23
172045,2016-03-16 15:45:04,"Volkswagen_Polo_1.6_TDI_Comfortline/Klimaanlage/Alu_16""",privat,Angebot,7690,test,kleinwagen,2010,manuell,90,polo,70000,11,diesel,volkswagen,nein,2016-03-16 00:00:00,0,41515,2016-03-16 15:45:04
37981,2016-03-25 10:38:16,Familienauto_sucht_neues_zu_Hause!,privat,Angebot,5800,test,kombi,2005,manuell,125,v50,150000,10,benzin,volvo,nein,2016-03-25 00:00:00,0,25746,2016-04-06 09:45:36
140323,2016-03-21 18:46:00,Verkaufe_Alfa_Romeo156_2.0TS,privat,Angebot,850,test,,2016,manuell,155,156,150000,0,benzin,alfa_romeo,ja,2016-03-21 00:00:00,0,23758,2016-03-21 18:46:00
307838,2016-03-14 21:40:14,Audi_A4_B5_2.4_165_PS_+_VOLLTANK,privat,Angebot,1000,test,limousine,1998,manuell,0,a4,150000,0,,audi,,2016-03-14 00:00:00,0,78532,2016-03-16 14:16:43
248360,2016-03-10 16:46:50,Super_gepflegter_Audi_A6_Avant_2.7_TDI_multitronic,privat,Angebot,12900,control,kombi,2008,automatik,180,a6,150000,5,diesel,audi,nein,2016-03-10 00:00:00,0,8315,2016-03-22 07:18:45
149768,2016-03-08 00:48:49,Opel_OPEL_CORSA_B_JOY_TÜV_+_REIFEN_NEU_TOP_ZUSTAND,privat,Angebot,1299,control,kleinwagen,1997,manuell,60,corsa,150000,5,benzin,opel,nein,2016-03-07 00:00:00,0,50672,2016-04-05 19:16:47
188820,2016-03-28 16:49:44,Audi_A4_Cabrio__Xenon__Volleder,privat,Angebot,10700,test,cabrio,2002,automatik,170,andere,70000,7,benzin,audi,nein,2016-03-28 00:00:00,0,99768,2016-04-01 01:44:45
208371,2016-03-05 15:45:15,Ford_C_Max,privat,Angebot,2990,control,bus,2004,manuell,109,c_max,150000,1,diesel,ford,nein,2016-03-05 00:00:00,0,28857,2016-03-23 10:17:41
89160,2016-03-16 13:45:25,Audi_A3_1.6__Automatik_Vollausstatung_Schiebedach_im_Top_Zustand,privat,Angebot,3600,control,limousine,2003,automatik,103,a3,150000,12,,audi,nein,2016-03-16 00:00:00,0,13585,2016-03-17 11:17:52
309231,2016-03-09 08:52:55,Corsa_1.2_16V__1_Hand/Sitzheizung/Parkpilot_u.s.w.,privat,Angebot,6999,test,limousine,2011,manuell,69,corsa,70000,8,benzin,opel,nein,2016-03-09 00:00:00,0,51147,2016-04-07 10:46:38
185039,2016-03-17 13:51:06,Suzuki_Vitara_2.0___16V,privat,Angebot,1900,control,suv,1999,manuell,132,andere,150000,5,benzin,suzuki,nein,2016-03-17 00:00:00,0,90443,2016-03-17 14:40:16
360848,2016-03-23 14:39:03,Volkswagen_Golf_1.9_TDI_4Motion,privat,Angebot,5300,test,limousine,2003,manuell,150,golf,150000,9,diesel,volkswagen,nein,2016-03-23 00:00:00,0,96106,2016-04-05 15:18:28
4533,2016-03-21 20:50:20,Mercedes_Benz_Vaneo_CDI_1.7_La_Vida,privat,Angebot,4150,control,bus,2005,automatik,91,andere,125000,10,diesel,mercedes_benz,nein,2016-03-21 00:00:00,0,70327,2016-03-25 18:47:34
144052,2016-03-23 19:56:09,Mercedes_Benz_Viano_2.2_CDI_DPF_lang_Automatik_Avantgarde,privat,Angebot,31000,control,bus,2013,automatik,163,viano,40000,8,diesel,mercedes_benz,nein,2016-03-23 00:00:00,0,7548,2016-04-06 01:45:39
262324,2016-03-17 19:47:30,BMW_X3_2.0d,privat,Angebot,13600,control,limousine,2008,manuell,177,x_reihe,150000,5,diesel,bmw,nein,2016-03-17 00:00:00,0,58640,2016-03-27 12:17:57
203398,2016-03-28 14:39:27,Peugeot_307_CC_HDi_FAP_135_Platinum,privat,Angebot,8499,test,cabrio,2007,manuell,136,3_reihe,150000,7,diesel,peugeot,nein,2016-03-28 00:00:00,0,50765,2016-04-06 18:19:18
325182,2016-03-19 10:49:44,Volkswagen_Golf_Cabrio_1.8_Joker,privat,Angebot,1770,test,cabrio,1997,manuell,75,golf,100000,9,benzin,volkswagen,nein,2016-03-19 00:00:00,0,79249,2016-03-20 12:19:22
352064,2016-03-26 14:48:05,VW_Jetta_2_1.6D_Diesel_H_Kennzeichen,privat,Angebot,666,control,,1990,manuell,0,jetta,150000,3,,volkswagen,,2016-03-26 00:00:00,0,29646,2016-03-26 14:48:05
251196,2016-03-08 14:58:25,Mitsubishi_Carisma_1_6L_Evolution_Umbau_Tuev_07.2016,privat,Angebot,1500,test,limousine,1997,automatik,90,carisma,150000,9,benzin,mitsubishi,,2016-03-08 00:00:00,0,68167,2016-04-06 06:46:53
243577,2016-03-28 20:49:22,Volkswagen_Polo_6N_Servo_Airbag_1_3,privat,Angebot,990,control,kleinwagen,1995,manuell,55,polo,150000,6,benzin,volkswagen,,2016-03-28 00:00:00,0,36251,2016-04-07 03:44:33
121140,2016-03-15 14:25:17,Volkswagen_Lupo,privat,Angebot,899,test,kleinwagen,1999,,0,lupo,150000,3,benzin,volkswagen,nein,2016-03-15 00:00:00,0,65232,2016-03-17 09:12:07
271839,2016-03-21 18:44:48,BMW_530d,privat,Angebot,1150,test,limousine,2000,automatik,184,5er,150000,5,diesel,bmw,nein,2016-03-21 00:00:00,0,90763,2016-03-21 18:44:48
21020,2016-03-26 19:46:06,Mercedes_Benz_e_270,privat,Angebot,2200,control,limousine,2002,automatik,1704,e_klasse,150000,1,,mercedes_benz,ja,2016-03-26 00:00:00,0,31812,2016-04-06 09:44:59
141834,2016-03-29 16:06:22,S_Max_2.2_TDCi_DPF_Durashift_Titanium_S_Xenon,privat,Angebot,6000,control,bus,2012,automatik,200,s_max,60000,3,diesel,ford,nein,2016-03-29 00:00:00,0,60311,2016-03-29 16:06:22
250213,2016-03-15 22:36:57,Citroen_C4,privat,Angebot,5000,control,limousine,2010,manuell,90,c4,125000,4,diesel,citroen,nein,2016-03-15 00:00:00,0,59199,2016-03-18 02:17:53
14062,2016-03-19 16:38:58,Opel_Corsa,privat,Angebot,600,test,kleinwagen,1997,manuell,60,corsa,150000,10,benzin,opel,nein,2016-03-19 00:00:00,0,53773,2016-03-23 03:49:56
795,2016-03-21 14:49:56,Sehr_schoener_gepflegter_VW_Touran_1.4,privat,Angebot,13500,control,bus,2010,manuell,140,touran,70000,1,,volkswagen,,2016-03-21 00:00:00,0,36145,2016-04-06 12:15:30
32275,2016-03-20 16:06:19,Audi_100_Quattro_Sport_Typ_44_sehr_selten,privat,Angebot,2400,test,limousine,1991,manuell,133,100,150000,1,,audi,ja,2016-03-20 00:00:00,0,56249,2016-03-25 20:44:40
289334,2016-04-01 10:40:18,Golf_5_2.0_tdi_140ps._Automatik,privat,Angebot,6380,control,limousine,2005,automatik,140,golf,150000,10,diesel,volkswagen,nein,2016-04-01 00:00:00,0,24114,2016-04-07 06:46:17
58319,2016-03-31 11:51:03,Renault_Clio_1.4_16V_schwarz,privat,Angebot,999,control,kleinwagen,1999,manuell,75,clio,150000,7,benzin,renault,nein,2016-03-31 00:00:00,0,58640,2016-04-06 04:44:19
147157,2016-03-28 12:47:56,Mercedes_A_Klasse_A_180_Avantgarde_schwarz__116_PS__Junger_Stern,privat,Angebot,10900,test,limousine,2010,manuell,116,a_klasse,90000,1,benzin,mercedes_benz,,2016-03-28 00:00:00,0,88212,2016-04-06 15:46:34
66047,2016-03-23 16:47:10,Audi_A3_1.8_Ambition,privat,Angebot,800,test,limousine,1998,manuell,125,a3,150000,10,benzin,audi,nein,2016-03-23 00:00:00,0,96465,2016-04-05 20:16:50
136236,2016-03-12 08:53:53,Mazda_MX_3,privat,Angebot,680,control,coupe,1995,manuell,107,mx_reihe,150000,0,benzin,mazda,nein,2016-03-12 00:00:00,0,29594,2016-04-05 20:46:30
249367,2016-03-21 14:52:58,Skoda_Fabia_1.2_Classic_2._Hand_Scheckheftgepfl._Klima,privat,Angebot,3250,control,kleinwagen,2005,manuell,54,fabia,150000,6,benzin,skoda,nein,2016-03-21 00:00:00,0,6888,2016-04-06 12:15:41
74195,2016-04-04 02:36:41,Renault_Twingo_1.2,privat,Angebot,500,control,kleinwagen,1998,manuell,58,twingo,150000,10,benzin,renault,ja,2016-04-04 00:00:00,0,42653,2016-04-06 08:45:29
157955,2016-03-22 19:49:38,Merzedes_Benz__1_8__BJ_1995__46000Km__Erste__Hand___Automatik,privat,Angebot,850,test,limousine,1995,automatik,122,c_klasse,50000,3,benzin,mercedes_benz,nein,2016-03-22 00:00:00,0,72458,2016-03-22 19:49:38
234458,2016-03-14 10:54:33,Verkaufe_hier_meinen_Renault_Grand_Senic,privat,Angebot,4500,control,bus,2008,manuell,0,scenic,125000,1,benzin,renault,,2016-03-14 00:00:00,0,77652,2016-04-07 11:44:23
306136,2016-04-01 22:58:31,Subaru_Forester_2.0D_Comfort,privat,Angebot,14990,test,kombi,2009,manuell,147,forester,30000,3,diesel,subaru,nein,2016-04-01 00:00:00,0,94121,2016-04-06 00:46:02
43480,2016-03-20 20:39:15,Ford_Focus_1.6_16V_Style,privat,Angebot,4500,test,limousine,2007,manuell,101,focus,125000,6,benzin,ford,nein,2016-03-20 00:00:00,0,9496,2016-03-23 07:15:57
238575,2016-03-27 21:55:09,Audi_80_b3_mit_TÜV,privat,Angebot,1000,test,limousine,1990,manuell,90,80,150000,6,benzin,audi,nein,2016-03-27 00:00:00,0,17034,2016-04-05 21:46:05
288515,2016-04-02 15:49:39,BMW_Z4_Coupé___3.0si_Executivee,privat,Angebot,8270,control,cabrio,2008,automatik,265,z_reihe,125000,9,benzin,bmw,nein,2016-04-02 00:00:00,0,10245,2016-04-02 15:49:39
367580,2016-04-01 22:51:50,Mercedes_Benz_ML_320_CDI_4xMatic_7G_TRONIC_EURO_4_Tuef_&AU_NEU,privat,Angebot,10900,test,suv,2007,automatik,224,m_klasse,150000,12,diesel,mercedes_benz,nein,2016-04-01 00:00:00,0,10719,2016-04-01 23:44:07
183449,2016-03-15 18:41:57,Ford_Mondeo_zum_Schlachten!!!,privat,Angebot,150,control,kombi,1998,manuell,116,mondeo,150000,4,benzin,ford,ja,2016-03-15 00:00:00,0,44265,2016-03-20 15:17:48
157080,2016-03-28 12:58:59,Golf_3_mit_TÜV,privat,Angebot,1800,test,kleinwagen,1997,manuell,60,golf,150000,3,benzin,volkswagen,nein,2016-03-28 00:00:00,0,29693,2016-04-06 16:15:38
316246,2016-03-19 20:49:41,Peugeot_206_TÜV_bis_04/2017_Gepflegt_!_NOTVERKAUF,privat,Angebot,1200,control,,2017,manuell,68,2_reihe,150000,12,,peugeot,nein,2016-03-19 00:00:00,0,91637,2016-03-23 08:44:27
321584,2016-03-08 08:54:48,Seat_Ibiza_Motorschaden,privat,Angebot,400,test,kleinwagen,2001,manuell,60,ibiza,150000,3,benzin,seat,ja,2016-03-08 00:00:00,0,67663,2016-03-13 02:16:06
328071,2016-04-03 01:57:07,Peugeot_Partner,privat,Angebot,4998,control,bus,2011,manuell,75,andere,100000,12,diesel,peugeot,nein,2016-04-03 00:00:00,0,73529,2016-04-07 10:16:19
205686,2016-03-28 17:55:42,Volkswagen_Touran_1.9_TDI_DPF_Goal,privat,Angebot,5250,test,bus,2006,manuell,105,touran,150000,9,diesel,volkswagen,nein,2016-03-28 00:00:00,0,34134,2016-04-06 23:46:10
104538,2016-04-03 16:48:47,Volkswagen_Touran_1_6_2005_mit_7_Sitzer.,privat,Angebot,5950,control,bus,2005,manuell,102,touran,125000,5,benzin,volkswagen,nein,2016-04-03 00:00:00,0,37191,2016-04-05 16:45:55
131952,2016-04-02 22:47:20,Ford_Fiesta_1.4_TDCI_Ghia,privat,Angebot,2800,test,kleinwagen,2004,manuell,68,fiesta,150000,9,diesel,ford,nein,2016-04-02 00:00:00,0,44145,2016-04-06 23:45:52
338925,2016-03-23 15:57:39,CabrioBMW_645__mit_M_Paket_Sommerfahrzeug,privat,Angebot,21000,test,cabrio,2005,automatik,333,6er,90000,6,,bmw,nein,2016-03-23 00:00:00,0,52080,2016-03-26 09:45:33
1397,2016-03-26 22:56:36,Volkswagen_Golf_Variant_1.4_TSI_Highline___Viele_Extras,privat,Angebot,13990,test,kombi,2010,manuell,160,golf,100000,3,benzin,volkswagen,nein,2016-03-26 00:00:00,0,79271,2016-04-01 03:44:32
193100,2016-03-27 14:58:23,BMW_520d_Sport_Aut.,privat,Angebot,15500,control,limousine,2011,automatik,184,5er,150000,11,diesel,bmw,nein,2016-03-27 00:00:00,0,36419,2016-03-27 15:40:07
206514,2016-03-20 12:44:10,Opel_Corsa_B_1.0_12V_Advantage_TÜV_08/16,privat,Angebot,350,test,kleinwagen,1997,manuell,55,corsa,150000,12,benzin,opel,nein,2016-03-20 00:00:00,0,48282,2016-03-28 10:17:44
265967,2016-03-25 13:45:06,Mercedes_Benz_B_180__BlueEFFICIENCY__7G_DCT,privat,Angebot,24990,test,bus,2014,automatik,122,b_klasse,5000,8,benzin,mercedes_benz,nein,2016-03-25 00:00:00,0,88499,2016-04-06 15:45:25
223308,2016-03-29 23:55:47,Volkswagen_VW_Polo16V__Color/101_PS__Color_Conzept_/selten,privat,Angebot,2690,control,kleinwagen,1998,manuell,0,polo,125000,3,benzin,volkswagen,nein,2016-03-29 00:00:00,0,36205,2016-04-02 20:48:13
145204,2016-03-21 18:42:32,Volkswagen_Caravelle_Kurz__5.Si._,privat,Angebot,13000,test,bus,2007,manuell,200,transporter,150000,12,diesel,volkswagen,nein,2016-03-21 00:00:00,0,39114,2016-03-21 18:42:32
228468,2016-03-12 19:44:02,Volkswagen_Golf_2.0_GTI_Xenon,privat,Angebot,10500,test,limousine,2004,manuell,200,golf,125000,12,benzin,volkswagen,nein,2016-03-12 00:00:00,0,67346,2016-03-14 12:16:19
227931,2016-03-30 23:49:27,"Smart_forfour_""sportstyle""_brabus_122PS",privat,Angebot,4700,control,kleinwagen,2005,manuell,122,forfour,125000,6,benzin,smart,nein,2016-03-30 00:00:00,0,9648,2016-04-05 23:17:38
49029,2016-03-12 22:49:20,Volkswagen_Polo_1.6_TDI_TÜV_neu,privat,Angebot,9200,control,kleinwagen,2010,manuell,105,polo,125000,1,diesel,volkswagen,nein,2016-03-12 00:00:00,0,47051,2016-03-14 16:17:39
279072,2016-03-06 10:48:16,Ford_Focus_RS_2.5_Vollausstattung_Miltek_Stoptech,privat,Angebot,28500,test,kleinwagen,2010,manuell,305,focus,40000,8,benzin,ford,nein,2016-03-06 00:00:00,0,49477,2016-03-19 07:15:16
74154,2016-03-11 16:49:04,BMW_320d___*Automatik_*Vollaustattung_*Checkheft,privat,Angebot,10900,control,limousine,2007,automatik,163,3er,150000,6,diesel,bmw,nein,2016-03-11 00:00:00,0,56566,2016-04-06 13:46:13
36339,2016-03-16 19:57:54,Volkswagen_Golf_4,privat,Angebot,1700,test,limousine,1998,manuell,101,golf,150000,4,benzin,volkswagen,nein,2016-03-16 00:00:00,0,68163,2016-03-27 10:46:56
200428,2016-03-19 15:37:48,Hyundai_Tucson_2.0_Allrad,privat,Angebot,4000,control,suv,2005,manuell,125,tucson,150000,10,diesel,hyundai,nein,2016-03-19 00:00:00,0,24539,2016-04-06 23:45:37
134073,2016-03-09 12:58:26,Mitsubishi_Colt_CZ3_1.1,privat,Angebot,2199,control,limousine,2006,manuell,75,colt,150000,11,benzin,mitsubishi,nein,2016-03-09 00:00:00,0,81477,2016-04-03 22:44:48
42451,2016-03-25 18:51:18,Opel_Corsa_12V_Swing,privat,Angebot,750,test,kleinwagen,1998,manuell,54,corsa,150000,5,benzin,opel,nein,2016-03-25 00:00:00,0,39576,2016-03-30 10:17:32
106400,2016-03-19 12:57:40,Mercedes_Benz_E_280_T_Elegance_4_Matic,privat,Angebot,2000,test,kombi,2000,automatik,204,e_klasse,150000,6,benzin,mercedes_benz,nein,2016-03-19 00:00:00,0,99338,2016-04-06 18:48:34
250712,2016-03-28 17:47:36,Mercedes_Sprinter_308_CDI,privat,Angebot,2400,test,bus,2002,manuell,82,sprinter,150000,0,,mercedes_benz,,2016-03-28 00:00:00,0,20539,2016-04-04 21:16:14
176071,2016-03-19 22:51:02,Volvo_XC90_D5_Automatik,privat,Angebot,9800,test,suv,2005,,0,xc_reihe,150000,9,diesel,volvo,nein,2016-03-19 00:00:00,0,55124,2016-04-06 08:45:41
340427,2016-03-15 21:55:29,Peugeot_206+_75_NEUES_MODEL_1_4_75PS_1_HAND_Klima_WEIS.,privat,Angebot,2750,control,kleinwagen,2009,manuell,75,2_reihe,150000,4,benzin,peugeot,nein,2016-03-15 00:00:00,0,24568,2016-03-17 19:50:09
51100,2016-03-21 17:57:23,BMW_318is,privat,Angebot,2800,control,coupe,1994,manuell,140,3er,150000,1,benzin,bmw,nein,2016-03-21 00:00:00,0,64295,2016-04-06 19:47:47
111575,2016-03-24 15:53:10,Peugeot_206+_75,privat,Angebot,5000,test,kleinwagen,2009,manuell,75,2_reihe,60000,7,benzin,peugeot,nein,2016-03-24 00:00:00,0,76646,2016-04-07 07:46:44
152338,2016-03-12 00:39:32,Hyundai_Terracan_2.9_CRDI_+_TÜV_10.2017_*EURO*4*,privat,Angebot,7000,test,,2017,manuell,163,,150000,0,diesel,hyundai,,2016-03-11 00:00:00,0,33647,2016-03-20 01:16:50
313288,2016-03-09 14:40:53,Mercedes_Benz_CLK_Coupe_230_Kompressor,privat,Angebot,3000,test,coupe,1999,automatik,193,clk,150000,11,lpg,mercedes_benz,nein,2016-03-09 00:00:00,0,32130,2016-03-11 09:16:59
74348,2016-03-25 13:06:22,Volkswagen_Sharan_1.9_TDI_Highline,privat,Angebot,6500,test,bus,2005,manuell,131,sharan,150000,10,diesel,volkswagen,nein,2016-03-25 00:00:00,0,60437,2016-04-07 06:44:26
156109,2016-03-29 09:56:54,Volvo_960,privat,Angebot,2500,test,limousine,1992,automatik,204,andere,150000,7,benzin,volvo,nein,2016-03-29 00:00:00,0,49808,2016-04-01 21:15:24
248037,2016-03-19 13:52:52,DAIHATSU__CUORE__Bj.2005,privat,Angebot,850,test,kleinwagen,2005,manuell,58,cuore,150000,6,benzin,daihatsu,nein,2016-03-19 00:00:00,0,32257,2016-03-27 03:18:26
46282,2016-03-19 09:52:02,Ford_Granada_Rappold_Leichenwagen_Oldtimer,privat,Angebot,6000,test,kombi,1984,manuell,90,andere,100000,3,benzin,ford,nein,2016-03-19 00:00:00,0,50171,2016-04-06 08:45:57
64161,2016-03-14 20:39:53,Golf_IV_TÜV_NEU,privat,Angebot,2250,control,limousine,2001,manuell,75,,150000,0,benzin,volkswagen,nein,2016-03-14 00:00:00,0,97638,2016-03-17 10:44:20
350206,2016-03-05 18:37:32,Gepflegter_Polo_86C_Checkheft_PRIVAT,privat,Angebot,650,test,kleinwagen,1992,manuell,55,polo,100000,8,,volkswagen,,2016-03-05 00:00:00,0,12167,2016-03-06 03:17:39
59679,2016-03-12 21:38:21,Verkaufe_Mercedes_B_Klasse_guter_Zustand,privat,Angebot,7000,test,kombi,2006,manuell,136,b_klasse,80000,1,benzin,mercedes_benz,nein,2016-03-12 00:00:00,0,68775,2016-04-05 18:44:46
213895,2016-03-11 08:52:50,Audi_A4_Allroad,privat,Angebot,900,test,kombi,1997,manuell,150,a4,150000,8,benzin,audi,ja,2016-03-11 00:00:00,0,1979,2016-03-11 08:52:50
181751,2016-03-23 07:54:04,Mercedes_Benz_220_Rechtslenker_Franzoesische_Papiere_1973_Oldtimer,privat,Angebot,5999,control,limousine,1973,automatik,60,e_klasse,90000,1,benzin,mercedes_benz,nein,2016-03-23 00:00:00,0,76646,2016-04-07 06:16:36
286179,2016-04-04 22:48:06,Verkaufe_Volkswagen_Golf_Mit_Tuev_3/2018Angemeldet...,privat,Angebot,2000,test,kleinwagen,1999,automatik,0,golf,100000,0,benzin,volkswagen,nein,2016-04-04 00:00:00,0,10551,2016-04-07 01:45:55
164756,2016-03-28 10:54:55,Jeep_Grand_Cherokee,privat,Angebot,4950,control,suv,2005,automatik,215,grand,150000,6,lpg,jeep,nein,2016-03-28 00:00:00,0,26835,2016-04-06 12:45:22
146566,2016-03-28 13:48:07,Dodge_RAM__Pickup,privat,Angebot,4500,test,,2000,automatik,0,,150000,0,benzin,sonstige_autos,,2016-03-28 00:00:00,0,67167,2016-03-28 13:48:07
8355,2016-04-04 12:39:13,Golf_5_TDI__1.9,privat,Angebot,3900,control,,2016,manuell,105,golf,150000,8,,volkswagen,nein,2016-04-04 00:00:00,0,81737,2016-04-06 13:44:21
328765,2016-04-01 07:55:33,Aus_gesundheitlichen_Gruenden_zu_Verkaufen!_REDUZIERT!,privat,Angebot,6980,test,limousine,2005,manuell,116,1er,125000,1,diesel,bmw,nein,2016-04-01 00:00:00,0,55232,2016-04-03 05:15:56
11790,2016-03-31 22:52:35,Ford_Mondeo,privat,Angebot,350,test,kombi,1998,manuell,90,mondeo,150000,0,benzin,ford,,2016-03-31 00:00:00,0,74653,2016-04-06 19:47:42
211649,2016-03-08 10:57:37,Vw_Bora_1.9_tdi_131_ps_6_gang_leder,privat,Angebot,3000,test,kombi,2002,manuell,131,bora,150000,8,,volkswagen,nein,2016-03-08 00:00:00,0,24975,2016-03-11 13:45:28
183150,2016-03-31 19:25:02,Chrysler_300_M_2.7_Vollausstattung_in_Leder__Alus_+_TÜV,privat,Angebot,799,control,limousine,1999,automatik,203,andere,150000,5,benzin,chrysler,nein,2016-03-31 00:00:00,0,60435,2016-04-05 17:26:11
9790,2016-03-27 04:02:37,Audi_A6_Avant_2.7_TDI,privat,Angebot,7500,test,kombi,2006,manuell,179,a6,150000,1,diesel,audi,nein,2016-03-27 00:00:00,0,86368,2016-04-07 05:17:16
117731,2016-03-29 23:47:28,Renault_Megane_1.6_Grandtour_Avantage,privat,Angebot,2450,control,kombi,2005,manuell,113,megane,150000,11,benzin,renault,nein,2016-03-29 00:00:00,0,23863,2016-03-30 00:42:47
341917,2016-03-20 23:36:24,Opel_Corsa_1.0_12V_Edition,privat,Angebot,4699,control,kleinwagen,2009,manuell,60,corsa,40000,4,benzin,opel,nein,2016-03-20 00:00:00,0,52428,2016-03-21 07:42:51
40521,2016-03-27 00:59:02,VW__T5__Bus__Shuttle__Klima__TDI_131_PS__9_Sitze__Navi_gross,privat,Angebot,13700,test,bus,2008,manuell,131,transporter,150000,11,diesel,volkswagen,nein,2016-03-26 00:00:00,0,19372,2016-04-07 04:17:35
69645,2016-03-30 11:43:24,VW_polo_6N,privat,Angebot,277,test,kleinwagen,1995,manuell,55,polo,150000,6,benzin,volkswagen,,2016-03-30 00:00:00,0,48477,2016-03-30 11:43:24
92422,2016-03-25 13:42:15,Audi_A6_lpg_Tausch_moeglich,privat,Angebot,2350,test,limousine,1996,automatik,150,a6,150000,1,lpg,audi,nein,2016-03-25 00:00:00,0,42781,2016-04-06 15:44:41
260695,2016-03-24 14:46:08,BMW_530d_touring_Edition_Exclusive,privat,Angebot,3350,test,kombi,2002,automatik,193,5er,150000,5,diesel,bmw,nein,2016-03-24 00:00:00,0,22159,2016-04-01 09:46:39
336458,2016-03-24 21:48:25,S_Mega_Vollausstattung,privat,Angebot,3949,test,coupe,2007,manuell,0,cooper,90000,10,benzin,mini,nein,2016-03-24 00:00:00,0,36119,2016-03-24 21:48:25
259695,2016-03-10 17:50:00,Treuer_Opel_Astra_fahrbereit_als_Bastlerfahrzeug,privat,Angebot,300,control,kombi,1998,manuell,101,astra,150000,12,lpg,opel,,2016-03-10 00:00:00,0,58339,2016-03-18 03:16:28
15814,2016-03-24 11:43:50,Audi_A_6_Quattro_TDI_Allroad_Voll,privat,Angebot,3500,test,kombi,2005,automatik,179,a6,150000,1,diesel,audi,nein,2016-03-24 00:00:00,0,86480,2016-03-29 03:45:16
49043,2016-04-03 01:54:38,Mercedes_Benz_320_cdi,privat,Angebot,1300,control,kombi,2001,automatik,0,e_klasse,150000,0,diesel,mercedes_benz,,2016-04-02 00:00:00,0,30627,2016-04-03 08:40:09
351227,2016-03-28 15:52:20,verkaufe_Audi_A5_coupe_5Tuerig,privat,Angebot,20300,control,limousine,2010,automatik,240,a5,20000,1,diesel,audi,,2016-03-28 00:00:00,0,33602,2016-04-04 18:45:47
218137,2016-03-20 21:54:55,Volkswagen_Multivan_4MOTION_Highline,privat,Angebot,37500,test,bus,2012,manuell,179,transporter,60000,8,diesel,volkswagen,,2016-03-20 00:00:00,0,66663,2016-04-07 07:16:35
3472,2016-03-07 10:50:24,Peugeot_307__Silber_Metallic__Sportauspuff_und_Heckspoiler,privat,Angebot,1500,test,,2017,manuell,110,3_reihe,150000,12,benzin,peugeot,nein,2016-03-07 00:00:00,0,99326,2016-03-08 10:17:37
156301,2016-03-15 18:45:32,GM_Daewoo_Kalos_1_2__4_Tuerig__Klima_ZV_el.FH,privat,Angebot,2390,control,limousine,2005,manuell,72,kalos,125000,5,benzin,daewoo,nein,2016-03-15 00:00:00,0,87452,2016-04-06 19:17:52
194222,2016-03-14 19:50:04,BMW_e39_540i,privat,Angebot,6500,control,limousine,1998,automatik,0,5er,150000,0,benzin,bmw,,2016-03-14 00:00:00,0,27412,2016-03-21 12:15:22
362786,2016-03-30 15:44:59,Ford_Focus_ST/RS,privat,Angebot,9500,test,,2017,manuell,320,focus,150000,1,benzin,ford,nein,2016-03-30 00:00:00,0,76848,2016-04-06 20:44:41
214409,2016-03-23 17:51:21,BMW_X4_xDrive20d_Aut._M_Paket,privat,Angebot,43990,control,limousine,2015,automatik,190,x_reihe,20000,4,diesel,bmw,nein,2016-03-23 00:00:00,0,94405,2016-04-05 22:17:48
262464,2016-03-27 11:51:36,Dacia_Duster_Prestige_mit_Maximalausstattung_und_Designpaket,privat,Angebot,9900,test,suv,2011,manuell,110,duster,90000,6,diesel,dacia,,2016-03-27 00:00:00,0,66636,2016-04-07 07:16:10
56603,2016-03-11 09:51:20,Opel_Corsa_1.0_12V_Comfort,privat,Angebot,1200,control,kleinwagen,2001,manuell,58,corsa,150000,7,benzin,opel,nein,2016-03-11 00:00:00,0,26817,2016-03-13 04:46:47
276441,2016-03-16 16:46:05,Escort_TÜV_10.16,privat,Angebot,650,control,,2000,,0,escort,150000,0,,ford,,2016-03-16 00:00:00,0,31246,2016-03-19 14:17:18
9688,2016-03-18 05:21:54,Mercedes_Benz_E_220___Avantgarde.,privat,Angebot,10000,test,kombi,2007,automatik,170,e_klasse,150000,7,diesel,mercedes_benz,nein,2016-03-17 00:00:00,0,55130,2016-04-07 01:15:32
264914,2016-03-27 14:49:22,Volkswagen_Golf_2.3_V5_Highline,privat,Angebot,2699,control,limousine,2000,manuell,150,golf,150000,1,benzin,volkswagen,nein,2016-03-27 00:00:00,0,72202,2016-04-05 09:15:29
90761,2016-04-04 23:48:36,Audi_2.0_tdi_s_line,privat,Angebot,5249,control,coupe,2004,manuell,140,a3,150000,2,diesel,audi,nein,2016-04-04 00:00:00,0,21706,2016-04-07 04:16:56
102053,2016-03-13 13:43:44,Verkaufe_VW_Golf,privat,Angebot,420,test,kleinwagen,1995,manuell,60,golf,150000,11,benzin,volkswagen,nein,2016-03-13 00:00:00,0,87700,2016-04-06 15:46:27
259281,2016-03-18 17:47:18,Volvo_V70_2.4T,privat,Angebot,3600,test,kombi,2000,manuell,200,v70,150000,5,benzin,volvo,nein,2016-03-18 00:00:00,0,74626,2016-04-05 22:45:01
44098,2016-04-05 00:56:51,Toyota_MR_2_Roadster_SMT,privat,Angebot,5000,control,cabrio,2003,automatik,140,andere,90000,4,benzin,toyota,nein,2016-04-05 00:00:00,0,66822,2016-04-07 11:15:39
200631,2016-03-21 00:41:10,Fiat_Spider_CS1,privat,Angebot,15000,test,cabrio,1978,manuell,0,andere,5000,7,benzin,fiat,nein,2016-03-20 00:00:00,0,32479,2016-04-07 11:17:35
328357,2016-03-31 21:38:15,Seat_Leon_1.6_16V_Torrid,privat,Angebot,2899,test,limousine,2003,manuell,105,leon,150000,3,benzin,seat,nein,2016-03-31 00:00:00,0,99423,2016-04-06 16:45:27
283439,2016-03-08 12:50:14,Volkswagen_Polo_6n,privat,Angebot,199,test,kleinwagen,1998,manuell,50,polo,150000,11,benzin,volkswagen,ja,2016-03-08 00:00:00,0,21218,2016-03-17 01:15:55
217067,2016-03-24 18:37:21,Chevrolet_Captiva_LPG_/Tausch_moegl.,privat,Angebot,7500,test,suv,2008,manuell,140,captiva,150000,4,lpg,chevrolet,,2016-03-24 00:00:00,0,27721,2016-04-07 12:16:31
197297,2016-03-20 20:41:35,Volvo_V40_1.8,privat,Angebot,949,test,kombi,1999,manuell,116,v40,150000,3,benzin,volvo,nein,2016-03-20 00:00:00,0,89537,2016-04-01 08:17:36
86536,2016-03-25 00:57:34,Opel_Omega_MV6_3.2_LPG_Prins_Absolut_Voll__Navi__Leder__Caravan,privat,Angebot,2400,control,kombi,2001,automatik,218,omega,150000,7,lpg,opel,,2016-03-24 00:00:00,0,49565,2016-04-06 06:17:22
351789,2016-03-22 13:51:07,Audi_A4_3_0_TDI_S_Line_Quattro_Leder_Motorschaden,privat,Angebot,8500,control,cabrio,2006,manuell,0,a4,150000,6,diesel,audi,ja,2016-03-22 00:00:00,0,47546,2016-03-23 21:44:34
170228,2016-03-22 21:46:54,BMW_e46_318i,privat,Angebot,1999,control,limousine,1998,manuell,118,3er,150000,4,benzin,bmw,nein,2016-03-22 00:00:00,0,75428,2016-03-22 21:46:54
369682,2016-03-22 12:53:57,Renault_Scenic,privat,Angebot,950,control,kombi,1997,manuell,114,scenic,150000,11,benzin,renault,nein,2016-03-22 00:00:00,0,88605,2016-04-06 01:44:32
18503,2016-03-30 14:38:54,Volkswagen_Golf_1.4,privat,Angebot,1350,control,limousine,1999,manuell,75,golf,150000,3,benzin,volkswagen,ja,2016-03-30 00:00:00,0,84453,2016-03-30 14:38:54
81613,2016-03-22 15:50:52,Passat_Variant_2.0TDI_DPF_Highline,privat,Angebot,3000,control,limousine,2005,manuell,0,passat,150000,9,diesel,volkswagen,,2016-03-22 00:00:00,0,4177,2016-03-22 15:50:52
348717,2016-03-09 22:52:17,Skoda_Superb_Combi_2.0_TDI_DSG_ALCANTARA_BI_XENON,privat,Angebot,11850,test,kombi,2010,automatik,170,superb,150000,11,diesel,skoda,nein,2016-03-09 00:00:00,0,44579,2016-03-17 17:15:48
55545,2016-03-26 00:58:07,Volkswagen_Golf_1.9_TDI_Klima_ALH_motor_Cod,privat,Angebot,1299,test,limousine,1999,manuell,90,golf,150000,4,diesel,volkswagen,nein,2016-03-25 00:00:00,0,89073,2016-03-27 20:17:20
173598,2016-04-01 14:50:13,Volkswagen_Passat_Variant_1.8_5V,privat,Angebot,1250,test,kombi,1997,manuell,125,passat,150000,9,benzin,volkswagen,nein,2016-04-01 00:00:00,0,23970,2016-04-01 14:50:13
252002,2016-03-08 09:46:37,Mercedes_Benz_A_200_CDI_Elegance_DPF_Polar_Star,privat,Angebot,9500,control,limousine,2007,automatik,140,a_klasse,150000,9,diesel,mercedes_benz,nein,2016-03-08 00:00:00,0,29339,2016-04-06 12:44:53
163067,2016-03-21 19:44:00,Opel_Astra_Kombi_mit_neuem_Tuev__kein_Rost__Klima,privat,Angebot,1600,test,kombi,2001,manuell,101,astra,150000,2,benzin,opel,nein,2016-03-21 00:00:00,0,53879,2016-03-21 19:44:00
64952,2016-04-03 16:53:14,Volkswagen_Golf_1.6,privat,Angebot,1250,control,limousine,1999,manuell,101,golf,150000,1,benzin,volkswagen,ja,2016-04-03 00:00:00,0,33602,2016-04-05 16:46:13
367375,2016-03-11 22:48:33,Volkswagen_Golf_4_!!,privat,Angebot,1999,control,,2016,manuell,0,golf,150000,0,benzin,volkswagen,nein,2016-03-11 00:00:00,0,77652,2016-03-17 15:44:34
105861,2016-04-02 16:55:08,SLK_350_AMG_7G_TRONIC_Edition_1,privat,Angebot,32500,control,cabrio,2011,automatik,306,slk,70000,6,benzin,mercedes_benz,nein,2016-04-02 00:00:00,0,34125,2016-04-06 16:16:02
2522,2016-03-25 12:47:40,Skoda_Octavia_1.2_TSI__105_PS,privat,Angebot,10500,test,limousine,2013,manuell,105,octavia,40000,6,benzin,skoda,nein,2016-03-25 00:00:00,0,63741,2016-04-06 13:46:08
257015,2016-03-30 15:55:25,Dodge_RAM,privat,Angebot,37999,test,suv,2012,automatik,396,,50000,3,lpg,sonstige_autos,nein,2016-03-30 00:00:00,0,53797,2016-04-07 07:15:58
274211,2016-03-29 23:43:51,Ford_Fiesta_1.2_Ambiente_TOP_Zustand!!!,privat,Angebot,8300,control,coupe,2015,manuell,60,fiesta,10000,3,benzin,ford,nein,2016-03-29 00:00:00,0,76275,2016-04-06 10:45:03
76748,2016-03-23 18:57:38,Nissan_almera_plus,privat,Angebot,1200,test,kleinwagen,2004,manuell,67,almera,150000,6,benzin,nissan,nein,2016-03-23 00:00:00,0,3149,2016-03-23 18:57:38
152760,2016-03-20 14:51:07,Mazda_MX_5_1.8_MZR,privat,Angebot,8250,test,cabrio,2006,manuell,126,mx_reihe,60000,7,benzin,mazda,nein,2016-03-20 00:00:00,0,26639,2016-03-24 07:16:28
282892,2016-03-18 23:25:44,Opel_Astra_2.0_CDTI_DPF_Sports_Tourer_Innovation,privat,Angebot,11000,test,kombi,2011,manuell,160,astra,100000,5,diesel,opel,nein,2016-03-18 00:00:00,0,61267,2016-04-06 19:45:10
300616,2016-03-05 15:38:54,BMW_520d,privat,Angebot,6000,control,limousine,2007,manuell,163,5er,150000,6,diesel,bmw,ja,2016-03-05 00:00:00,0,47805,2016-03-07 13:15:49
71987,2016-03-13 15:37:27,Golf_5_/_Golf_V_Comfortline_1_6_KLIMA_AHK_4_tuerig_Scheckheft,privat,Angebot,4490,test,limousine,2005,manuell,102,golf,150000,8,benzin,volkswagen,nein,2016-03-13 00:00:00,0,33824,2016-03-13 15:37:27
98109,2016-03-11 14:48:42,Top_gepflegter_1_6Skoda_Oktavia_Ambiente_ohne_Wartungsstau,privat,Angebot,2450,control,limousine,2002,manuell,102,octavia,125000,10,benzin,skoda,nein,2016-03-11 00:00:00,0,99734,2016-03-17 22:17:35
283338,2016-03-20 17:36:45,Opel_Vectra_C_Sport_Edition_zuverkaufen,privat,Angebot,3000,test,limousine,2003,manuell,0,vectra,150000,0,,opel,nein,2016-03-20 00:00:00,0,1157,2016-04-06 23:46:37
202009,2016-03-19 21:06:20,Mercedes_Benz_C_250_T_CDI_DPF_AMG_Sportpaket__BlueEFFICIENCY_,privat,Angebot,19900,control,kombi,2012,automatik,204,c_klasse,125000,1,diesel,mercedes_benz,nein,2016-03-19 00:00:00,0,35796,2016-03-21 12:31:04
272237,2016-03-28 17:56:31,Peugeot_206_CC,privat,Angebot,2500,test,cabrio,2005,manuell,116,2_reihe,150000,6,benzin,peugeot,nein,2016-03-28 00:00:00,0,67663,2016-03-30 10:15:41
13820,2016-03-20 11:59:29,Citroën_C2,privat,Angebot,1590,test,kleinwagen,2004,manuell,60,c2,150000,4,benzin,citroen,nein,2016-03-20 00:00:00,0,8239,2016-03-20 11:59:29
32781,2016-03-07 10:40:30,280_SL_107,privat,Angebot,33000,test,cabrio,1981,automatik,180,sl,150000,8,benzin,mercedes_benz,nein,2016-03-07 00:00:00,0,48346,2016-04-06 07:15:38
303366,2016-03-10 21:51:12,Mazda_2_1.3_MZR_Edition_40_Jahre,privat,Angebot,9000,control,kleinwagen,2012,manuell,84,andere,50000,5,benzin,mazda,nein,2016-03-10 00:00:00,0,92331,2016-04-07 00:17:23
356011,2016-03-20 03:36:56,Volkswagen_Passat_1.8_CL_RENTNERFAHRZEUG_TÜV_NEU_KLIMA,privat,Angebot,1750,control,limousine,1993,manuell,90,passat,150000,8,benzin,volkswagen,nein,2016-03-20 00:00:00,0,40545,2016-04-06 04:44:49
116245,2016-03-07 15:54:40,Verkaufe_ein_gepflegten_Ford_Mustang,privat,Angebot,18000,control,coupe,2010,automatik,220,mustang,150000,7,benzin,ford,nein,2016-03-07 00:00:00,0,49835,2016-03-16 02:15:37
322524,2016-03-27 15:45:02,T5_Caravelle_Confortliner_Kurz,privat,Angebot,20500,control,bus,2010,manuell,141,transporter,150000,3,diesel,volkswagen,nein,2016-03-27 00:00:00,0,89522,2016-04-07 12:46:48
65137,2016-03-09 23:54:33,Stadtauto_Nissan_Micra_Tuev_9.2016,privat,Angebot,580,test,kleinwagen,1995,manuell,0,micra,150000,9,benzin,nissan,,2016-03-09 00:00:00,0,41462,2016-04-06 00:44:46
195970,2016-04-02 10:37:03,verk_fiat_cinquecento_bastlerfahrzeug/__ersatzteilspender,privat,Angebot,200,test,kleinwagen,1993,manuell,0,andere,150000,11,benzin,fiat,,2016-04-02 00:00:00,0,2739,2016-04-04 07:17:26
290549,2016-03-15 10:51:16,Opel_Astra_GL,privat,Angebot,1450,control,limousine,1995,manuell,71,astra,150000,4,benzin,opel,nein,2016-03-15 00:00:00,0,45289,2016-04-05 20:46:56
112357,2016-03-28 16:51:53,BMW_523i_touring,privat,Angebot,2000,test,kombi,1997,manuell,170,5er,150000,5,benzin,bmw,nein,2016-03-28 00:00:00,0,9439,2016-04-06 22:17:43
208617,2016-03-28 19:36:26,Mercedes_Benz_SL_320,privat,Angebot,11500,control,cabrio,1996,automatik,231,sl,150000,12,benzin,mercedes_benz,nein,2016-03-28 00:00:00,0,73765,2016-04-07 01:45:42
332834,2016-03-15 10:48:46,Golf_4_1.6_Benziner,privat,Angebot,1799,control,limousine,2000,manuell,105,golf,150000,1,benzin,volkswagen,,2016-03-15 00:00:00,0,63594,2016-04-05 19:47:32
68336,2016-03-07 06:38:16,Volkswagen_Lupo_1.0_/_TÜV_02.2017_/Anfaengerauto,privat,Angebot,1350,test,kleinwagen,1998,manuell,50,lupo,125000,12,benzin,volkswagen,nein,2016-03-06 00:00:00,0,8427,2016-03-11 13:44:17
310900,2016-03-24 12:47:14,Audi_A3_1.2_TFSI_Sportback_S_tronic_Ambiente,privat,Angebot,22890,test,kombi,2014,automatik,105,a3,30000,6,benzin,audi,nein,2016-03-24 00:00:00,0,85114,2016-04-07 03:46:13
172242,2016-03-29 20:57:18,BMW_118i_Cabrio,privat,Angebot,16999,test,cabrio,2011,manuell,143,1er,80000,1,benzin,bmw,nein,2016-03-29 00:00:00,0,50259,2016-04-06 07:46:32
227337,2016-03-10 17:47:25,AUDI_A4__8D__1.8ltr,privat,Angebot,600,control,limousine,1995,manuell,125,a4,150000,6,benzin,audi,nein,2016-03-10 00:00:00,0,53913,2016-03-16 06:17:39
163254,2016-03-30 21:51:06,Renault_Clio_1.2_16V_75_Yahoo!,privat,Angebot,5600,test,kleinwagen,2012,manuell,75,clio,40000,6,benzin,renault,nein,2016-03-30 00:00:00,0,1259,2016-04-05 12:20:24
238347,2016-03-09 15:51:31,BMW_540i_V8_e34,privat,Angebot,9540,control,limousine,1993,automatik,286,5er,150000,1,benzin,bmw,nein,2016-03-09 00:00:00,0,41462,2016-04-07 01:45:15
262406,2016-03-30 19:41:30,Ford_Focus_Viva,privat,Angebot,2499,test,limousine,2004,manuell,75,focus,150000,5,benzin,ford,nein,2016-03-30 00:00:00,0,86637,2016-04-07 10:47:04
166821,2016-03-17 22:42:43,Megané_1_6_16V_Klima__Gruene_Plakette_TÜV_bis_02.2017,privat,Angebot,999,test,kleinwagen,2001,manuell,90,,150000,1,benzin,renault,nein,2016-03-17 00:00:00,0,28199,2016-03-17 22:42:43
80649,2016-03-22 15:37:26,Renault_clio_1.2_16V.__tuev_bis_01/2018,privat,Angebot,1690,control,kleinwagen,2003,manuell,75,clio,150000,1,benzin,renault,nein,2016-03-22 00:00:00,0,40589,2016-04-06 05:15:27
218333,2016-03-25 17:52:58,Mercedes_Sprinter_213_CDI_Partickelfilter,privat,Angebot,5250,test,bus,2005,manuell,129,sprinter,150000,7,diesel,mercedes_benz,,2016-03-25 00:00:00,0,67112,2016-03-28 17:46:02
156465,2016-03-19 23:46:14,Honda_Civic_1.5i_16V_TÜV_08/17,privat,Angebot,700,control,limousine,1991,manuell,90,civic,150000,2,benzin,honda,ja,2016-03-19 00:00:00,0,89281,2016-03-27 18:45:31
230475,2016-03-21 00:58:27,Golf_4_1.9tdi_mit_Austauschmotor,privat,Angebot,2999,test,kombi,1999,manuell,116,golf,150000,8,,volkswagen,nein,2016-03-21 00:00:00,0,74906,2016-04-03 21:45:59
61819,2016-04-02 23:45:38,Verkaufe_Audi_A_4_1_9_Tdi_110_ps,privat,Angebot,1300,test,limousine,1998,manuell,110,a4,150000,3,diesel,audi,nein,2016-04-02 00:00:00,0,18320,2016-04-07 00:46:06
20545,2016-03-08 19:54:24,Seat_Mii_1.0_Ecomotive_Style__Start_&_Stop_Automatik_,privat,Angebot,6990,test,kleinwagen,2012,manuell,60,mii,30000,11,benzin,seat,nein,2016-03-08 00:00:00,0,83024,2016-03-16 04:15:40
250283,2016-04-02 07:01:55,E200_Kombi_Tuev_neu,privat,Angebot,1400,test,kombi,1998,manuell,136,e_klasse,150000,4,benzin,mercedes_benz,ja,2016-04-02 00:00:00,0,97508,2016-04-06 07:15:29
90243,2016-03-11 15:44:57,VW_Passat_Comfortline_*Navi__Sitzheizung__...*,privat,Angebot,7999,test,limousine,2007,manuell,102,passat,100000,8,benzin,volkswagen,nein,2016-03-11 00:00:00,0,38226,2016-04-01 16:46:33
285629,2016-04-01 16:52:22,Volkswagen_Golf_1.9_SDI_Comfortline,privat,Angebot,900,control,limousine,1998,manuell,68,golf,150000,6,diesel,volkswagen,nein,2016-04-01 00:00:00,0,67169,2016-04-05 12:17:21
228256,2016-03-22 18:55:12,Volvo_850_5_Zylinder_mit_Gasanlage_von_Prins__Zylinderkopf_Defekt,privat,Angebot,950,control,kombi,1996,manuell,144,850,150000,2,lpg,volvo,ja,2016-03-22 00:00:00,0,48249,2016-04-06 11:16:33
287069,2016-03-21 17:57:21,Renault_Scenic_1.6._16V,privat,Angebot,299,control,limousine,2003,automatik,107,scenic,80000,2,benzin,renault,,2016-03-21 00:00:00,0,26340,2016-03-28 15:19:10
136557,2016-03-20 15:38:03,Mercedes_Benz_C_280_T_7G_TRONIC_Avantgarde,privat,Angebot,9000,control,kombi,2008,automatik,231,c_klasse,150000,6,benzin,mercedes_benz,nein,2016-03-20 00:00:00,0,75305,2016-03-31 23:18:40
275710,2016-03-24 10:38:14,Peugeot_206_Diesel_aus_Frankreich_ohne_Brief,privat,Angebot,200,test,kleinwagen,1999,manuell,0,2_reihe,150000,0,,peugeot,nein,2016-03-24 00:00:00,0,50181,2016-03-24 10:38:14
338822,2016-04-04 13:53:46,Audi_A4_Avant_2.5_TDI_Gruene_Plakette_Bi_Xenon_S_Line,privat,Angebot,6300,control,kombi,2004,manuell,163,a4,150000,4,diesel,audi,nein,2016-04-04 00:00:00,0,86343,2016-04-06 15:16:42
202172,2016-03-15 21:39:46,VW_Passat_35i_Klimaanlage_top_Zustand,privat,Angebot,1800,control,kombi,1995,manuell,0,passat,150000,0,benzin,volkswagen,,2016-03-15 00:00:00,0,1904,2016-04-07 04:46:39
60769,2016-03-11 00:52:54,Renault_Twingo_1.2,privat,Angebot,1590,test,kleinwagen,2000,manuell,58,twingo,80000,11,benzin,renault,nein,2016-03-10 00:00:00,0,13353,2016-04-06 01:17:11
290513,2016-03-06 11:37:17,Verkaufe_Nissan_micra,privat,Angebot,200,test,kleinwagen,1995,manuell,55,micra,150000,8,benzin,nissan,nein,2016-03-06 00:00:00,0,59823,2016-03-09 13:46:16
195825,2016-03-27 22:54:51,ROVER_EZ:1999__TÜV_11.2016_MOTOR_GETRIEBE_KUPLUNG_TOP_PR.599.€_VB,privat,Angebot,599,test,limousine,1999,manuell,0,andere,150000,6,benzin,rover,,2016-03-27 00:00:00,0,13359,2016-03-28 06:40:12
182860,2016-03-19 11:48:16,Volkswagen_Touran_1.4_TSI_Comfortline_NEU___LED___NAVI,privat,Angebot,27900,test,bus,2016,manuell,140,touran,5000,3,benzin,volkswagen,nein,2016-03-19 00:00:00,0,54516,2016-04-06 14:46:27
224613,2016-03-09 17:54:44,Mercedes_Benz_E_240_4Matic_Avantgarde,privat,Angebot,6950,test,limousine,2003,automatik,177,e_klasse,150000,7,benzin,mercedes_benz,nein,2016-03-09 00:00:00,0,41460,2016-03-17 21:17:09
35047,2016-04-05 08:54:09,Verkaufe_bmw_316i_m_paket_tuev_neu,privat,Angebot,2000,test,,2018,manuell,105,3er,150000,1,,bmw,,2016-04-05 00:00:00,0,85088,2016-04-07 12:16:54
343706,2016-03-31 14:52:34,Peugeot_206_SW_Diesel_Wenig_KM_Klima_AHK.,privat,Angebot,3000,control,kombi,2005,manuell,68,2_reihe,150000,3,diesel,peugeot,,2016-03-31 00:00:00,0,32257,2016-04-06 07:45:20
58427,2016-03-30 13:39:28,zu_ferkaufen_vw_Lupo,privat,Angebot,400,test,kleinwagen,1999,manuell,60,lupo,150000,6,benzin,volkswagen,,2016-03-30 00:00:00,0,50389,2016-03-30 13:39:28
257312,2016-03-23 15:57:13,Bmw_e39_540i_Touring,privat,Angebot,0,test,kombi,2000,automatik,286,5er,150000,3,benzin,bmw,nein,2016-03-23 00:00:00,0,18546,2016-03-31 03:17:37
274539,2016-03-12 20:49:45,Golf_3_Limosiene,privat,Angebot,0,test,,2017,manuell,60,golf,150000,0,benzin,volkswagen,nein,2016-03-12 00:00:00,0,22453,2016-03-12 20:49:45
185819,2016-04-02 16:38:00,Mercedes_W124_Kombi_250TD_mit_TÜV_/_AU_bis_10/2016,privat,Angebot,999,control,kombi,1991,manuell,95,e_klasse,150000,7,diesel,mercedes_benz,nein,2016-04-02 00:00:00,0,73457,2016-04-06 15:17:51
193986,2016-03-08 21:53:47,VW_T5_1.Hd._TÜV_07/2017___AHK___Klima___SH___Standheizung,privat,Angebot,8499,control,bus,2007,manuell,105,transporter,150000,2,diesel,volkswagen,nein,2016-03-08 00:00:00,0,12683,2016-03-10 10:16:29
330534,2016-03-31 22:50:43,Yaris_Verso_1.5_Klima,privat,Angebot,2750,test,bus,2001,manuell,106,yaris,150000,8,benzin,toyota,,2016-03-31 00:00:00,0,31180,2016-03-31 22:50:43
364270,2016-03-14 15:54:29,Mercedes_Benz_C_180_K,privat,Angebot,1500,control,limousine,2004,manuell,143,c_klasse,150000,10,benzin,mercedes_benz,,2016-03-14 00:00:00,0,24354,2016-03-14 15:54:29
223440,2016-03-16 18:58:11,Mercedes_Benz_S_320_CDI,privat,Angebot,9599,control,limousine,2005,automatik,204,s_klasse,150000,5,diesel,mercedes_benz,nein,2016-03-16 00:00:00,0,13053,2016-04-07 04:45:50
194055,2016-04-01 17:57:29,Mercedes_Benz_C_180_Kompressor_Automatik_Classic,privat,Angebot,6500,test,limousine,2006,automatik,143,c_klasse,125000,10,benzin,mercedes_benz,nein,2016-04-01 00:00:00,0,19230,2016-04-01 17:57:29
43970,2016-03-09 15:36:17,Ford_Focus_2.0_EcoBoost_mit_Leder_Exclusive_Paket,privat,Angebot,27490,control,limousine,2015,manuell,250,focus,20000,3,benzin,ford,nein,2016-03-09 00:00:00,0,12353,2016-03-09 15:36:17
81296,2016-03-18 11:50:18,Volkswagen_Touran_2.0_EcoFuel_Trendline,privat,Angebot,6300,control,bus,2007,manuell,109,touran,150000,5,cng,volkswagen,nein,2016-03-18 00:00:00,0,34277,2016-03-31 05:17:02
305626,2016-03-21 09:51:41,Gepflegter_Ford_Mustang_V6_Cabrio_Automatik_Leder,privat,Angebot,13500,control,cabrio,2005,automatik,205,mustang,90000,0,benzin,ford,,2016-03-21 00:00:00,0,21698,2016-04-06 03:16:57
93533,2016-03-07 18:49:49,Skoda_Octavia_Kombi_Unfallwagen,privat,Angebot,0,control,kombi,2003,manuell,102,octavia,150000,3,benzin,skoda,ja,2016-03-07 00:00:00,0,68647,2016-03-07 18:49:49
73045,2016-03-07 23:57:31,Mercedes_E_220_CDI_Avangarde_Kombi,privat,Angebot,3850,test,kombi,2004,automatik,150,e_klasse,150000,0,,mercedes_benz,,2016-03-07 00:00:00,0,49681,2016-03-08 17:20:01
55266,2016-03-18 08:37:14,Seat_Cordoba_1.9TDI_2.Hand_TÜV_04/2017,privat,Angebot,2700,test,kleinwagen,2004,manuell,101,cordoba,150000,2,diesel,seat,nein,2016-03-18 00:00:00,0,48429,2016-03-22 10:44:20
290265,2016-03-18 19:21:28,Mazda_323_F_1.5,privat,Angebot,700,test,limousine,1998,manuell,88,3_reihe,150000,6,benzin,mazda,nein,2016-03-18 00:00:00,0,60594,2016-03-20 12:10:25
221385,2016-04-04 21:40:31,Seat_Cordoba_1.6,privat,Angebot,500,test,limousine,1997,manuell,75,cordoba,5000,10,benzin,seat,nein,2016-04-04 00:00:00,0,31552,2016-04-04 21:40:31
142872,2016-03-14 01:49:44,Peugeot_406_Coupe_3.0_V6,privat,Angebot,2850,control,coupe,1998,manuell,190,4_reihe,150000,2,benzin,peugeot,nein,2016-03-13 00:00:00,0,41065,2016-04-07 04:46:10
27840,2016-03-30 14:56:34,Polo_6N2_TÜV_fri.Service_El._Faltdach_8Fach_Bereift_Guter_Zustand,privat,Angebot,2000,control,kleinwagen,2001,manuell,50,polo,125000,10,benzin,volkswagen,nein,2016-03-30 00:00:00,0,39606,2016-04-07 05:44:54
69516,2016-03-17 21:25:22,Toyota_Land_Cruiser_J90___3_0_TD__kurz__schwarz.....,privat,Angebot,5555,control,suv,1996,manuell,125,andere,150000,8,diesel,toyota,nein,2016-03-17 00:00:00,0,61250,2016-03-20 17:19:16
170200,2016-03-21 12:52:00,Hyundai_Accent_X3_technisch_top_mit_TÜV_bis_2017,privat,Angebot,600,control,limousine,1998,manuell,75,andere,150000,6,benzin,hyundai,nein,2016-03-21 00:00:00,0,14055,2016-04-06 07:45:36
42978,2016-03-12 07:56:24,Top_Fiat_Scudo_Bj_1996,privat,Angebot,1850,control,bus,1996,manuell,0,andere,150000,0,diesel,fiat,nein,2016-03-12 00:00:00,0,31303,2016-03-12 22:44:54
356103,2016-04-03 20:39:49,Peugeot_106_Filou,privat,Angebot,1200,test,kleinwagen,2001,manuell,60,1_reihe,125000,11,benzin,peugeot,nein,2016-04-03 00:00:00,0,12347,2016-04-05 21:16:58
365272,2016-03-05 14:48:03,Audi_a4_b5_quattro,privat,Angebot,0,control,limousine,1994,,150,a4,150000,0,benzin,audi,,2016-03-05 00:00:00,0,4158,2016-04-07 10:44:50
147750,2016-03-08 19:51:40,Opel_Vectra_B__defekt,privat,Angebot,300,test,limousine,1999,manuell,136,vectra,150000,8,lpg,opel,nein,2016-03-08 00:00:00,0,47495,2016-03-18 01:16:09
199870,2016-04-01 13:53:49,Seat_Leon_1.8_20V_Sport,privat,Angebot,2150,test,limousine,2000,manuell,125,leon,150000,2,benzin,seat,nein,2016-04-01 00:00:00,0,67292,2016-04-07 11:44:21
156076,2016-03-29 20:37:41,Mercedes_Benz_C_200_Kompressor_Elegance,privat,Angebot,5400,test,limousine,2003,manuell,163,c_klasse,150000,10,benzin,mercedes_benz,nein,2016-03-29 00:00:00,0,74626,2016-03-31 14:15:52
318703,2016-03-24 10:55:29,Seat_Altea_1.4_TSI_XL_Reference_Comfort,privat,Angebot,6490,test,bus,2008,manuell,125,altea,125000,8,benzin,seat,nein,2016-03-24 00:00:00,0,99974,2016-04-04 22:18:24
174560,2016-03-20 22:54:48,VW_Polo_1.4,privat,Angebot,1900,test,kleinwagen,2003,manuell,75,polo,150000,5,benzin,volkswagen,nein,2016-03-20 00:00:00,0,33609,2016-04-07 11:17:34
192901,2016-04-01 10:37:00,Golf_IV___Unfallschaden__1.6__101_PS__Recaro_Lederausstattung,privat,Angebot,1200,control,kleinwagen,1998,manuell,101,golf,150000,9,benzin,volkswagen,ja,2016-04-01 00:00:00,0,24976,2016-04-07 06:46:12
258658,2016-04-05 00:40:50,BMW_X3_3.0d_Aut.,privat,Angebot,5600,control,limousine,2006,automatik,218,x_reihe,150000,9,diesel,bmw,nein,2016-04-04 00:00:00,0,22850,2016-04-05 00:40:50
278729,2016-03-23 20:43:38,Kleinwagen_2004_tuev_09.2017,privat,Angebot,1240,test,kleinwagen,2004,manuell,0,matiz,150000,3,,daewoo,nein,2016-03-23 00:00:00,0,21521,2016-04-06 01:45:47
290161,2016-03-15 15:44:42,Polo_1_4_klima_elekt_fenster_tuev_12/17,privat,Angebot,1250,control,kleinwagen,1999,manuell,60,polo,150000,11,benzin,volkswagen,,2016-03-15 00:00:00,0,45257,2016-04-04 06:18:12
234755,2016-03-05 21:48:38,Mercedes_Benz_C_220_CDI_Automatik_Avantgarde_TÜV_2018_PDC_ALARM,privat,Angebot,14990,test,limousine,2009,automatik,170,c_klasse,150000,2,diesel,mercedes_benz,nein,2016-03-05 00:00:00,0,22043,2016-03-12 23:44:42
234682,2016-03-09 10:40:05,Peugeot_106_Long_Beach,privat,Angebot,799,control,kleinwagen,1997,manuell,44,1_reihe,90000,7,,peugeot,nein,2016-03-09 00:00:00,0,79104,2016-03-10 04:45:48
307151,2016-03-11 23:42:56,VW_Golf_4_1.9_TDI_Pacific,privat,Angebot,3100,test,limousine,2003,manuell,101,golf,150000,7,diesel,volkswagen,,2016-03-11 00:00:00,0,76676,2016-03-15 20:19:18
262452,2016-03-10 17:48:42,Renault_Megane_Coupe_1.6_Dynamique,privat,Angebot,1850,control,coupe,2001,manuell,107,megane,150000,9,benzin,renault,nein,2016-03-10 00:00:00,0,74906,2016-03-17 04:17:53
174112,2016-03-07 14:48:49,VW_GOLF_II_GL,privat,Angebot,1050,control,limousine,1991,automatik,90,golf,150000,7,benzin,volkswagen,nein,2016-03-07 00:00:00,0,78359,2016-03-12 16:47:40
99000,2016-03-22 15:50:55,Volkswagen_Golf_1.4_TSI_GT_Sport_/_RÜCKFAHRKAMERA_/_NAVI,privat,Angebot,9400,control,limousine,2008,manuell,122,golf,125000,1,benzin,volkswagen,nein,2016-03-22 00:00:00,0,28857,2016-04-06 05:45:42
240618,2016-03-16 21:47:57,Nissan_Juke_Tekna_Automatik__Navi_Licht__Regensensor_WR,privat,Angebot,9999,control,kleinwagen,2011,automatik,117,juke,125000,7,benzin,nissan,nein,2016-03-16 00:00:00,0,45276,2016-03-19 21:18:11
243599,2016-03-20 16:31:14,Peugeot_306,privat,Angebot,500,test,limousine,1997,manuell,88,3_reihe,100000,5,benzin,peugeot,ja,2016-03-20 00:00:00,0,60389,2016-04-05 00:15:26
263072,2016-03-27 19:49:42,Volkswagen_Fox_1.2,privat,Angebot,3900,control,kleinwagen,2007,manuell,54,fox,50000,5,benzin,volkswagen,nein,2016-03-27 00:00:00,0,31134,2016-04-01 20:46:32
81533,2016-03-05 17:51:54,Fiat_Punto_1.2_16V_Sporting_Speedgear_6Gang,privat,Angebot,1450,test,kleinwagen,2000,manuell,80,punto,150000,11,benzin,fiat,nein,2016-03-05 00:00:00,0,41236,2016-04-05 13:46:35
231365,2016-03-28 18:41:27,Mercedes_Benz_316_CDI_Sprinter__WoMo_Zulassung,privat,Angebot,11500,control,bus,2000,manuell,156,sprinter,150000,5,diesel,mercedes_benz,nein,2016-03-28 00:00:00,0,23909,2016-04-07 00:17:54
223880,2016-03-31 12:39:34,Verkaufe_E36_328i_Coupe,privat,Angebot,750,test,,2016,manuell,193,,150000,3,,bmw,,2016-03-31 00:00:00,0,84189,2016-03-31 12:39:34
246442,2016-04-02 21:53:20,Mazda_MX_5_1.8_MZR_Roadster_Coupe_Energy,privat,Angebot,8990,test,cabrio,2007,manuell,126,mx_reihe,70000,3,benzin,mazda,nein,2016-04-02 00:00:00,0,42897,2016-04-06 23:44:41
351070,2016-03-31 18:45:08,Mercedes_Benz_C_200_Kompressor,privat,Angebot,3000,control,limousine,2000,manuell,163,c_klasse,150000,6,benzin,mercedes_benz,nein,2016-03-31 00:00:00,0,10243,2016-04-06 12:17:56
47485,2016-03-19 20:52:52,VW_Jetta_Comfortline_Tuev_07/2017,privat,Angebot,5790,control,limousine,2006,manuell,101,jetta,125000,7,benzin,volkswagen,nein,2016-03-19 00:00:00,0,99974,2016-04-07 10:17:42
104799,2016-03-20 20:40:30,2_×_Hyundai_artos_750_mit_t?v,privat,Angebot,750,test,,2016,manuell,0,,60000,7,,hyundai,ja,2016-03-20 00:00:00,0,26810,2016-03-20 20:40:30
363025,2016-03-14 17:52:38,auto_renaulet_twingo,privat,Angebot,299,test,kleinwagen,2001,manuell,55,twingo,150000,10,benzin,renault,ja,2016-03-14 00:00:00,0,40229,2016-03-15 12:47:29
187199,2016-03-21 21:49:09,Mercedes_Benz_S_280_W108,privat,Angebot,6500,control,limousine,1965,manuell,0,s_klasse,150000,4,benzin,mercedes_benz,nein,2016-03-21 00:00:00,0,4109,2016-03-30 11:44:41
43858,2016-03-10 12:57:28,Daihatsu_Feroza,privat,Angebot,1500,test,,1995,,0,andere,150000,0,,daihatsu,,2016-03-10 00:00:00,0,31020,2016-04-07 08:15:23
33261,2016-03-25 20:36:59,Mercedes_Benz_B_150,privat,Angebot,7800,control,limousine,2008,manuell,95,b_klasse,100000,3,benzin,mercedes_benz,ja,2016-03-25 00:00:00,0,20539,2016-03-30 12:16:41
37665,2016-04-02 01:57:36,Volkswagen_Passat_Variant_1.6_Comfortline,privat,Angebot,1650,test,kombi,1999,automatik,101,passat,150000,4,benzin,volkswagen,nein,2016-04-02 00:00:00,0,34134,2016-04-06 04:45:18
233356,2016-03-19 00:48:01,Polo_6N2_blau,privat,Angebot,1250,control,,2016,manuell,60,polo,150000,9,benzin,volkswagen,nein,2016-03-18 00:00:00,0,48231,2016-04-04 01:45:06
183146,2016-03-26 10:55:55,Opel_Kadett,privat,Angebot,5990,test,limousine,1982,manuell,60,kadett,30000,6,benzin,opel,nein,2016-03-26 00:00:00,0,47495,2016-04-05 22:45:21
108479,2016-03-28 13:54:09,!!!RESERVIERT!!_Verkauf_oder_Tausch_eines_MB_220_CDI_silber_Kombi,privat,Angebot,950,test,kombi,2000,automatik,143,e_klasse,150000,4,diesel,mercedes_benz,nein,2016-03-28 00:00:00,0,16766,2016-03-28 13:54:09
241717,2016-03-24 18:31:02,Citroën_Berlingo_1.6_HDi_90_FAP,privat,Angebot,10500,test,bus,2013,manuell,92,berlingo,60000,3,diesel,citroen,nein,2016-03-24 00:00:00,0,65375,2016-04-06 04:15:55
243884,2016-04-03 23:49:59,Ford_OSI_2_3_V6_in_restauriertem_Zustand,privat,Angebot,29000,control,coupe,1968,manuell,107,andere,125000,5,benzin,ford,nein,2016-04-03 00:00:00,0,80801,2016-04-06 07:16:22
6907,2016-03-16 18:45:55,"Golf_6_GTI_candy_white_Dynaudio_gepfeffert_1.Hand_Scheckheft_19""",privat,Angebot,14500,control,limousine,2009,manuell,211,golf,125000,9,benzin,volkswagen,nein,2016-03-16 00:00:00,0,92521,2016-03-24 11:47:09
192992,2016-03-27 16:47:07,Renault_Laguna_1.9_dCi_Diesel_HU_AU_9/2017,privat,Angebot,399,test,limousine,2000,manuell,107,laguna,150000,8,diesel,renault,nein,2016-03-27 00:00:00,0,33604,2016-03-30 21:47:44
34090,2016-04-05 11:51:52,Chevrolet_Camaro,privat,Angebot,5000,test,coupe,1979,automatik,173,andere,20000,11,benzin,chevrolet,nein,2016-04-05 00:00:00,0,82194,2016-04-05 12:41:30
167721,2016-03-08 16:45:54,Opel_kadett_e_caravan_2_0i,privat,Angebot,0,test,kombi,1991,manuell,116,kadett,150000,0,,opel,nein,2016-03-08 00:00:00,0,50389,2016-03-12 15:15:21
70731,2016-03-29 09:37:43,Omega_mv6_Bastel_oder_schlachtfest,privat,Angebot,300,test,limousine,1998,automatik,0,omega,150000,0,,opel,,2016-03-29 00:00:00,0,59348,2016-04-05 19:17:49
187763,2016-03-20 19:54:14,BMW_116i,privat,Angebot,6250,test,limousine,2005,manuell,116,1er,125000,11,benzin,bmw,nein,2016-03-20 00:00:00,0,84513,2016-03-23 06:44:44
326580,2016-03-30 20:56:01,Opel_Combo_1.6_CNG,privat,Angebot,2500,control,kombi,2007,manuell,94,combo,150000,10,cng,opel,nein,2016-03-30 00:00:00,0,42719,2016-04-07 14:32:14
82225,2016-03-08 09:56:32,Oltimer_mit_Dampf_Chevy_Hod_Rod_Street_Rod_Bj.1931_V8___H_Zulass.,privat,Angebot,39999,control,coupe,1931,automatik,247,andere,40000,6,benzin,chevrolet,ja,2016-03-08 00:00:00,0,88356,2016-03-28 15:47:03
86816,2016-03-11 17:42:08,Passat_2.0_TDI_DPF_Highline,privat,Angebot,8900,control,kombi,2008,automatik,0,passat,150000,6,diesel,volkswagen,nein,2016-03-11 00:00:00,0,71540,2016-04-05 17:21:42
291936,2016-03-24 07:56:47,Skoda_Octavia_Combi_2.0_TDI_DPF_Ambition,privat,Angebot,10900,control,kombi,2011,manuell,140,octavia,100000,11,diesel,skoda,nein,2016-03-24 00:00:00,0,12101,2016-04-01 01:46:58
218839,2016-04-01 17:54:23,Biete_Golf_3_1_6L_plus_Ersatz_Motor_und_teile,privat,Angebot,100,test,kleinwagen,1997,manuell,75,golf,150000,7,benzin,volkswagen,nein,2016-04-01 00:00:00,0,39365,2016-04-03 14:45:00
348223,2016-03-08 19:48:05,VW_Polo_9N_1_2_Hubraum,privat,Angebot,4000,test,kleinwagen,2004,manuell,64,polo,100000,11,,volkswagen,nein,2016-03-08 00:00:00,0,26388,2016-04-07 07:17:14
361056,2016-03-30 13:46:22,Audi_A6_1.8_T_Klimaautomatik_TÜV_Sitzheizung_,privat,Angebot,3500,test,limousine,1999,manuell,150,a6,150000,10,benzin,audi,nein,2016-03-30 00:00:00,0,39116,2016-04-07 04:17:15
120470,2016-03-22 18:39:56,Audi_A5_2.0_TFSI_Sportback_quattro_S_tronic,privat,Angebot,31900,control,limousine,2013,automatik,224,a5,20000,7,benzin,audi,nein,2016-03-22 00:00:00,0,85057,2016-04-06 10:16:15
4183,2016-03-20 12:57:47,Renault_clio_16v,privat,Angebot,1150,test,kleinwagen,1993,manuell,135,clio,150000,4,benzin,renault,ja,2016-03-20 00:00:00,0,13585,2016-04-06 13:15:54
297267,2016-03-26 22:51:32,Golf_1_9_tdi_variant,privat,Angebot,1800,test,kombi,1999,manuell,90,golf,150000,11,diesel,volkswagen,nein,2016-03-26 00:00:00,0,78628,2016-04-06 18:48:29
190800,2016-03-09 17:48:07,Volkswagen_Caddy_1.6_TDI__7_Si.__Maxi,privat,Angebot,10500,test,kombi,2011,manuell,102,caddy,150000,1,diesel,volkswagen,ja,2016-03-09 00:00:00,0,59590,2016-03-11 14:15:26
93639,2016-03-30 11:45:58,Golf_3_zum_schlachten_oder_herrichten,privat,Angebot,130,test,,2000,manuell,0,golf,150000,0,benzin,volkswagen,ja,2016-03-30 00:00:00,0,91586,2016-04-07 02:16:52
258452,2016-03-22 16:36:16,VW_Golf_4_Klima_Schiebedach_5_Tuerer_1_Hand_Tuev_3/2017,privat,Angebot,1390,test,kleinwagen,1998,manuell,75,golf,150000,12,benzin,volkswagen,nein,2016-03-22 00:00:00,0,33647,2016-03-22 17:41:49
149032,2016-03-22 18:56:06,Trabi_Trabant_601_Deluxe_TÜV_neu,privat,Angebot,1350,control,kleinwagen,1987,manuell,26,601,90000,3,benzin,trabant,,2016-03-22 00:00:00,0,45661,2016-04-06 12:16:05
56390,2016-03-17 09:47:16,Audi_A4_Cabriolet_1.8_T,privat,Angebot,6999,test,cabrio,2003,manuell,163,a4,150000,8,benzin,audi,nein,2016-03-17 00:00:00,0,44653,2016-04-06 05:46:27
367996,2016-03-15 07:55:58,Seat_Leon_1.4_Style_Copa,privat,Angebot,9900,test,limousine,2011,manuell,125,leon,60000,8,,seat,,2016-03-15 00:00:00,0,45309,2016-04-05 17:22:17
245520,2016-03-25 17:47:58,Ford_Fiesta_1.3,privat,Angebot,4300,test,kleinwagen,2006,manuell,60,fiesta,50000,4,benzin,ford,nein,2016-03-25 00:00:00,0,32825,2016-04-06 22:47:06
365450,2016-03-08 19:55:38,Volkswagen_Passat_Variant_1.9_TDI_Highline,privat,Angebot,800,test,kombi,1999,manuell,116,passat,150000,3,diesel,volkswagen,ja,2016-03-08 00:00:00,0,24217,2016-04-05 15:47:40
352973,2016-03-20 15:48:23,Ford_Mondeo_1.8_Turnier_Ambiente,privat,Angebot,3750,control,kombi,2005,manuell,110,mondeo,150000,10,benzin,ford,nein,2016-03-20 00:00:00,0,52379,2016-04-06 20:19:35
356883,2016-03-17 17:59:33,opel_corsa_tuning_120_ps,privat,Angebot,1000,control,,2016,manuell,120,corsa,5000,6,benzin,opel,,2016-03-17 00:00:00,0,32791,2016-03-17 18:40:36
328622,2016-03-13 12:37:30,Ford_Mondeo_2.0_Turnier_TDCi_Ambiente,privat,Angebot,2000,test,kombi,2004,manuell,116,mondeo,150000,8,diesel,ford,nein,2016-03-13 00:00:00,0,91481,2016-03-16 15:16:38
66487,2016-03-29 17:50:03,Mercedes_Benz_E_250_CGI_Coupe_BlueEFFICIENCY_Automatik_AMG,privat,Angebot,21500,control,coupe,2009,automatik,204,e_klasse,60000,10,benzin,mercedes_benz,nein,2016-03-29 00:00:00,0,96247,2016-04-06 03:45:14
126166,2016-03-21 08:53:52,Toyota_Yaris,privat,Angebot,2500,control,,2004,,0,yaris,5000,0,,toyota,,2016-03-21 00:00:00,0,26125,2016-04-04 01:17:35
34333,2016-03-09 18:56:46,Opel_Astra_1.6,privat,Angebot,3900,test,limousine,2005,manuell,105,astra,150000,4,benzin,opel,nein,2016-03-09 00:00:00,0,60529,2016-03-21 03:16:35
214277,2016-03-28 23:45:43,VW_Passat_Variant_2.0_TDI_BlueMotion_Navi_Tempomat,privat,Angebot,11900,test,kombi,2011,manuell,140,passat,150000,7,diesel,volkswagen,nein,2016-03-28 00:00:00,0,32791,2016-04-07 09:45:19
328576,2016-03-05 14:09:57,Opel_Opel_Astra_mit_Stand_/Sitzheizung,privat,Angebot,1990,test,kombi,1999,manuell,75,astra,150000,9,benzin,opel,nein,2016-03-03 00:00:00,0,63225,2016-04-07 04:46:50
263614,2016-04-03 15:55:43,Volkswagen_Golf_3_Cabrio_2.8_VR6,privat,Angebot,3500,test,cabrio,1994,manuell,174,golf,150000,5,benzin,volkswagen,nein,2016-04-03 00:00:00,0,41063,2016-04-05 15:16:38
69471,2016-03-13 21:48:13,Audi_A6_Avant_2.0_TFSI_multitronic,privat,Angebot,9700,test,kombi,2006,automatik,170,a6,150000,1,benzin,audi,nein,2016-03-13 00:00:00,0,18107,2016-04-06 19:17:01
325715,2016-03-29 20:54:18,Ford_Fiesta,privat,Angebot,850,test,kleinwagen,2001,manuell,75,fiesta,80000,5,benzin,ford,nein,2016-03-29 00:00:00,0,78594,2016-04-06 07:17:23
189275,2016-03-12 18:38:59,Renault_Megane_1.6_Coupe_Cabriolet_Privile,privat,Angebot,6340,test,cabrio,2008,manuell,111,megane,90000,1,benzin,renault,nein,2016-03-12 00:00:00,0,16321,2016-04-07 11:16:41
129355,2016-04-03 22:38:42,Ford_Streeka,privat,Angebot,2150,control,cabrio,2003,manuell,95,kuga,125000,8,benzin,ford,,2016-04-03 00:00:00,0,58511,2016-04-05 23:44:42
73552,2016-03-30 00:46:22,Smart_For_Two,privat,Angebot,5300,test,,2018,automatik,71,fortwo,30000,10,,smart,nein,2016-03-29 00:00:00,0,22850,2016-04-02 19:48:03
113352,2016-03-22 11:39:03,Mercedes_Benz_E_220_CDI_Automatik_Avantgarde_DPF_Xenon_Klima,privat,Angebot,7000,control,limousine,2007,automatik,170,e_klasse,150000,2,diesel,mercedes_benz,nein,2016-03-22 00:00:00,0,14109,2016-04-03 22:16:50
134270,2016-03-27 15:48:02,Hond_HR_V_4WD_TÜV_bis_2017,privat,Angebot,2600,control,suv,2000,manuell,105,andere,150000,3,benzin,honda,nein,2016-03-27 00:00:00,0,6231,2016-04-07 13:17:51
21854,2016-04-03 22:58:15,Audi_A3_1.6_Navi__TÜV_2017,privat,Angebot,1650,control,limousine,1999,manuell,101,a3,150000,11,benzin,audi,nein,2016-04-03 00:00:00,0,45888,2016-04-06 00:45:08
89106,2016-03-17 14:49:04,Seat_Ibiza_1.4_16v,privat,Angebot,5190,control,kleinwagen,2008,manuell,86,ibiza,125000,5,,seat,nein,2016-03-17 00:00:00,0,86368,2016-04-04 19:16:32
45390,2016-03-05 14:22:49,Seat_Ibiza_Cupra,privat,Angebot,4400,test,kleinwagen,2004,manuell,160,ibiza,150000,5,diesel,seat,nein,2016-03-04 00:00:00,0,56291,2016-04-06 05:16:46
360472,2016-03-11 15:55:53,Smart_smart_fortwo_cabrio_Leder_Garagenfahrzeug,privat,Angebot,5500,test,cabrio,2008,manuell,45,fortwo,90000,10,diesel,smart,nein,2016-03-11 00:00:00,0,85764,2016-03-12 05:45:18
124284,2016-03-15 21:40:40,Honda_Civic_1.4i____Getriebeschaden,privat,Angebot,600,control,limousine,1998,manuell,75,civic,150000,12,benzin,honda,ja,2016-03-15 00:00:00,0,21075,2016-03-20 20:19:38
36064,2016-03-05 17:59:15,Corsa_TÜV_2017,privat,Angebot,1111,test,,2017,manuell,0,corsa,150000,0,benzin,opel,,2016-03-05 00:00:00,0,16278,2016-03-06 04:44:35
80838,2016-03-21 14:48:16,Mercedes_Benz__A_140___Classic,privat,Angebot,1300,control,kleinwagen,2003,manuell,82,,150000,6,benzin,mercedes_benz,nein,2016-03-21 00:00:00,0,27612,2016-04-02 13:46:41
3550,2016-03-10 20:37:42,Renault_Twingo__C06_Reserviert_bis_Freitag_19_Uhr.112000_Km.,privat,Angebot,400,test,kleinwagen,2002,manuell,58,twingo,125000,0,benzin,renault,nein,2016-03-10 00:00:00,0,24972,2016-03-11 08:46:26
24822,2016-03-31 19:54:33,Neue_tuev!!_BMW_e39_523i_zu_verkaufen_/_tauschen,privat,Angebot,1450,control,kombi,1999,manuell,170,5er,150000,0,benzin,bmw,nein,2016-03-31 00:00:00,0,34630,2016-04-02 15:46:17
205485,2016-03-31 01:37:04,Mercedes_Benz_CLS_350_7G_TRONIC,privat,Angebot,10400,test,coupe,2005,automatik,272,andere,150000,9,benzin,mercedes_benz,nein,2016-03-31 00:00:00,0,90471,2016-04-06 02:16:18
332958,2016-03-17 12:36:56,Kia_Ceed_1.4_CVVT_EX!!62TKM!!KLIMA!!,privat,Angebot,3790,test,limousine,2008,manuell,109,ceed,70000,6,benzin,kia,ja,2016-03-17 00:00:00,0,52080,2016-04-06 13:45:53
2231,2016-03-17 09:46:45,BMW_116d_DPF,privat,Angebot,12500,test,limousine,2011,manuell,116,1er,50000,2,diesel,bmw,nein,2016-03-17 00:00:00,0,44369,2016-04-06 05:46:14
36198,2016-04-02 20:55:55,Volkswagen_Passat_Variant_1.9_TDI_CL,privat,Angebot,749,test,kombi,1997,manuell,110,passat,150000,7,diesel,volkswagen,nein,2016-04-02 00:00:00,0,57074,2016-04-02 20:55:55
275869,2016-03-28 00:56:42,Audi_A1_Ambition_1.6L_TDI,privat,Angebot,12800,control,,2017,manuell,105,a1,100000,8,diesel,audi,nein,2016-03-27 00:00:00,0,44319,2016-03-31 16:15:52
304426,2016-03-22 01:58:29,Volkswagen_Caddy_1.6_TDI_BMT_Trendline,privat,Angebot,14990,test,bus,2014,manuell,102,caddy,30000,8,diesel,volkswagen,nein,2016-03-22 00:00:00,0,64832,2016-03-22 08:43:49
303070,2016-03-29 16:53:38,Volkswagen_Golf_1.4_TSI_Highline,privat,Angebot,8200,control,limousine,2009,manuell,122,golf,100000,5,benzin,volkswagen,nein,2016-03-29 00:00:00,0,50999,2016-03-29 17:41:51
271807,2016-03-11 20:38:00,A6_2.0_TDI_S_line,privat,Angebot,4500,control,limousine,2007,manuell,140,a6,150000,12,diesel,audi,,2016-03-11 00:00:00,0,54293,2016-03-11 20:38:00
127330,2016-03-17 14:51:10,Volkswagen_Passat_Variant_2.0_TDI_DPF_Navi_MFL_Anh.Kup.,privat,Angebot,3990,control,kombi,2006,manuell,140,passat,150000,5,diesel,volkswagen,nein,2016-03-17 00:00:00,0,45326,2016-03-17 14:51:10
264123,2016-03-31 01:32:22,VW_Golf_VI_1_4_Trendline_aus_1.Hand_mit_neuem_Tuev_und_55.900_KM,privat,Angebot,8300,control,limousine,2009,manuell,80,golf,60000,3,,volkswagen,nein,2016-03-31 00:00:00,0,65611,2016-04-03 17:18:40
352841,2016-03-31 14:51:33,BMW_318i,privat,Angebot,1000,control,limousine,1992,manuell,113,3er,150000,5,benzin,bmw,nein,2016-03-31 00:00:00,0,75223,2016-04-06 08:16:54
165855,2016-03-17 18:42:31,Opel_Corsa_1.2_16V_Edition,privat,Angebot,4500,control,kleinwagen,2009,manuell,80,corsa,90000,12,benzin,opel,nein,2016-03-17 00:00:00,0,39343,2016-03-24 13:47:35
290343,2016-04-03 18:37:00,Alfa_Romeo_Giulietta_2.0_JTDM_16V,privat,Angebot,9900,control,limousine,2011,manuell,140,andere,150000,7,diesel,alfa_romeo,nein,2016-04-03 00:00:00,0,75397,2016-04-05 18:46:12
228308,2016-03-28 17:39:33,A3_1.8T_Bastlerfahrzeug_AGU,privat,Angebot,700,test,,2000,manuell,150,a3,150000,8,benzin,audi,,2016-03-28 00:00:00,0,28790,2016-03-28 17:39:33
317672,2016-03-26 13:55:01,BMW_318i_M_Sport_Paket__TÜV_bis_03/18_Unfallfrei,privat,Angebot,2390,control,limousine,1997,manuell,116,3er,150000,2,benzin,bmw,nein,2016-03-26 00:00:00,0,86916,2016-03-29 16:16:46
342167,2016-03-28 14:57:19,Ford_Mondeo_Turnier_1.6_Ti_VCT_Trend,privat,Angebot,9399,test,kombi,2009,manuell,125,mondeo,100000,4,benzin,ford,nein,2016-03-28 00:00:00,0,57548,2016-04-06 22:45:13
90077,2016-03-16 00:51:07,Volkswagen_Golf_1.4_Comfortline,privat,Angebot,2100,test,limousine,1998,manuell,75,golf,80000,6,benzin,volkswagen,nein,2016-03-16 00:00:00,0,60486,2016-03-29 00:17:27
241066,2016-03-16 20:42:41,Volkswagen_Caddy_1.9_TDI_DPF_Maxi___Preis_5875€___Netto,privat,Angebot,6990,control,bus,2010,manuell,105,caddy,150000,11,diesel,volkswagen,nein,2016-03-16 00:00:00,0,30629,2016-03-27 11:45:39
11466,2016-03-26 17:46:25,BMW_530d_touring_Edition_Exclusive_individual_sport,privat,Angebot,3699,control,kombi,2001,manuell,193,5er,150000,12,diesel,bmw,nein,2016-03-26 00:00:00,0,38723,2016-03-28 06:45:08
217915,2016-03-13 16:47:40,Opel_Astra_1.6_caravan_servo_zentral_klima,privat,Angebot,950,test,,2016,manuell,0,astra,150000,12,,opel,,2016-03-13 00:00:00,0,53119,2016-03-19 12:47:50
150417,2016-03-27 10:39:03,Skoda_Octavia_Combi_2.0_TDI_DPF,privat,Angebot,9990,control,kombi,2011,manuell,170,octavia,150000,6,diesel,skoda,nein,2016-03-27 00:00:00,0,44147,2016-04-07 05:17:10
122212,2016-03-23 20:48:15,Opel_Zafira_1.6_Edition,privat,Angebot,4900,test,bus,2007,manuell,105,zafira,150000,12,benzin,opel,nein,2016-03-23 00:00:00,0,97990,2016-04-06 02:16:34
31299,2016-04-04 17:48:34,Fiat_Bravo_1.4_T_Jet,privat,Angebot,4200,test,,2017,manuell,150,bravo,150000,0,benzin,fiat,,2016-04-04 00:00:00,0,6905,2016-04-06 19:47:54
111849,2016-03-29 20:57:52,Honda_HR_V__119Tkm__MT__4WD__Klima__neuer_Zahnriemen,privat,Angebot,2200,test,suv,1999,manuell,105,andere,125000,11,benzin,honda,nein,2016-03-29 00:00:00,0,34621,2016-04-06 07:17:27
127164,2016-03-14 17:40:08,HYUNDAI_TERRACAN_1_Hand_Klima_TÜV_07_2017_AHK__AUTOMATIK_VB,privat,Angebot,3850,test,suv,2004,automatik,150,andere,150000,6,diesel,hyundai,nein,2016-03-14 00:00:00,0,45127,2016-03-17 06:16:31
266707,2016-03-26 16:53:35,***Mazda_Demio_1.5L_***,privat,Angebot,1349,control,kombi,2002,manuell,82,,150000,8,,mazda,ja,2016-03-26 00:00:00,0,95448,2016-03-31 12:47:35
134416,2016-03-21 22:38:04,Fiat_Punto_Cabrio,privat,Angebot,200,control,cabrio,1994,manuell,60,punto,150000,4,benzin,fiat,,2016-03-21 00:00:00,0,58119,2016-03-21 23:41:09
309121,2016-03-11 12:36:42,Audi_A6_3.0_LPG,privat,Angebot,4750,test,,2017,automatik,220,a6,150000,9,,audi,,2016-03-11 00:00:00,0,45888,2016-03-17 20:17:34
64395,2016-03-30 15:54:27,Mercedes_Benz_E_280_CDI_7G_TRONIC,privat,Angebot,11950,test,limousine,2009,automatik,228,e_klasse,150000,3,diesel,mercedes_benz,nein,2016-03-30 00:00:00,0,24610,2016-03-30 16:41:01
360868,2016-03-22 16:47:18,Toyota_Celica_Turbo_4x4,privat,Angebot,3449,test,coupe,1992,manuell,204,andere,50000,1,benzin,toyota,nein,2016-03-22 00:00:00,0,53894,2016-04-06 06:46:48
186967,2016-03-28 13:48:35,Audi_A3_1.6,privat,Angebot,6999,test,limousine,2007,manuell,102,a3,80000,5,benzin,audi,nein,2016-03-28 00:00:00,0,90441,2016-04-06 17:45:45
179676,2016-03-10 19:53:32,BMW_330_Ci_Aut._M_Paket_Navi,privat,Angebot,11999,control,cabrio,2005,automatik,231,3er,125000,8,benzin,bmw,nein,2016-03-10 00:00:00,0,22115,2016-04-06 03:46:06
101831,2016-03-16 14:54:27,Opel_Astra_F_BASTLERAUTO_Fahrzeug_5_tuerig_Bastlerfahrzeug_Auto,privat,Angebot,250,test,limousine,1995,manuell,0,astra,150000,10,benzin,opel,ja,2016-03-16 00:00:00,0,97070,2016-04-06 16:45:03
4562,2016-03-30 21:49:06,Opel_Astra_H_Caravan_1.7cdti_Diesel_Tempomat_Kombi_101ps_TÜV_NEU!,privat,Angebot,4490,test,kombi,2009,manuell,105,astra,150000,10,diesel,opel,,2016-03-30 00:00:00,0,4129,2016-04-05 12:20:11
95237,2016-03-27 20:46:58,Mercedes_A_Klasse_190_Avantgarde,privat,Angebot,2200,control,limousine,2002,manuell,126,c_klasse,150000,6,benzin,mercedes_benz,nein,2016-03-27 00:00:00,0,10789,2016-03-27 20:46:58
10411,2016-03-20 12:48:23,OPEL_CORSA_1.4_60PS_ALLWETTERREIFEN_NEU_+_TÜV,privat,Angebot,1199,test,limousine,1997,manuell,60,corsa,150000,5,benzin,opel,,2016-03-20 00:00:00,0,50672,2016-04-06 12:45:36
198599,2016-04-03 11:53:53,Vw_polo_6n,privat,Angebot,300,control,kleinwagen,1998,manuell,0,polo,5000,0,,volkswagen,,2016-04-03 00:00:00,0,27318,2016-04-03 11:53:53
278476,2016-03-11 16:47:22,FIAT_GRANDE_PUNTO,privat,Angebot,2750,test,,2009,manuell,0,punto,125000,7,benzin,fiat,,2016-03-11 00:00:00,0,52134,2016-03-12 06:46:03
104772,2016-03-11 09:51:13,Seat_Ibiza_ST_Copa_Style,privat,Angebot,10100,control,kombi,2012,manuell,86,ibiza,30000,1,benzin,seat,nein,2016-03-11 00:00:00,0,1127,2016-03-12 14:15:44
243573,2016-04-02 19:49:00,VW_Polo_/_Kein_Opel_Corsa_Kleinwagen,privat,Angebot,499,control,kleinwagen,1996,manuell,60,polo,150000,8,benzin,volkswagen,nein,2016-04-02 00:00:00,0,10829,2016-04-02 19:49:00
156792,2016-03-21 18:36:22,Mercedes_Ersatzreile_Fuer_Bj_1950__2000,privat,Angebot,0,test,,1960,,0,andere,5000,0,,mercedes_benz,,2016-03-21 00:00:00,0,46539,2016-04-06 19:47:08
81045,2016-04-03 09:51:30,Opel_Tigra_1.6i_16V,privat,Angebot,1180,control,kleinwagen,1996,manuell,106,tigra,150000,9,benzin,opel,nein,2016-04-03 00:00:00,0,55234,2016-04-07 11:17:23
69169,2016-03-17 21:39:46,BMW_318is,privat,Angebot,2999,test,coupe,1994,manuell,140,3er,150000,9,benzin,bmw,nein,2016-03-17 00:00:00,0,73262,2016-03-17 21:39:46
295876,2016-03-30 08:51:12,BMW_E34_530i_V8,privat,Angebot,1850,test,kombi,1995,automatik,218,5er,150000,11,benzin,bmw,nein,2016-03-30 00:00:00,0,65193,2016-04-06 16:45:23
8838,2016-03-19 22:51:39,Subaru_Forester_2.0,privat,Angebot,3300,test,,2016,manuell,0,forester,150000,0,,subaru,,2016-03-19 00:00:00,0,73529,2016-04-05 14:17:10
174486,2016-03-13 01:36:17,BMW_320i_M_Sportpaket_Facelift_Navi_Guter_Zustand,privat,Angebot,14000,control,limousine,2009,manuell,170,3er,125000,2,benzin,bmw,nein,2016-03-13 00:00:00,0,66333,2016-03-14 21:17:00
264106,2016-03-08 11:38:41,Audi_A8_4e_4.2_quattro_LPG,privat,Angebot,10950,control,limousine,2005,automatik,334,a8,150000,3,lpg,audi,nein,2016-03-08 00:00:00,0,32791,2016-03-12 20:17:27
148181,2016-03-10 19:49:31,Opel_Corca_1.0_Benzin_Bj.2005_Klima_TueV_bis_07/2017,privat,Angebot,1900,control,limousine,2005,manuell,60,corsa,150000,6,benzin,opel,,2016-03-10 00:00:00,0,63739,2016-03-12 11:17:52
223049,2016-03-19 12:58:21,Volkswagen_Tiguan_2.0_TDI_DPF_BlueMotion_Technology_Spo...,privat,Angebot,15100,test,suv,2012,manuell,110,tiguan,150000,3,diesel,volkswagen,nein,2016-03-19 00:00:00,0,29525,2016-03-19 12:58:21
262076,2016-03-10 21:47:20,Audi_Coupe_Typ_85_Quattro,privat,Angebot,10000,control,coupe,1986,manuell,120,80,150000,10,benzin,audi,ja,2016-03-10 00:00:00,0,80995,2016-03-12 13:47:13
226872,2016-03-11 13:55:32,Ford_Mondeo_2.5_V6,privat,Angebot,3349,test,kombi,2001,manuell,170,mondeo,150000,10,benzin,ford,nein,2016-03-11 00:00:00,0,97941,2016-03-24 17:17:21
304116,2016-03-24 19:47:22,BMW_320i,privat,Angebot,1750,control,limousine,1999,manuell,150,3er,150000,3,benzin,bmw,nein,2016-03-24 00:00:00,0,92224,2016-03-24 19:47:22
286028,2016-03-23 21:40:18,BMW_525d,privat,Angebot,8000,test,limousine,2004,manuell,177,5er,150000,10,diesel,bmw,nein,2016-03-23 00:00:00,0,82377,2016-04-06 02:46:03
158730,2016-03-20 18:52:23,Mazda_MX_5_1.8_MZR,privat,Angebot,12300,test,cabrio,2007,manuell,126,mx_reihe,40000,3,benzin,mazda,nein,2016-03-20 00:00:00,0,71364,2016-04-07 02:45:26
364129,2016-03-10 14:51:53,Mitsubishi_Colt,privat,Angebot,2800,test,kleinwagen,2004,manuell,95,colt,100000,12,benzin,mitsubishi,,2016-03-10 00:00:00,0,26316,2016-03-10 15:40:42
122209,2016-03-10 10:57:09,Renault_Clio_Expression_1.2_16V__Klima__ZV__TÜV_/_AU_11/2017,privat,Angebot,2399,test,kleinwagen,2003,manuell,75,clio,125000,10,benzin,renault,nein,2016-03-10 00:00:00,0,93105,2016-03-30 09:46:10
190389,2016-03-15 19:53:13,BMW_530d_Defekt,privat,Angebot,2500,control,limousine,2001,automatik,193,,150000,6,diesel,bmw,ja,2016-03-15 00:00:00,0,41515,2016-03-20 18:45:33
324178,2016-03-15 13:57:18,Volkswagen_Golf_1.4_Trendline__Zweitwagen_19200_KM_,privat,Angebot,7900,control,limousine,2012,manuell,80,golf,20000,7,benzin,volkswagen,nein,2016-03-15 00:00:00,0,51429,2016-03-19 07:16:42
322873,2016-03-24 07:56:18,Golf_3_mit_1_monat_tuev_5_Tuerig_KLIMA,privat,Angebot,300,control,,2000,manuell,0,golf,150000,10,,volkswagen,nein,2016-03-24 00:00:00,0,85055,2016-03-24 09:40:14
238025,2016-03-14 20:57:40,Nissan_Juke_1.6_n_tec,privat,Angebot,12600,control,kleinwagen,2013,manuell,117,juke,40000,6,benzin,nissan,nein,2016-03-14 00:00:00,0,33102,2016-04-06 12:44:47
370367,2016-03-25 23:48:43,Fiat_Grande_Punto_1.3_Multijet_16V_Dynamic,privat,Angebot,3450,control,kleinwagen,2006,manuell,90,andere,150000,12,diesel,fiat,nein,2016-03-25 00:00:00,0,53117,2016-04-05 14:15:54
318548,2016-03-15 23:58:22,BMW_320d_Limousine_TOP_ZUSTAND!_UNFALLFREI!,privat,Angebot,12700,control,limousine,2010,manuell,170,3er,150000,5,diesel,bmw,,2016-03-15 00:00:00,0,47053,2016-04-05 23:16:54
364476,2016-03-14 19:55:00,karosierie_BMW_E24_635_csi,privat,Angebot,1190,control,coupe,1981,manuell,216,6er,5000,9,benzin,bmw,,2016-03-14 00:00:00,0,47798,2016-04-06 05:46:11
171728,2016-04-01 13:48:36,BMW_320d_Xenon/Navi/SpoSi/M_Fahrwerk/8_fach_Alu,privat,Angebot,15990,test,kombi,2011,manuell,184,3er,90000,8,diesel,bmw,nein,2016-04-01 00:00:00,0,94107,2016-04-07 10:45:34
10407,2016-03-07 15:54:59,Audi_A3_8L_2001_1.9_TDI,privat,Angebot,1600,control,,2005,manuell,131,,150000,0,diesel,audi,,2016-03-07 00:00:00,0,59494,2016-03-17 23:17:12
85704,2016-03-25 01:51:19,Alfa_Romeo_147_1.6_Twin_Spark_Progression,privat,Angebot,1500,test,limousine,2003,manuell,120,147,125000,7,benzin,alfa_romeo,ja,2016-03-24 00:00:00,0,64560,2016-03-28 05:17:08
145648,2016-03-20 13:57:47,MINI_ONE_TÜV/ASU_NEU_03/18,privat,Angebot,3550,test,,2018,manuell,90,one,150000,2,benzin,mini,,2016-03-20 00:00:00,0,31228,2016-04-02 16:46:28
104051,2016-03-20 23:45:10,Mercedes_Benz_A_180_CDI_Elegance,privat,Angebot,7000,control,limousine,2007,manuell,109,a_klasse,125000,10,diesel,mercedes_benz,nein,2016-03-20 00:00:00,0,8352,2016-04-07 09:45:41
176287,2016-04-05 09:49:55,Renault_espace_lV_mit_tuev_sehr_gepflegt,privat,Angebot,3000,control,bus,2003,automatik,0,espace,150000,12,,renault,nein,2016-04-05 00:00:00,0,38835,2016-04-07 12:17:56
87478,2016-03-05 20:53:22,Volkswagen_Touran_2.0_TDI_DPF_Highline,privat,Angebot,13300,control,bus,2010,manuell,140,touran,150000,12,diesel,volkswagen,nein,2016-03-05 00:00:00,0,86956,2016-04-05 12:20:02
208935,2016-04-04 18:56:11,Golf_I_Cabrio_Automatik_1_8__98_PS_,privat,Angebot,5999,test,cabrio,1991,automatik,98,golf,150000,4,benzin,volkswagen,nein,2016-04-04 00:00:00,0,22457,2016-04-06 21:16:24
296731,2016-03-30 01:36:59,Mercedes_Benz_SL_350_Automatik,privat,Angebot,21590,test,cabrio,2006,automatik,245,sl,125000,8,benzin,mercedes_benz,nein,2016-03-30 00:00:00,0,72119,2016-04-06 20:46:27
25549,2016-03-08 13:54:27,MINI_Mini_One,privat,Angebot,4700,control,kleinwagen,2005,manuell,90,one,150000,2,benzin,mini,nein,2016-03-08 00:00:00,0,93413,2016-04-05 19:18:26
102274,2016-03-12 14:50:20,Opel_Vectra_B_1_6l_16V,privat,Angebot,599,test,limousine,1998,manuell,101,vectra,150000,12,,opel,,2016-03-12 00:00:00,0,40593,2016-04-07 01:17:08
275295,2016-04-01 19:46:03,BMW_e46_323_M3_Umbau_alles_eingetragen_TÜV_neu,privat,Angebot,4800,control,coupe,2000,manuell,170,3er,150000,1,benzin,bmw,nein,2016-04-01 00:00:00,0,68307,2016-04-05 15:47:28
334468,2016-03-25 16:40:38,Volvo_Amazon,privat,Angebot,9500,control,limousine,1967,manuell,75,andere,150000,7,benzin,volvo,nein,2016-03-25 00:00:00,0,59320,2016-04-06 20:48:27
342779,2016-04-01 12:58:24,BMW_520i_touring,privat,Angebot,1050,test,kombi,1997,manuell,150,5er,150000,10,benzin,bmw,nein,2016-04-01 00:00:00,0,91315,2016-04-07 09:44:30
318651,2016-03-08 10:51:39,VW_Golf_3_in_ein_superzustand,privat,Angebot,650,test,,2017,manuell,0,golf,5000,7,,volkswagen,nein,2016-03-08 00:00:00,0,28759,2016-03-23 06:18:18
66058,2016-03-20 17:50:53,Opel_Corsa,privat,Angebot,300,test,kleinwagen,1997,manuell,45,corsa,150000,3,,opel,,2016-03-20 00:00:00,0,59073,2016-04-07 00:46:19
73073,2016-03-14 20:46:44,Toyota_Corolla_1.4_G6,privat,Angebot,1490,control,limousine,1998,manuell,86,corolla,150000,11,benzin,toyota,nein,2016-03-14 00:00:00,0,7338,2016-04-06 09:16:05
169415,2016-03-24 20:37:36,Smart_ForTwo_Brabus_Optik,privat,Angebot,1850,test,kleinwagen,1999,automatik,54,fortwo,125000,11,benzin,smart,nein,2016-03-24 00:00:00,0,53819,2016-04-05 14:46:20
119096,2016-03-15 09:50:45,Cadillac_Fleetwood_V8,privat,Angebot,5900,control,limousine,1989,automatik,179,,100000,12,,sonstige_autos,nein,2016-03-15 00:00:00,0,19205,2016-04-05 20:16:29
85878,2016-03-15 20:56:48,Ford_2_Stueck_Ford_Mercury_Villager_LS_+_GS,privat,Angebot,550,test,bus,1993,automatik,154,andere,100000,3,benzin,ford,ja,2016-03-15 00:00:00,0,31840,2016-04-01 06:47:03
306706,2016-04-02 08:51:44,Volkswagen_Polo_45_Comfortline,privat,Angebot,1300,control,kleinwagen,1996,manuell,45,polo,150000,9,benzin,volkswagen,nein,2016-04-02 00:00:00,0,84453,2016-04-04 06:21:02
45338,2016-03-29 18:45:47,MINI_Mini_John_Cooper_Works_Navi_/_Xenon_/_Leder,privat,Angebot,19880,control,kleinwagen,2011,manuell,211,cooper,80000,8,benzin,mini,nein,2016-03-29 00:00:00,0,74074,2016-04-06 04:17:35
134357,2016-03-21 10:36:24,Mercedes_Benz_MB_508D_LF8_9_Sitze_H_Kennz_3_5t_407_608,privat,Angebot,6950,test,bus,1979,manuell,86,andere,30000,7,diesel,mercedes_benz,nein,2016-03-21 00:00:00,0,15378,2016-04-06 03:16:49
98238,2016-03-15 16:49:43,Opel_Astra_1.4_ecoFLEX_Hu_2/18__Sommer/Winter,privat,Angebot,7299,control,limousine,2010,manuell,101,astra,100000,8,benzin,opel,nein,2016-03-15 00:00:00,0,99894,2016-04-06 12:17:16
22229,2016-04-04 23:55:24,Volkswagen_Transporter_T4_70H1F2/W24,privat,Angebot,2800,control,bus,1994,manuell,77,transporter,150000,9,diesel,volkswagen,ja,2016-04-04 00:00:00,0,71272,2016-04-07 09:46:47
255806,2016-03-25 21:49:08,BMW_520i_TÜV_9/17_Motor_140.000_km__Klima__VHB,privat,Angebot,1950,test,limousine,1998,manuell,150,5er,150000,12,benzin,bmw,nein,2016-03-25 00:00:00,0,26901,2016-04-07 05:44:59
15398,2016-03-16 17:48:20,Peugeot_308_150_THP,privat,Angebot,2900,control,limousine,2007,manuell,150,3_reihe,150000,11,benzin,peugeot,nein,2016-03-16 00:00:00,0,90489,2016-03-16 17:48:20
348244,2016-03-07 01:47:08,Audi_A3_Limousine_Ambition,privat,Angebot,22000,control,limousine,2013,manuell,150,a3,100000,10,diesel,audi,,2016-03-06 00:00:00,0,45134,2016-04-06 22:15:51
89092,2016-03-30 18:58:53,528i_Touring_.._Tuev/Au_03.2018_Neu_.._Leder___Automatik___Klima,privat,Angebot,2300,test,kombi,1999,automatik,193,5er,150000,4,benzin,bmw,nein,2016-03-30 00:00:00,0,64293,2016-04-05 07:50:23
220940,2016-03-06 01:57:35,Mini_Van__Daewoo_Rezzo__schwarz_/_Klima_/_ALU_/_Winterreifen_usw.,privat,Angebot,1350,control,bus,2003,manuell,116,andere,150000,12,benzin,daewoo,ja,2016-03-06 00:00:00,0,24211,2016-03-07 21:45:00
308102,2016-04-01 18:52:50,Mercedes_Benz_C_220_T_CDI_Classic,privat,Angebot,3900,control,kombi,2003,manuell,143,c_klasse,150000,4,diesel,mercedes_benz,nein,2016-04-01 00:00:00,0,86153,2016-04-05 14:47:10
81020,2016-03-15 14:56:58,Chrysler_Voyager,privat,Angebot,750,control,bus,2001,manuell,0,voyager,150000,0,diesel,chrysler,,2016-03-15 00:00:00,0,96450,2016-03-22 16:22:03
88712,2016-03-31 20:55:36,Seat_ibiza_1._4_75ps,privat,Angebot,2600,test,kleinwagen,2004,manuell,75,ibiza,100000,7,benzin,seat,ja,2016-03-31 00:00:00,0,91090,2016-04-06 15:47:01
297536,2016-03-17 23:57:04,Ford_Galaxy,privat,Angebot,4400,control,bus,2003,manuell,131,galaxy,150000,6,diesel,ford,nein,2016-03-17 00:00:00,0,91459,2016-03-26 10:17:57
30812,2016-03-11 16:55:30,Polo_6n_XXL_Open_Air_4/5_Tuerer_TÜV_3.2017,privat,Angebot,899,test,kleinwagen,1999,manuell,60,polo,150000,6,benzin,volkswagen,nein,2016-03-11 00:00:00,0,30457,2016-03-12 21:20:04
349684,2016-03-10 18:52:18,Nissan_Primera_2.0_Competence_AHK,privat,Angebot,999,test,kombi,1998,manuell,131,primera,150000,5,benzin,nissan,nein,2016-03-10 00:00:00,0,32257,2016-03-11 07:15:58
363500,2016-03-20 13:59:05,Nissan_Micra,privat,Angebot,2700,test,kleinwagen,2005,manuell,65,micra,125000,6,benzin,nissan,nein,2016-03-20 00:00:00,0,35066,2016-04-06 17:16:05
88201,2016-03-12 23:51:55,Ford_Mondeo_Turnier_16V_Ghia,privat,Angebot,1500,control,kombi,2000,manuell,131,mondeo,150000,2,benzin,ford,nein,2016-03-12 00:00:00,0,66130,2016-04-06 10:46:38
192229,2016-03-11 01:32:22,Opel_Corsa_1.0_12V,privat,Angebot,2199,control,kleinwagen,2005,manuell,60,corsa,80000,9,benzin,opel,ja,2016-03-11 00:00:00,0,65933,2016-03-17 23:47:42
9345,2016-03-26 18:49:00,Opel_Corsa_1.4_16V_Energy,privat,Angebot,9400,test,kleinwagen,2014,manuell,87,corsa,30000,1,benzin,opel,nein,2016-03-26 00:00:00,0,41470,2016-04-06 08:17:18
259802,2016-04-01 15:58:30,BMW_120d_Coupe_Aut.,privat,Angebot,12000,test,coupe,2007,automatik,197,1er,150000,12,diesel,bmw,nein,2016-04-01 00:00:00,0,82140,2016-04-05 11:44:52
16141,2016-03-30 12:25:26,320_d_Edition_Sport,privat,Angebot,2200,control,limousine,2003,,0,3er,150000,10,diesel,bmw,nein,2016-03-30 00:00:00,0,60314,2016-03-30 12:50:38
308336,2016-03-21 23:50:16,Volkswagen_Multivan_Kurz_Comfortline,privat,Angebot,22500,test,bus,2010,manuell,179,transporter,150000,1,diesel,volkswagen,nein,2016-03-21 00:00:00,0,40764,2016-04-01 17:50:53
223629,2016-03-08 10:52:12,Mercedes_Benz_CLS_350_CGI_7G_TRONIC,privat,Angebot,15500,test,coupe,2009,automatik,292,andere,150000,11,benzin,mercedes_benz,nein,2016-03-08 00:00:00,0,63477,2016-03-10 12:18:02
201396,2016-03-18 00:40:18,Kia_Sportage_2.0_4WD__LPG__AHK__Klima,privat,Angebot,5900,test,suv,2008,manuell,141,sportage,150000,4,lpg,kia,nein,2016-03-17 00:00:00,0,85653,2016-03-21 03:17:20
48488,2016-03-08 13:54:55,Peugeot_307_CC_140_Sport,privat,Angebot,8400,control,cabrio,2008,manuell,140,3_reihe,125000,5,benzin,peugeot,nein,2016-03-08 00:00:00,0,38226,2016-04-05 19:18:37
82838,2016-03-29 21:36:43,Suzuki_SJ_Samurai_restauriert_Rostfrei_neuer_Tuev,privat,Angebot,5500,test,suv,1992,manuell,69,andere,125000,3,benzin,suzuki,nein,2016-03-29 00:00:00,0,14621,2016-04-06 09:17:17
181451,2016-03-12 16:57:05,Hallo_ich_verkaufe_fur_sie_ihr_auto,privat,Angebot,0,control,andere,2016,,100,,5000,1,,sonstige_autos,,2016-03-12 00:00:00,0,30855,2016-03-12 16:57:05
91914,2016-03-13 10:46:27,Ford_Ranges_Unfallfahrzeug,privat,Angebot,0,control,andere,2010,,0,andere,125000,0,diesel,ford,ja,2016-03-13 00:00:00,0,65549,2016-03-17 03:45:23
118869,2016-03-10 02:36:19,VW_Polo_6N,privat,Angebot,50,control,kleinwagen,1995,manuell,0,polo,150000,5,benzin,volkswagen,,2016-03-10 00:00:00,0,97996,2016-03-11 07:46:03
137578,2016-04-01 23:54:22,Kleiner_roter_Flitzer_braucht_Starthilfe,privat,Angebot,500,control,kleinwagen,2001,automatik,0,punto,5000,0,benzin,fiat,ja,2016-04-01 00:00:00,0,24768,2016-04-06 04:45:16
127928,2016-04-04 08:54:00,Top_gepflegter_Audi_A4_FSI__277000km_,privat,Angebot,6499,control,kombi,2005,automatik,200,a4,125000,11,benzin,audi,nein,2016-04-04 00:00:00,0,96515,2016-04-07 11:44:54
363757,2016-03-27 18:44:21,BMW_116d_DPF,privat,Angebot,8990,control,limousine,2010,manuell,116,1er,125000,3,diesel,bmw,nein,2016-03-27 00:00:00,0,54497,2016-04-05 15:15:37
190168,2016-03-11 20:49:26,Familienfreundlicher_7_Sitzer,privat,Angebot,4300,control,andere,2004,manuell,116,alhambra,150000,7,diesel,seat,,2016-03-11 00:00:00,0,26849,2016-04-06 04:17:16
340253,2016-03-11 18:59:50,Volkswagen_Golf_1.4_TSI_Highline__Alcantara_Sportsitze_,privat,Angebot,9700,test,limousine,2009,manuell,160,golf,90000,5,benzin,volkswagen,nein,2016-03-11 00:00:00,0,71640,2016-03-18 04:16:24
323684,2016-03-09 23:41:12,Ford_Ka_Fun,privat,Angebot,1300,test,kleinwagen,2006,manuell,69,ka,100000,1,benzin,ford,nein,2016-03-09 00:00:00,0,80997,2016-03-28 07:46:32
279487,2016-03-29 19:40:30,Volkswagen_Multivan_7Gang_DSG_4MOTION__Edition_25_Standh.,privat,Angebot,37920,control,bus,2015,automatik,179,transporter,40000,1,diesel,volkswagen,nein,2016-03-29 00:00:00,0,4838,2016-04-06 05:17:30
225174,2016-03-17 16:54:54,Top_Audi_A_6,privat,Angebot,3100,test,limousine,2000,automatik,0,a6,150000,5,benzin,audi,,2016-03-17 00:00:00,0,66646,2016-03-19 16:46:37
302900,2016-04-02 12:52:04,Verkaufe_Citroen_AX_ohne_TÜV_plus_ein_kat,privat,Angebot,100,test,,2016,manuell,0,,150000,6,benzin,citroen,nein,2016-04-02 00:00:00,0,24783,2016-04-02 12:52:04
74663,2016-03-24 11:55:13,Ford_Fiesta_Bj._2002_TÜV_bis_Juni_2017,privat,Angebot,700,test,kleinwagen,2002,manuell,80,fiesta,150000,7,benzin,ford,ja,2016-03-24 00:00:00,0,26389,2016-03-24 11:55:13
149733,2016-03-16 13:49:38,X5_3.0_d_Sport_Paket,privat,Angebot,3900,control,suv,2003,,0,x_reihe,150000,10,diesel,bmw,nein,2016-03-16 00:00:00,0,47800,2016-03-16 13:49:38
248796,2016-03-10 21:57:49,Suche_ein_guenstiges_Auto_bis_2000€,privat,Angebot,2000,control,limousine,2000,,0,golf,150000,1,,volkswagen,,2016-03-10 00:00:00,0,49497,2016-04-07 04:16:07
255712,2016-03-22 00:58:35,Volkswagen_Golf_2.0_TDI_GTD_Xenon_Navi_Standheizung_etc.,privat,Angebot,23299,control,limousine,2011,automatik,170,golf,60000,8,diesel,volkswagen,nein,2016-03-21 00:00:00,0,48703,2016-03-22 07:47:44
195721,2016-03-31 17:36:18,MINI_Cooper_SD_Countryman___JAHRESWAGEN_MIT_VOLLAUSST,privat,Angebot,28950,control,suv,2015,manuell,143,cooper,20000,3,diesel,mini,nein,2016-03-31 00:00:00,0,41539,2016-04-06 12:16:46
45576,2016-04-03 00:57:03,Opel_omega_b_zum_schlachten,privat,Angebot,0,control,,2000,,0,omega,150000,0,,opel,,2016-04-03 00:00:00,0,66450,2016-04-07 09:17:14
312680,2016-04-02 18:25:45,Jeep_Wrangler_2.4_Sport,privat,Angebot,13500,test,suv,2005,manuell,143,wrangler,80000,1,benzin,jeep,nein,2016-04-02 00:00:00,0,65779,2016-04-06 09:16:28
217551,2016-03-26 20:49:39,Volkswagen_Golf_1.2_TSI_*MATCH*_BDC_*navi....neu_TÜV,privat,Angebot,12450,control,,2018,,105,golf,50000,7,benzin,volkswagen,nein,2016-03-26 00:00:00,0,45884,2016-04-02 13:44:25
311930,2016-03-15 17:56:37,Renault_Clio_1.2_16V__TÜV_NEU_/_KLIMA_/_ZV_/__elek._Fensterheber,privat,Angebot,1499,control,kleinwagen,2004,manuell,75,clio,150000,4,benzin,renault,nein,2016-03-15 00:00:00,0,44625,2016-03-17 13:44:23
10463,2016-03-19 08:55:40,Audi_A3_2.0_FSI_Benzin_150_PS,privat,Angebot,5250,test,coupe,2003,automatik,150,a3,150000,10,benzin,audi,ja,2016-03-19 00:00:00,0,64331,2016-03-28 08:16:39
41156,2016-03-24 13:55:43,Mercedes_Benz_C_220_CDI_Sportcoupe,privat,Angebot,3700,control,coupe,2003,manuell,143,c_klasse,150000,5,diesel,mercedes_benz,nein,2016-03-24 00:00:00,0,52372,2016-04-07 05:17:31
174403,2016-03-07 17:47:30,Golf_2_diesel,privat,Angebot,600,test,kleinwagen,1991,manuell,54,golf,150000,3,,volkswagen,,2016-03-07 00:00:00,0,36419,2016-03-29 23:18:27
232907,2016-03-23 12:47:17,Ford_Fiesta_Tuev_/servo_/_5_Tuerer,privat,Angebot,399,control,,2016,manuell,0,fiesta,150000,6,benzin,ford,,2016-03-23 00:00:00,0,33790,2016-04-01 17:15:38
174084,2016-04-01 10:54:16,Bmw_Alpina_D3,privat,Angebot,15499,control,limousine,2006,manuell,200,3er,150000,6,diesel,bmw,nein,2016-04-01 00:00:00,0,21698,2016-04-07 07:17:16
199057,2016-04-04 22:52:58,BMW_840Ci,privat,Angebot,35840,test,coupe,1997,manuell,286,andere,150000,4,benzin,bmw,nein,2016-04-04 00:00:00,0,76344,2016-04-07 02:17:08
260400,2016-03-23 13:59:21,Opel_Zafira_top_gepflegt_voll_Leder_sparsames_Auto,privat,Angebot,2700,test,bus,2002,manuell,125,zafira,150000,7,benzin,opel,,2016-03-23 00:00:00,0,45141,2016-03-23 14:40:14
322170,2016-03-28 00:58:10,BMW_523i_LPG_Prins_vieles_neu,privat,Angebot,1950,control,,2016,manuell,170,5er,150000,8,,bmw,nein,2016-03-27 00:00:00,0,32052,2016-04-06 08:17:18
48031,2016-03-21 22:56:42,Mercedes_Benz_220,privat,Angebot,22900,control,coupe,2011,automatik,170,andere,90000,6,diesel,mercedes_benz,nein,2016-03-21 00:00:00,0,63843,2016-04-07 06:46:35
332944,2016-03-21 18:57:38,Opel_Calibra_2.0,privat,Angebot,340,test,coupe,1992,,115,,150000,4,benzin,opel,nein,2016-03-21 00:00:00,0,89542,2016-04-06 21:47:17
1937,2016-03-14 05:41:10,gepflegter_Citroen_C3,privat,Angebot,2400,test,kleinwagen,2004,manuell,74,c3,125000,6,benzin,citroen,nein,2016-03-13 00:00:00,0,96515,2016-04-06 21:18:44
141604,2016-04-03 00:58:20,***!!!_Mitsubishi_Space_Star_Rest_TÜV_!!!***,privat,Angebot,350,control,limousine,1999,manuell,0,andere,150000,12,benzin,mitsubishi,,2016-04-02 00:00:00,0,44388,2016-04-07 09:15:47
24645,2016-03-21 01:58:03,Ford_Fiesta,privat,Angebot,600,test,kleinwagen,1997,manuell,50,fiesta,60000,3,benzin,ford,nein,2016-03-21 00:00:00,0,70794,2016-04-05 23:16:40
35842,2016-03-19 14:55:58,Opel_Zafira_an_Bastler!!!,privat,Angebot,650,test,bus,2001,manuell,100,zafira,150000,4,diesel,opel,ja,2016-03-19 00:00:00,0,22309,2016-03-19 14:55:58
355172,2016-03-11 00:51:34,Opel_Manta_B1_Berlinetta_1.9_Sammlerzustand,privat,Angebot,8950,test,coupe,1978,manuell,75,andere,100000,10,benzin,opel,nein,2016-03-10 00:00:00,0,48455,2016-04-06 01:17:21
127658,2016-03-07 01:38:18,Citroën_C5_Tourer_2.0_16V_Confort,privat,Angebot,6200,control,kombi,2008,manuell,140,c5,150000,12,lpg,citroen,nein,2016-03-06 00:00:00,0,85435,2016-04-06 09:15:44
310975,2016-04-03 10:56:17,Nur_noch_heute__nissan_micra_bj_1999,privat,Angebot,600,control,kleinwagen,1999,manuell,0,micra,150000,5,benzin,nissan,nein,2016-04-03 00:00:00,0,13585,2016-04-05 09:51:44
191315,2016-03-09 22:50:01,Smart_smart_roadster_softtouch,privat,Angebot,2950,test,cabrio,2005,automatik,82,roadster,125000,3,benzin,smart,ja,2016-03-09 00:00:00,0,92442,2016-03-21 11:18:14
115383,2016-03-07 08:57:05,Chrysler_Sebring_Cabrio_2.7_LX,privat,Angebot,4500,control,cabrio,2002,automatik,203,andere,150000,5,benzin,chrysler,nein,2016-03-07 00:00:00,0,97340,2016-04-06 08:44:43
116997,2016-03-16 21:56:20,Seat_1.6,privat,Angebot,4250,control,bus,2005,manuell,102,toledo,125000,6,benzin,seat,nein,2016-03-16 00:00:00,0,31228,2016-04-07 13:16:06
13102,2016-03-10 21:31:14,RENAULT_TWINGO__1_2LEV__16_V__Night&Day,privat,Angebot,5499,test,kleinwagen,2010,manuell,75,twingo,50000,8,benzin,renault,nein,2016-03-10 00:00:00,0,56073,2016-04-03 08:45:52
214467,2016-03-21 01:01:42,Volkswagen_Golf_2.0_TDI_6_gang_Schaltgetriebe_Top_zustand,privat,Angebot,7990,test,limousine,2009,manuell,140,golf,150000,6,diesel,volkswagen,nein,2016-03-21 00:00:00,0,53119,2016-04-02 02:15:27
225841,2016-03-07 09:55:21,Mercedes_c_200,privat,Angebot,2500,control,limousine,2001,automatik,0,c_klasse,150000,8,diesel,mercedes_benz,,2016-03-07 00:00:00,0,33719,2016-03-12 10:16:35
367850,2016-03-12 22:55:54,Citroën_C4_Picasso_1.8_16V_7_sitzer,privat,Angebot,5750,control,bus,2006,manuell,125,c4,150000,12,benzin,citroen,nein,2016-03-12 00:00:00,0,33699,2016-03-13 04:43:04
356781,2016-03-09 22:55:11,Volkswagen_T4_Transporter_Bus_BW,privat,Angebot,6800,test,kombi,1996,manuell,77,transporter,125000,3,diesel,volkswagen,nein,2016-03-09 00:00:00,0,21337,2016-04-05 15:47:49
105749,2016-03-29 17:46:11,Opel_Corsa_1.4_16V_BLACK&WHITE__OPC_LINE__TÜV_NEU,privat,Angebot,7500,control,kleinwagen,2008,manuell,90,corsa,90000,6,benzin,opel,nein,2016-03-29 00:00:00,0,79713,2016-04-06 03:17:16
344759,2016-03-09 21:39:18,Seat_Ibiza_1.4_16V,privat,Angebot,5990,test,kleinwagen,2006,manuell,75,ibiza,60000,8,benzin,seat,nein,2016-03-09 00:00:00,0,32549,2016-03-21 06:17:08
359015,2016-03-26 20:58:45,Mercedes_Benz_Vito_111CDI_incl._KTM_450_EXC,privat,Angebot,17000,control,andere,2009,manuell,116,vito,125000,4,diesel,mercedes_benz,nein,2016-03-26 00:00:00,0,98597,2016-04-06 13:16:31
249302,2016-04-03 12:56:08,Phaeton_W12_Vollausstattung!_Wenig_Kilometer!_450Ps!_Gepflegt!,privat,Angebot,15900,control,limousine,2006,automatik,450,phaeton,125000,5,benzin,volkswagen,ja,2016-04-03 00:00:00,0,38444,2016-04-05 11:47:09
329810,2016-03-24 09:58:15,RENAULT_TWINGO_TÜV_01.2017,privat,Angebot,600,control,kleinwagen,1997,manuell,54,twingo,150000,7,benzin,renault,nein,2016-03-24 00:00:00,0,74321,2016-04-07 00:16:59
279024,2016-04-02 17:52:56,Fiat_Doblo_1.9_JTD_Malibu,privat,Angebot,2300,control,bus,2003,manuell,101,doblo,150000,5,diesel,fiat,nein,2016-04-02 00:00:00,0,33397,2016-04-06 17:17:53
80057,2016-03-16 18:42:41,BMW_120d_DPF,privat,Angebot,7499,control,limousine,2007,manuell,177,1er,150000,6,diesel,bmw,nein,2016-03-16 00:00:00,0,22946,2016-04-07 02:16:08
368927,2016-03-24 09:54:36,Doppelkabine,privat,Angebot,3700,control,andere,2000,manuell,115,andere,150000,4,diesel,opel,nein,2016-03-24 00:00:00,0,2625,2016-04-07 00:45:56
172408,2016-03-10 11:40:43,VW_T4_2.5TDI_Multivan,privat,Angebot,8500,test,bus,1999,manuell,151,transporter,150000,7,diesel,volkswagen,nein,2016-03-10 00:00:00,0,92421,2016-03-17 12:45:44
331861,2016-03-14 20:48:49,Original_LOGO_Hecktraeger_fuer_T5_T6,privat,Angebot,500,control,,2015,,0,transporter,5000,0,,volkswagen,,2016-03-14 00:00:00,0,23730,2016-04-06 09:45:04
136065,2016-03-06 23:48:58,Toyota_Yaris_1.3_VVT_i_Executive,privat,Angebot,2900,control,kleinwagen,2006,manuell,87,yaris,150000,3,benzin,toyota,nein,2016-03-06 00:00:00,0,93098,2016-03-17 11:45:25
48713,2016-03-28 18:59:42,Nissan_Qashqai_!!_RENTERFAHRZEUG!!!!!!!!!!_MIT_WENIG_KM!!!_TOP!!!,privat,Angebot,13800,control,suv,2011,,0,qashqai,40000,3,benzin,nissan,nein,2016-03-28 00:00:00,0,44581,2016-04-04 22:18:56
340214,2016-03-23 12:55:53,Golf_VII_Trendline_BlueMotion_1.2_TSI_77_KW__105_PS_,privat,Angebot,12500,control,limousine,2013,manuell,105,golf,40000,12,benzin,volkswagen,nein,2016-03-23 00:00:00,0,7356,2016-04-05 12:45:17
317328,2016-03-28 22:50:55,Mercedes_Benz_C_200_Kompressor_Sportcoupe,privat,Angebot,4000,control,coupe,2002,automatik,163,c_klasse,150000,6,benzin,mercedes_benz,nein,2016-03-28 00:00:00,0,78727,2016-04-07 06:45:11
349938,2016-03-25 14:58:51,BMW_E38_735i_Original_Zustand,privat,Angebot,1500,control,limousine,1997,automatik,235,7er,150000,5,benzin,bmw,,2016-03-25 00:00:00,0,41747,2016-03-25 14:58:51
212207,2016-03-20 18:53:30,Smart_zu_verkaufen,privat,Angebot,500,test,andere,1999,,0,andere,150000,0,,smart,,2016-03-20 00:00:00,0,84130,2016-03-20 18:53:30
119781,2016-03-21 18:53:41,Volkswagen_Passat_Variant_2.0_TDI_DPF_Highline,privat,Angebot,8750,test,kombi,2008,manuell,170,passat,150000,6,diesel,volkswagen,nein,2016-03-21 00:00:00,0,49401,2016-03-21 18:53:41
306037,2016-03-06 20:49:05,gepflegter_Audi_S4_Avant!!!!!!!!,privat,Angebot,11500,control,kombi,2003,manuell,344,a4,125000,10,benzin,audi,nein,2016-03-06 00:00:00,0,16278,2016-03-12 14:46:47
31878,2016-04-04 23:57:11,Volkswagen_!!!_SPORTLICHES_CABRIOLE_VW_GOLF_4_!!!,privat,Angebot,2999,control,cabrio,2000,manuell,101,golf,150000,5,benzin,volkswagen,nein,2016-04-04 00:00:00,0,23554,2016-04-07 10:15:27
279520,2016-03-17 17:36:25,Smart_smart_fortwo_cabrio_softouch_passion,privat,Angebot,7555,control,cabrio,2010,automatik,84,fortwo,20000,4,benzin,smart,nein,2016-03-17 00:00:00,0,85375,2016-04-07 05:16:19
351126,2016-03-12 16:56:24,BMW_X3_M_pakiet,privat,Angebot,43000,control,suv,2014,automatik,190,x_reihe,30000,8,diesel,bmw,nein,2016-03-12 00:00:00,0,93049,2016-04-05 04:49:15
253388,2016-04-03 13:49:26,Fiat_500_C_1.2_Lounge_1._Hand,privat,Angebot,9500,control,cabrio,2013,manuell,69,500,60000,5,benzin,fiat,nein,2016-04-03 00:00:00,0,51702,2016-04-05 12:46:23
265036,2016-03-31 14:49:47,Citroen_C3_Exclusive_Diesel,privat,Angebot,0,control,limousine,2012,manuell,92,c3,60000,2,diesel,citroen,nein,2016-03-31 00:00:00,0,37154,2016-04-06 07:45:15
288241,2016-04-04 16:54:12,Volkswagen_Golf_1.4,privat,Angebot,850,test,limousine,1998,manuell,75,golf,150000,4,benzin,volkswagen,nein,2016-04-04 00:00:00,0,78194,2016-04-06 18:46:44
211924,2016-04-01 13:44:46,Renault_Laguna_2.0_IDE_Dynamique,privat,Angebot,1500,test,limousine,2002,manuell,140,laguna,150000,2,benzin,renault,nein,2016-04-01 00:00:00,0,51373,2016-04-07 10:16:45
209840,2016-03-14 21:37:24,BMW_120i_Ltd._Sport_Edition_Bi_Xenon_&_M_Paket,privat,Angebot,11200,test,limousine,2008,manuell,170,1er,90000,6,benzin,bmw,nein,2016-03-14 00:00:00,0,97440,2016-04-06 11:46:18
44955,2016-03-07 15:52:43,Audi_A3_1.6_Ambition,privat,Angebot,7500,control,limousine,2006,manuell,102,a3,40000,11,benzin,audi,nein,2016-03-07 00:00:00,0,71636,2016-04-03 16:46:45
315871,2016-03-20 20:50:19,Mercedes_Benz_SL_380,privat,Angebot,62000,test,cabrio,1985,automatik,218,sl,30000,7,benzin,mercedes_benz,nein,2016-03-20 00:00:00,0,60386,2016-03-30 16:45:08
98222,2016-03-06 00:42:28,VW_Golf_6_Bluedition___1.6_TDI__BJ.2010_guter_Zustand,privat,Angebot,7100,control,kombi,2010,manuell,105,golf,150000,2,diesel,volkswagen,nein,2016-03-05 00:00:00,0,44894,2016-03-24 19:16:58
17141,2016-03-22 23:37:43,BMW_325_Cabrio,privat,Angebot,2300,test,cabrio,1996,manuell,192,3er,20000,9,benzin,bmw,ja,2016-03-22 00:00:00,0,39108,2016-04-07 05:45:09
156275,2016-03-18 17:48:17,Porsche_993,privat,Angebot,69750,test,coupe,1997,manuell,286,911,125000,5,benzin,porsche,nein,2016-03-18 00:00:00,0,63619,2016-03-18 17:48:17
230453,2016-04-03 16:06:22,Audi_Q7_3.0_TDI_DPF_quattro_tiptronic,privat,Angebot,22800,test,limousine,2008,automatik,281,q7,150000,6,diesel,audi,nein,2016-04-03 00:00:00,0,65527,2016-04-05 16:45:54
329925,2016-03-23 21:56:51,Opel_Corsa_Swing_TÜV_NEU__sehr_sparsam__Top_gepflegt,privat,Angebot,599,test,kleinwagen,1994,manuell,60,corsa,150000,8,benzin,opel,nein,2016-03-23 00:00:00,0,44388,2016-03-26 16:17:02
74121,2016-03-31 10:58:54,Volkswagen_Golf_1.4,privat,Angebot,1299,control,limousine,1995,manuell,60,golf,125000,4,benzin,volkswagen,nein,2016-03-31 00:00:00,0,33378,2016-04-06 04:16:37
126006,2016-03-20 18:46:06,Opel_Astra_16V_GSi,privat,Angebot,1550,test,limousine,1994,manuell,125,astra,150000,3,benzin,opel,nein,2016-03-20 00:00:00,0,70806,2016-04-07 02:16:08
202291,2016-03-22 13:50:57,Volkswagen_Golf_1.8_GT,privat,Angebot,500,control,limousine,1995,manuell,90,golf,150000,2,benzin,volkswagen,nein,2016-03-22 00:00:00,0,85368,2016-04-06 02:46:16
174013,2016-04-04 22:48:01,Audi_A6_2_7_Liter_TDI,privat,Angebot,12500,test,kombi,2008,automatik,179,a6,150000,6,diesel,audi,nein,2016-04-04 00:00:00,0,20535,2016-04-07 11:15:41
114431,2016-03-08 13:47:21,Mercedes_Benz_S320_CDI,privat,Angebot,18300,control,limousine,2008,automatik,245,s_klasse,150000,7,diesel,mercedes_benz,,2016-03-08 00:00:00,0,81827,2016-03-15 09:46:37
130746,2016-03-14 19:54:37,Audi_A3_s_line,privat,Angebot,3250,control,kleinwagen,2003,manuell,125,a3,150000,3,benzin,audi,nein,2016-03-14 00:00:00,0,59581,2016-04-06 22:46:45
317556,2016-03-27 13:55:26,BMW_318i_Design_Edition,privat,Angebot,9750,test,cabrio,1993,manuell,113,3er,150000,6,benzin,bmw,nein,2016-03-27 00:00:00,0,22045,2016-04-07 09:46:28
256841,2016-03-28 13:41:55,Audi_A4,privat,Angebot,2299,test,kombi,1999,manuell,150,a4,150000,11,diesel,audi,nein,2016-03-28 00:00:00,0,6333,2016-04-06 16:46:42
65825,2016-03-31 23:36:41,BMW_520,privat,Angebot,4700,control,limousine,2002,manuell,170,5er,150000,11,benzin,bmw,ja,2016-03-31 00:00:00,0,75446,2016-04-07 04:16:43
183445,2016-03-19 18:51:46,Ford_Fiesta_1.3_Fun,privat,Angebot,3300,test,kleinwagen,2006,manuell,69,fiesta,70000,8,benzin,ford,nein,2016-03-19 00:00:00,0,95686,2016-04-05 03:44:46
222636,2016-03-10 22:57:26,Ford_2.0_TDCi_DPF_Aut._Titanium_Voll_PL_Tablice,privat,Angebot,7200,control,bus,2007,automatik,131,s_max,150000,7,diesel,ford,nein,2016-03-10 00:00:00,0,12359,2016-03-21 09:15:56
270537,2016-03-14 20:52:00,VW_T4_Multivan_Topstar__Motorradtraeger_,privat,Angebot,4600,control,bus,1997,manuell,102,transporter,150000,10,diesel,volkswagen,ja,2016-03-14 00:00:00,0,89155,2016-03-25 10:18:58
122348,2016-03-15 10:56:52,Audi_A6_2.7_TDI_DPF_multitronic,privat,Angebot,4500,control,limousine,2008,automatik,179,a6,150000,9,diesel,audi,ja,2016-03-15 00:00:00,0,51588,2016-04-05 19:47:40
15416,2016-04-01 19:50:02,Opel_Corsa_1.3_CDTI_DPD_Innovation,privat,Angebot,6200,control,kleinwagen,2008,manuell,75,corsa,125000,5,diesel,opel,nein,2016-04-01 00:00:00,0,59929,2016-04-05 16:45:27
248750,2016-04-04 12:50:57,BMW_330d_xDrive_DPF_Touring_Aut.,privat,Angebot,25490,control,kombi,2011,automatik,245,3er,70000,7,diesel,bmw,nein,2016-04-04 00:00:00,0,78532,2016-04-06 14:16:11
219893,2016-03-17 12:49:24,bmw_525d_e60_gruene_plakete,privat,Angebot,8500,test,limousine,2004,automatik,177,m_reihe,150000,0,diesel,bmw,,2016-03-17 00:00:00,0,72458,2016-03-25 13:20:46
72320,2016-03-14 11:58:33,Peugeot_206_1._Hand,privat,Angebot,1900,test,kleinwagen,2002,manuell,75,2_reihe,125000,3,benzin,peugeot,nein,2016-03-14 00:00:00,0,71032,2016-03-24 19:47:19
286644,2016-03-19 03:53:43,Volkswagen_Multivan_Highline,privat,Angebot,31900,test,bus,2010,manuell,179,transporter,50000,8,diesel,volkswagen,nein,2016-03-19 00:00:00,0,97253,2016-03-21 11:46:16
149105,2016-03-09 18:57:24,Mercedes_Benz_CLS_320_CDI_7G_TRONIC,privat,Angebot,17500,test,coupe,2007,,227,andere,125000,10,diesel,mercedes_benz,nein,2016-03-09 00:00:00,0,67059,2016-04-05 12:45:57
294572,2016-03-15 16:39:38,VW_Golf_3_Variant_Kombi_03/2017_Tuev_Diesel,privat,Angebot,555,control,,2017,,0,golf,30000,9,diesel,volkswagen,,2016-03-15 00:00:00,0,87700,2016-03-16 13:45:39
111468,2016-04-03 14:38:04,Volkswagen_Passat_Variant_1.9_TDI,privat,Angebot,2500,test,kombi,2004,manuell,101,passat,150000,1,diesel,volkswagen,nein,2016-04-03 00:00:00,0,51545,2016-04-05 13:18:08
290102,2016-03-10 05:36:19,Hinweis_!!!!!!_zu_Filderstadt_Panda_1600,privat,Angebot,1600,test,,2009,manuell,54,panda,150000,10,benzin,fiat,ja,2016-03-10 00:00:00,0,70794,2016-03-12 11:45:43
140247,2016-03-29 18:56:06,Mercedes_Benz_C_180_CGI_Automatik_BlueEFFICIENCY_Avantgarde,privat,Angebot,14999,control,limousine,2010,automatik,156,c_klasse,40000,8,benzin,mercedes_benz,nein,2016-03-29 00:00:00,0,47804,2016-04-04 03:47:03
98871,2016-03-05 17:59:16,Ford_Fiesta,privat,Angebot,650,test,kleinwagen,1999,manuell,60,fiesta,150000,9,benzin,ford,nein,2016-03-05 00:00:00,0,32825,2016-03-09 11:17:54
42885,2016-03-09 22:42:32,VW_Passat,privat,Angebot,4200,test,kombi,2006,,140,passat,150000,0,diesel,volkswagen,,2016-03-09 00:00:00,0,33659,2016-03-10 08:47:03
267005,2016-03-08 14:37:35,Fiat_punto_Kupplung_defekt_farbe_rot,privat,Angebot,50,test,kleinwagen,2003,manuell,0,punto,5000,3,,fiat,,2016-03-08 00:00:00,0,82131,2016-03-08 14:37:35
272755,2016-03-11 17:36:41,Ford_Fiesta_1.3,privat,Angebot,1800,control,kleinwagen,2004,,69,fiesta,150000,11,benzin,ford,ja,2016-03-11 00:00:00,0,91154,2016-03-23 14:49:48
238434,2016-03-24 10:55:30,Ford_fiesta_zu_verkaufen,privat,Angebot,2500,test,kleinwagen,2001,manuell,50,,40000,4,benzin,ford,nein,2016-03-24 00:00:00,0,25548,2016-04-07 01:15:51
136868,2016-03-31 10:50:02,Mercedes_Benz_Navi_AHK_SHECKHEFT,privat,Angebot,13750,control,kombi,2009,manuell,224,c_klasse,150000,5,diesel,mercedes_benz,nein,2016-03-31 00:00:00,0,33609,2016-04-06 03:44:36
295388,2016-03-20 23:52:51,Mercedes_Benz_E_220_T_CDI_Automatik_Classic_DPF,privat,Angebot,6200,control,kombi,2005,automatik,150,e_klasse,150000,9,diesel,mercedes_benz,nein,2016-03-20 00:00:00,0,93047,2016-03-22 09:16:07
90434,2016-03-22 13:38:14,Skoda_Fabia_1.2,privat,Angebot,1950,control,kombi,2005,manuell,60,fabia,150000,4,benzin,skoda,ja,2016-03-22 00:00:00,0,31135,2016-04-06 02:16:07
112247,2016-03-12 13:53:14,Vw_beetle_2.0_lt__1.besitz__top_gepfleg_tuev_neu,privat,Angebot,2450,control,kleinwagen,1999,manuell,116,beetle,150000,8,benzin,volkswagen,nein,2016-03-12 00:00:00,0,10967,2016-03-15 19:16:50
315274,2016-03-19 09:58:14,Renault_megane_1.5_dci_verkaufen_Oder_Tauschen,privat,Angebot,1399,test,coupe,2003,manuell,88,megane,150000,4,diesel,renault,nein,2016-03-19 00:00:00,0,28759,2016-03-20 11:48:54
22249,2016-03-10 16:38:19,Verk._BMW_316i_Touring,privat,Angebot,2500,control,kombi,2003,manuell,143,3er,150000,10,benzin,bmw,nein,2016-03-10 00:00:00,0,94486,2016-04-05 14:44:24
275821,2016-03-20 18:52:18,Opel_Astra_1.6_Elegance,privat,Angebot,1500,test,limousine,2000,manuell,101,astra,150000,5,benzin,opel,nein,2016-03-20 00:00:00,0,63128,2016-03-30 12:15:47
221500,2016-03-09 21:54:28,Toyota_Yaris_1.3_linea_sol,privat,Angebot,1990,test,kleinwagen,2000,manuell,86,yaris,150000,7,benzin,toyota,nein,2016-03-09 00:00:00,0,63067,2016-03-31 04:44:26
54683,2016-03-07 17:45:01,Mitsubishi_Outlander_2.4_4WD_Intense,privat,Angebot,13499,test,limousine,2008,manuell,170,outlander,70000,7,benzin,mitsubishi,nein,2016-03-07 00:00:00,0,79843,2016-03-11 08:45:44
41663,2016-04-06 08:36:34,Opel_Zafira_Elegance_1_8i_16V_mit_Tuev_Radio/CD_Export_Bastler,privat,Angebot,950,test,,2016,manuell,0,zafira,150000,3,benzin,opel,nein,2016-04-06 00:00:00,0,53783,2016-04-06 09:25:22
17815,2016-03-31 20:55:06,Ford_Focus_1.8_TÜV_Agust_2017,privat,Angebot,999,test,kleinwagen,1999,manuell,90,focus,150000,5,benzin,ford,nein,2016-03-31 00:00:00,0,6712,2016-04-02 16:47:32
234760,2016-03-10 22:53:54,Tausche_e46_330d_M_Paket_ab_Werk,privat,Angebot,1,control,limousine,2001,manuell,184,3er,150000,3,diesel,bmw,nein,2016-03-10 00:00:00,0,84453,2016-03-11 06:42:55
49012,2016-03-17 10:57:43,Opel_Corsa_B_+_Tuev,privat,Angebot,700,test,kleinwagen,2000,manuell,50,corsa,150000,6,benzin,opel,nein,2016-03-17 00:00:00,0,13051,2016-03-17 10:57:43
337113,2016-03-17 22:53:52,Ford_Fiesta_1.3_Fun,privat,Angebot,1900,test,kleinwagen,2005,manuell,69,fiesta,150000,9,benzin,ford,nein,2016-03-17 00:00:00,0,44339,2016-04-05 20:19:02
187312,2016-03-20 20:51:18,Ford_Fiesta_1.6_TDCi_Econetic,privat,Angebot,6600,test,kleinwagen,2009,manuell,90,fiesta,100000,10,diesel,ford,nein,2016-03-20 00:00:00,0,79111,2016-04-01 09:17:12
18412,2016-04-03 11:43:45,Bmw_320__M3_Optik__,privat,Angebot,5000,control,coupe,2000,manuell,150,3er,150000,1,benzin,bmw,,2016-04-03 00:00:00,0,54290,2016-04-03 11:43:45
58729,2016-03-12 16:54:38,Opel_Corsa_1.2_16V_Cosmo,privat,Angebot,4900,control,kleinwagen,2008,manuell,80,corsa,125000,3,benzin,opel,nein,2016-03-12 00:00:00,0,42781,2016-03-20 22:16:25
184776,2016-03-25 21:53:35,Fiat_Punto,privat,Angebot,1250,test,limousine,2002,manuell,60,punto,150000,4,benzin,fiat,nein,2016-03-25 00:00:00,0,32105,2016-03-30 16:15:40
327520,2016-03-31 21:39:51,Volvo_V40_1.8_Gepflegt_2_Jahre_TÜV/AU,privat,Angebot,1750,test,kombi,1998,manuell,116,v40,150000,7,benzin,volvo,nein,2016-03-31 00:00:00,0,27578,2016-04-06 16:45:31
323373,2016-03-29 17:49:45,Renault_Twingo_mit_Klima,privat,Angebot,1100,control,,2016,manuell,75,twingo,150000,1,,renault,nein,2016-03-29 00:00:00,0,13086,2016-03-29 17:49:45
252784,2016-03-22 23:58:11,Mitshubishi_Outlander_2.0___2WD,privat,Angebot,3700,test,suv,2005,manuell,136,outlander,150000,7,benzin,mitsubishi,nein,2016-03-22 00:00:00,0,53639,2016-04-05 03:15:31
185976,2016-03-11 00:32:30,BMW_325_Ci_LPG__Shadow_Line,privat,Angebot,6300,test,coupe,2000,automatik,192,3er,150000,10,benzin,bmw,nein,2016-03-10 00:00:00,0,65428,2016-03-23 12:48:19
332841,2016-03-17 19:42:34,Ford_Focus_2_II_2.0_TDCI_TREND_POWERSHIFT,privat,Angebot,4200,control,kombi,2008,automatik,110,focus,150000,8,diesel,ford,,2016-03-17 00:00:00,0,79206,2016-03-17 19:42:34
89839,2016-03-29 18:45:24,"Volkswagen_Passat_2_0_TDI_""sehr_gepflegt__grosses_Navi__Ahk""",privat,Angebot,5500,control,kombi,2005,manuell,140,passat,150000,10,diesel,volkswagen,nein,2016-03-29 00:00:00,0,32257,2016-03-29 18:45:24
277126,2016-03-10 20:55:13,Ford_Galaxy,privat,Angebot,750,test,bus,2000,manuell,150,galaxy,150000,10,benzin,ford,,2016-03-10 00:00:00,0,42389,2016-03-10 20:55:13
39215,2016-03-15 12:56:33,Ford_Focus_Ghia_Kombi,privat,Angebot,250,control,kombi,1999,manuell,90,focus,150000,2,diesel,ford,ja,2016-03-15 00:00:00,0,58452,2016-03-15 12:56:33
39721,2016-04-03 17:57:27,Mercedes_E_220_CDI__W_210__Automatik,privat,Angebot,1400,test,kombi,1999,automatik,0,e_klasse,150000,5,diesel,mercedes_benz,,2016-04-03 00:00:00,0,25852,2016-04-05 18:17:55
363930,2016-03-11 23:57:01,Hyundai_Getz_1.1_GL_*Klima__1._Hand__Zentral_mit_Funk*,privat,Angebot,1199,test,kleinwagen,2003,manuell,63,getz,90000,12,benzin,hyundai,nein,2016-03-11 00:00:00,0,51519,2016-03-23 15:17:37
240682,2016-03-11 19:36:24,Audi_A4_3.0tdi_Quattro,privat,Angebot,15000,test,kombi,2008,manuell,239,a4,150000,6,diesel,audi,nein,2016-03-11 00:00:00,0,57271,2016-04-06 03:15:33
99382,2016-03-31 10:37:02,Hyundai_Getz_1_1_L_LPG_Gas_Bj._2008_blaumet._Servo_neue_HU_TÜV,privat,Angebot,1990,control,kleinwagen,2008,manuell,60,getz,80000,7,lpg,hyundai,nein,2016-03-31 00:00:00,0,46397,2016-04-06 04:16:13
230298,2016-03-09 15:43:53,Mercedes_CLK_430___8_Zylinder_,privat,Angebot,4300,control,coupe,1999,automatik,20000,clk,150000,1,benzin,mercedes_benz,nein,2016-03-09 00:00:00,0,19406,2016-03-30 08:47:08
288,2016-04-04 17:44:53,Volkswagen_Golf_4_Cabrio_2.0l_Benzin,privat,Angebot,2400,test,cabrio,2001,,115,golf,150000,8,benzin,volkswagen,nein,2016-04-04 00:00:00,0,47533,2016-04-06 19:18:03
247942,2016-03-19 13:53:34,Volkswagen_Polo_1.2_Scheckheft_33TKM_1._Hand_Top_Zustand,privat,Angebot,3950,test,kleinwagen,2003,manuell,64,polo,40000,4,benzin,volkswagen,nein,2016-03-19 00:00:00,0,50170,2016-03-19 13:53:34
197426,2016-03-18 21:47:48,Seat_Ibiza_guenstig_und_zuverlaesslich,privat,Angebot,500,control,kleinwagen,1994,manuell,60,ibiza,150000,9,benzin,seat,nein,2016-03-18 00:00:00,0,77839,2016-03-23 18:19:24
213043,2016-04-02 13:43:49,Verkaufe_top_vw_fox,privat,Angebot,2699,test,kleinwagen,2005,manuell,0,fox,150000,7,benzin,volkswagen,nein,2016-04-02 00:00:00,0,34281,2016-04-06 11:45:09
188985,2016-03-08 19:39:03,Scirocco_verkaufen_oder_Tauschen_gegen_Vw_touran,privat,Angebot,8500,test,,2017,manuell,160,scirocco,125000,12,,volkswagen,nein,2016-03-08 00:00:00,0,42277,2016-03-10 13:44:34
170894,2016-04-04 18:45:20,Mercedes_Benz_E_350_T_4Matic_BlueEFFICIENCY_7G_TRONIC_Avan...,privat,Angebot,29000,test,kombi,2011,automatik,306,e_klasse,150000,10,benzin,mercedes_benz,nein,2016-04-04 00:00:00,0,70378,2016-04-06 20:46:06
131444,2016-03-06 14:47:40,Audi_A1_1.2_TFSI_Attraction,privat,Angebot,11200,control,kleinwagen,2011,manuell,86,a1,70000,12,benzin,audi,nein,2016-03-06 00:00:00,0,38104,2016-04-06 11:46:01
226471,2016-03-21 15:45:09,Seat_Leon_1.9_TDI,privat,Angebot,2800,control,limousine,2006,manuell,105,leon,150000,2,diesel,seat,ja,2016-03-21 00:00:00,0,95028,2016-03-21 15:45:09
102041,2016-03-12 14:46:06,"Volvo_440_2.0i_17""_Felgen_Leder_TÜV17_Export_Tausch",privat,Angebot,1800,test,limousine,1995,manuell,109,andere,150000,3,benzin,volvo,nein,2016-03-12 00:00:00,0,58769,2016-04-07 00:17:13
75779,2016-03-18 21:52:04,Golf_2_Verkauf_durch_Zeitmangel.,privat,Angebot,1600,control,coupe,1990,manuell,90,golf,150000,11,benzin,volkswagen,nein,2016-03-18 00:00:00,0,3253,2016-03-21 07:48:10
263661,2016-03-22 21:51:23,Bmw_525_diesel,privat,Angebot,5900,control,limousine,2005,automatik,130,5er,150000,9,diesel,bmw,,2016-03-22 00:00:00,0,49661,2016-03-24 06:18:27
271782,2016-03-06 23:38:38,Smart_smart_fortwo_cabrio_softouch_edition_greysty...,privat,Angebot,7200,control,cabrio,2010,automatik,71,fortwo,50000,7,benzin,smart,nein,2016-03-06 00:00:00,0,20253,2016-04-05 16:47:34
247813,2016-03-11 20:49:42,BMW_316i_compact,privat,Angebot,500,control,kleinwagen,1999,manuell,105,3er,150000,7,benzin,bmw,nein,2016-03-11 00:00:00,0,24943,2016-04-06 04:17:16
338812,2016-03-10 19:41:25,VW_New_Beetle_Cabrio,privat,Angebot,7500,control,cabrio,2006,manuell,102,beetle,70000,2,benzin,volkswagen,nein,2016-03-10 00:00:00,0,72511,2016-04-06 02:17:43
259057,2016-03-17 13:49:49,Volkswagen_Beetle,privat,Angebot,2500,control,limousine,1999,manuell,116,beetle,150000,7,benzin,volkswagen,nein,2016-03-17 00:00:00,0,85435,2016-04-06 18:45:34
11673,2016-03-09 11:51:38,Volkswagen_Caddy_2.0_SDI_Life__5_Si._,privat,Angebot,4900,test,kombi,2004,manuell,69,caddy,150000,9,diesel,volkswagen,nein,2016-03-09 00:00:00,0,19273,2016-03-18 02:15:16
318865,2016-03-07 12:58:27,Mercedes_Benz_S_400_CDI,privat,Angebot,1650,test,limousine,2001,automatik,250,s_klasse,150000,10,diesel,mercedes_benz,nein,2016-03-07 00:00:00,0,48477,2016-03-15 11:15:52
222639,2016-04-04 16:56:54,Volkswagen_Passat_2.0_TDI_DPF,privat,Angebot,5500,test,limousine,2009,manuell,110,passat,100000,9,diesel,volkswagen,ja,2016-04-04 00:00:00,0,44536,2016-04-04 16:56:54
110330,2016-04-03 18:37:34,Volkswagen_Passat_Variant_2.5_TDI_V6_Scheckheft!,privat,Angebot,3100,control,kombi,2002,manuell,150,passat,150000,7,diesel,volkswagen,nein,2016-04-03 00:00:00,0,83355,2016-04-05 18:46:15
45344,2016-03-25 14:49:46,Zu_Verkaufe,privat,Angebot,230,control,,2016,manuell,0,megane,150000,9,benzin,renault,,2016-03-25 00:00:00,0,21423,2016-03-25 14:49:46
208002,2016-03-10 16:00:12,Audi_A4_2.0_TDI,privat,Angebot,5000,test,limousine,2005,manuell,140,a4,150000,3,diesel,audi,nein,2016-03-10 00:00:00,0,95445,2016-03-10 16:00:12
298384,2016-03-19 21:50:10,Audi_A3_2.0_FSI_Sportback_S_line_Sportpaket_plus,privat,Angebot,8700,control,kombi,2005,manuell,150,a3,150000,12,benzin,audi,nein,2016-03-19 00:00:00,0,71229,2016-03-21 00:47:20
180574,2016-03-09 16:47:01,Audi_A4_S_line_Avant_1_9_TDI,privat,Angebot,3550,test,kombi,2004,automatik,131,a4,150000,4,diesel,audi,,2016-03-09 00:00:00,0,45138,2016-03-09 16:47:01
111044,2016-03-10 17:39:52,Opel_Sintra_Tuev_4.16______7_SITZER,privat,Angebot,300,control,bus,1997,manuell,143,andere,150000,8,benzin,opel,nein,2016-03-10 00:00:00,0,84326,2016-03-12 07:46:01
56857,2016-04-03 17:50:42,Golf_3_GT_Variant_wenig_km,privat,Angebot,1950,test,kombi,1995,manuell,90,golf,150000,1,benzin,volkswagen,,2016-04-03 00:00:00,0,86450,2016-04-05 18:17:27
26981,2016-03-12 15:56:35,Ford_Fiesta_1.25_Trend,privat,Angebot,6100,control,kleinwagen,2009,manuell,82,fiesta,80000,6,benzin,ford,nein,2016-03-12 00:00:00,0,50939,2016-03-19 17:47:30
186232,2016-03-24 13:48:18,Citroën_HY_Oldtimer,privat,Angebot,8000,control,bus,1978,,0,andere,150000,6,diesel,citroen,nein,2016-03-24 00:00:00,0,40237,2016-04-07 05:17:23
100562,2016-03-31 20:38:14,Audi_A6_Avant_2.8_V6_Benzin_auch_tausch_gegen_Opel,privat,Angebot,5000,test,kombi,1999,automatik,193,a6,150000,0,benzin,audi,nein,2016-03-31 00:00:00,0,97723,2016-04-06 15:15:52
339195,2016-03-14 09:56:32,Smart_Cabrio_zu_verkaufen!,privat,Angebot,3300,control,cabrio,2003,automatik,61,fortwo,125000,2,benzin,smart,nein,2016-03-14 00:00:00,0,50937,2016-04-07 10:45:01
232154,2016-04-05 09:37:58,Golf_V_1_4_16V__*5_Tuerig/Klima/Tuev+Zahnriemen_neu*,privat,Angebot,4899,control,kleinwagen,2004,manuell,75,golf,125000,10,benzin,volkswagen,nein,2016-04-05 00:00:00,0,58089,2016-04-07 12:15:41
320323,2016-03-28 21:54:06,Renault_Megane_Cabriolet_1.4,privat,Angebot,700,control,cabrio,2001,manuell,95,megane,150000,5,benzin,renault,ja,2016-03-28 00:00:00,0,47533,2016-03-28 21:54:06
296943,2016-03-12 20:06:22,MINI_Mini_One,privat,Angebot,4300,control,kleinwagen,2003,manuell,90,one,100000,11,benzin,mini,nein,2016-03-12 00:00:00,0,56575,2016-03-21 01:15:54
144847,2016-03-29 15:36:19,Fiat_Punto_Unfallauto,privat,Angebot,395,control,kleinwagen,2004,manuell,0,punto,125000,6,benzin,fiat,ja,2016-03-29 00:00:00,0,25782,2016-04-06 02:15:46
367561,2016-03-20 14:49:34,Audi_A6_Avant_1.8_T,privat,Angebot,4500,test,kombi,2002,manuell,150,a6,150000,9,benzin,audi,nein,2016-03-20 00:00:00,0,16515,2016-04-06 18:44:55
177668,2016-03-30 18:38:35,BMW_E36_320i_Kombi,privat,Angebot,300,test,kombi,1997,manuell,150,3er,150000,2,benzin,bmw,ja,2016-03-30 00:00:00,0,74374,2016-04-07 09:44:34
283198,2016-03-14 21:55:25,Ford_Mondeo_2.0_Turnier_TDCi,privat,Angebot,2200,test,kombi,2004,manuell,131,mondeo,150000,9,diesel,ford,ja,2016-03-14 00:00:00,0,97508,2016-03-28 13:17:00
297595,2016-03-11 19:46:50,Skoda_Roomster_1.4_16V_LPG_Autogas___Getriebeschaden,privat,Angebot,3000,test,bus,2008,manuell,86,roomster,150000,9,lpg,skoda,ja,2016-03-11 00:00:00,0,76571,2016-03-12 10:16:07
49431,2016-03-10 23:51:43,Hyundai_Santa_Fe_2.4_2WD_GLS_Tuev_Neu,privat,Angebot,1855,test,suv,2001,manuell,145,santa,150000,9,benzin,hyundai,nein,2016-03-10 00:00:00,0,47178,2016-03-16 08:46:36
216468,2016-03-20 13:58:24,peugeot_206.........75_ps_......kein_tuev,privat,Angebot,350,test,,2000,,75,2_reihe,150000,0,,peugeot,,2016-03-20 00:00:00,0,25813,2016-04-06 17:16:05
28412,2016-03-26 07:54:31,OSTER_Angebot_Renault_Megane_Cabriolet_1.6_Privilege,privat,Angebot,2499,test,cabrio,2002,manuell,107,megane,150000,4,benzin,renault,nein,2016-03-26 00:00:00,0,23845,2016-03-29 10:18:23
324992,2016-03-13 18:51:27,Skoda_Octavia_1.6_FSI_Elegance,privat,Angebot,6800,test,limousine,2007,manuell,116,octavia,125000,1,benzin,skoda,nein,2016-03-13 00:00:00,0,50765,2016-04-06 18:15:38
285731,2016-03-10 20:57:47,Ford_Sportka,privat,Angebot,3000,test,kleinwagen,2005,manuell,95,ka,125000,3,benzin,ford,nein,2016-03-10 00:00:00,0,35457,2016-04-07 05:46:19
258071,2016-03-14 14:37:42,Schoener_Mercedes_Benz_C_180,privat,Angebot,700,control,limousine,1997,manuell,122,c_klasse,150000,4,benzin,mercedes_benz,,2016-03-14 00:00:00,0,46539,2016-03-16 04:16:57
249604,2016-03-12 18:38:14,VW_Beetle_Cabrio_blau_metallic_1_6_l,privat,Angebot,6600,test,cabrio,2003,manuell,102,beetle,125000,10,benzin,volkswagen,nein,2016-03-12 00:00:00,0,73061,2016-04-07 11:16:38
99088,2016-03-20 18:58:46,Volkswagen_Golf_1.4_TSI_BlueMotion_Technology_Comfortline,privat,Angebot,19150,test,limousine,2013,manuell,122,golf,50000,9,benzin,volkswagen,nein,2016-03-20 00:00:00,0,56651,2016-04-07 02:45:31
63827,2016-03-09 15:58:14,Audi_A4_Avant_2.0_TDI_multitronic_S_line,privat,Angebot,5290,control,kombi,2005,automatik,140,a4,150000,6,diesel,audi,nein,2016-03-09 00:00:00,0,93453,2016-04-07 01:45:17
177245,2016-03-16 18:43:45,Opel_Insignia_2.0_CDTI_Sports_Tourer_Automatik_In...,privat,Angebot,9000,control,kombi,2010,automatik,160,insignia,150000,6,diesel,opel,nein,2016-03-16 00:00:00,0,32479,2016-04-07 02:16:11
33712,2016-03-11 18:57:34,Audi_A4_1.9_TDI,privat,Angebot,4700,test,limousine,2004,automatik,131,a4,150000,2,diesel,audi,nein,2016-03-11 00:00:00,0,78224,2016-04-05 21:17:42
232152,2016-04-01 09:50:57,Audi_A6___2_7_Multitronic___Kombi,privat,Angebot,8500,test,kombi,2008,automatik,179,a6,150000,1,diesel,audi,,2016-04-01 00:00:00,0,28217,2016-04-07 06:46:16
23414,2016-03-20 18:37:17,Audi_TT_Roadster_1.8_TFSI,privat,Angebot,16980,test,cabrio,2009,manuell,160,tt,90000,2,benzin,audi,nein,2016-03-20 00:00:00,0,47608,2016-04-07 01:45:02
227488,2016-03-16 14:59:06,Renault_Megane_TÜV_10/16,privat,Angebot,599,test,limousine,1999,,95,megane,150000,11,benzin,renault,nein,2016-03-16 00:00:00,0,6712,2016-04-06 16:44:57
176623,2016-03-21 09:51:58,Volvo_V40_Kombi,privat,Angebot,1300,control,kombi,2000,manuell,116,v40,150000,1,benzin,volvo,ja,2016-03-21 00:00:00,0,49456,2016-03-25 05:45:45
6330,2016-03-22 12:25:25,Mazda_MX_5_NB_miracle_TÜV_08_/_2017,privat,Angebot,2500,control,cabrio,2000,manuell,110,mx_reihe,150000,6,,mazda,,2016-03-22 00:00:00,0,56470,2016-04-06 22:45:06
251354,2016-03-29 07:56:07,VW_POLO_Automatik,privat,Angebot,4990,test,,2016,automatik,75,polo,100000,5,,volkswagen,,2016-03-29 00:00:00,0,10969,2016-04-05 16:46:57
92751,2016-03-29 13:56:52,Mercedes_Benz_E_220_T_CDI_Automatik_Avantgarde_DPF,privat,Angebot,5500,control,kombi,2004,automatik,150,e_klasse,150000,10,diesel,mercedes_benz,nein,2016-03-29 00:00:00,0,41472,2016-04-02 01:16:32
106445,2016-03-10 20:56:13,Audi_A3_1.8_TFSI_S_Line_ausen_+Innen,privat,Angebot,11990,test,limousine,2009,manuell,160,a3,90000,1,benzin,audi,nein,2016-03-10 00:00:00,0,66773,2016-04-04 17:45:08
82788,2016-03-12 12:46:02,Opel_Vectra_3.0_V6_CDTI_Caravan_Cosmo,privat,Angebot,1500,test,kombi,2004,automatik,177,vectra,150000,2,diesel,opel,nein,2016-03-12 00:00:00,0,13505,2016-03-13 04:15:32
341295,2016-03-28 23:48:15,Audi_A5_2.7_TDI_Sportback_DPF_multitronic_Xenon_MMI,privat,Angebot,18900,test,coupe,2010,automatik,190,a5,150000,2,diesel,audi,nein,2016-03-28 00:00:00,0,22559,2016-04-07 09:45:20
265347,2016-03-06 09:25:24,Dacia_Sandero_1.6_MPI_LPG_85_Stepway_II,privat,Angebot,6200,test,kleinwagen,2012,manuell,84,sandero,60000,10,lpg,dacia,nein,2016-03-06 00:00:00,0,56589,2016-03-12 14:47:12
295109,2016-03-31 09:52:53,Fiat_Seicento_TÜV_bis_02/18,privat,Angebot,950,control,,2018,manuell,50,seicento,125000,4,benzin,fiat,nein,2016-03-31 00:00:00,0,58452,2016-04-04 02:44:28
317342,2016-03-28 07:37:01,Mazda_CX_5_2.2_AWD_Aut._Sports_Line_AHK__NAVI__Schiebedach__XENON,privat,Angebot,28800,test,,2014,automatik,175,cx_reihe,30000,0,diesel,mazda,,2016-03-28 00:00:00,0,65835,2016-04-06 04:46:09
24383,2016-03-29 10:55:51,Renault_Grand_Espace_3.0_dCi___Voll___7_Sitze___Leder,privat,Angebot,3350,control,bus,2003,automatik,177,andere,150000,1,diesel,renault,nein,2016-03-29 00:00:00,0,95444,2016-03-31 03:45:23
155210,2016-03-10 08:37:03,Peugeot_5008_HDI_FAP_110,privat,Angebot,5990,test,bus,2010,manuell,109,5_reihe,150000,4,diesel,peugeot,nein,2016-03-10 00:00:00,0,52070,2016-04-06 11:17:25
326093,2016-03-09 17:46:13,Mercedes_Benz_C_220_TÜV_fast_NEU_12/17,privat,Angebot,1300,test,limousine,1995,automatik,150,c_klasse,150000,3,benzin,mercedes_benz,nein,2016-03-09 00:00:00,0,92421,2016-03-12 17:46:52
185073,2016-04-05 02:58:05,Bmw_320i_original_140000km_zum_TAUSCH,privat,Angebot,0,test,limousine,1999,manuell,150,3er,150000,1,benzin,bmw,nein,2016-04-05 00:00:00,0,85375,2016-04-07 11:16:58
113942,2016-03-10 20:25:23,Mercedes_Benz_A_170_CDI_L_Elegance_Grune_Plakette,privat,Angebot,2500,control,limousine,2001,manuell,95,a_klasse,125000,11,diesel,mercedes_benz,nein,2016-03-10 00:00:00,0,60431,2016-03-15 21:46:24
235301,2016-03-08 18:36:19,Seat_Alufelgen,privat,Angebot,60,test,,2000,,0,cordoba,5000,0,,seat,,2016-03-08 00:00:00,0,58769,2016-04-07 10:46:43
101665,2016-03-28 17:57:11,Mercedez_benz_w211,privat,Angebot,3600,test,limousine,2002,manuell,170,,150000,7,benzin,mercedes_benz,nein,2016-03-28 00:00:00,0,49088,2016-03-28 18:40:53
267668,2016-04-03 20:58:28,BMW_318_Ci,privat,Angebot,3800,test,coupe,2002,manuell,143,3er,150000,1,benzin,bmw,nein,2016-04-03 00:00:00,0,92224,2016-04-05 21:47:35
227952,2016-03-23 00:57:09,BMW_M550_XDrive,privat,Angebot,38950,test,kombi,2012,automatik,381,5er,150000,11,diesel,bmw,,2016-03-23 00:00:00,0,40597,2016-03-26 00:15:45
127843,2016-03-20 16:36:17,Peugeot_807_HDi_130_Platinum,privat,Angebot,2999,test,bus,2002,manuell,128,andere,150000,12,diesel,peugeot,nein,2016-03-20 00:00:00,0,33649,2016-04-06 23:46:46
124651,2016-03-26 13:54:26,Volkswagen_Golf_Variant_1.6_Trendline,privat,Angebot,1980,control,kombi,1996,manuell,101,golf,70000,5,benzin,volkswagen,nein,2016-03-26 00:00:00,0,27412,2016-03-29 16:16:44
252136,2016-03-13 12:46:41,BMW_520i_touring__Klimaautomatik__Alu__TÜV/AU_neu,privat,Angebot,3000,test,kombi,2000,manuell,170,5er,150000,10,benzin,bmw,nein,2016-03-13 00:00:00,0,34474,2016-03-17 13:16:03
233054,2016-03-30 10:48:00,Chevrolet_Alero_3.4_V6,privat,Angebot,1549,test,limousine,1999,automatik,177,andere,150000,10,benzin,chevrolet,nein,2016-03-30 00:00:00,0,91244,2016-04-07 01:17:59
241055,2016-03-08 19:59:05,Peugeot_206_/_Bastler,privat,Angebot,700,test,limousine,2006,,75,,150000,2,,peugeot,ja,2016-03-08 00:00:00,0,66780,2016-04-05 15:47:42
98243,2016-03-16 12:38:19,VW_Polo_6N2_1.4MPI_60PS_Scheckeft_TÜV_Klima_8Fach_5Tuerer_Top,privat,Angebot,1890,test,limousine,2001,manuell,60,polo,150000,11,benzin,volkswagen,,2016-03-16 00:00:00,0,58762,2016-03-25 08:17:58
139291,2016-03-31 20:43:23,VW_Polo_zu_verkaufen,privat,Angebot,2800,test,kleinwagen,2006,manuell,55,polo,150000,0,benzin,volkswagen,nein,2016-03-31 00:00:00,0,88690,2016-04-06 15:16:06
36658,2016-03-13 14:46:26,Mercedes_Benz_E_230,privat,Angebot,1000,test,limousine,1997,automatik,150,e_klasse,150000,1,benzin,mercedes_benz,nein,2016-03-13 00:00:00,0,74321,2016-04-04 14:46:55
301909,2016-03-26 11:37:42,BMW_320d_DPF_Aut._Edition_Lifestyle_Keyless_Go,privat,Angebot,15000,control,limousine,2011,automatik,184,3er,125000,7,diesel,bmw,nein,2016-03-26 00:00:00,0,41539,2016-03-31 05:45:43
320302,2016-03-09 18:38:18,Volkswagen_GTI,privat,Angebot,8499,test,limousine,2007,,0,golf,150000,5,,volkswagen,ja,2016-03-09 00:00:00,0,39539,2016-03-26 03:18:02
311190,2016-03-30 17:46:23,Ford_Mondeo_Tunier,privat,Angebot,790,control,kombi,1998,manuell,115,mondeo,150000,11,,ford,,2016-03-30 00:00:00,0,31737,2016-04-07 08:44:44
347568,2016-03-25 21:54:25,Ford_Focus_Turnier_1.6_TDCi_DPF,privat,Angebot,6300,test,kombi,2010,manuell,109,focus,90000,12,diesel,ford,nein,2016-03-25 00:00:00,0,49811,2016-04-07 07:44:37
179404,2016-03-19 15:56:27,Corsa_B_silber,privat,Angebot,0,control,limousine,1994,,33,,150000,0,benzin,opel,ja,2016-03-19 00:00:00,0,16321,2016-04-07 00:46:44
138961,2016-03-21 16:42:35,Daihatsu_Cuore_BJ2003,privat,Angebot,800,control,kleinwagen,2003,manuell,60,cuore,50000,4,benzin,daihatsu,,2016-03-21 00:00:00,0,45663,2016-03-21 16:42:35
59920,2016-03-31 20:56:35,Volkswagen_Tiguan_2.0_TDI_DPF_4Motion_DSG_Trend_&_Fun,privat,Angebot,17499,test,suv,2010,automatik,140,tiguan,70000,7,diesel,volkswagen,nein,2016-03-31 00:00:00,0,81677,2016-04-06 16:45:38
360606,2016-03-06 08:37:12,VW_Passat_Variant_2.0_Tuev_neu,privat,Angebot,4950,test,kombi,2002,manuell,131,passat,125000,8,,volkswagen,nein,2016-03-06 00:00:00,0,39122,2016-03-14 18:20:04
68179,2016-03-21 17:46:19,E220_Bastlerfahrzeug_/_Export_Kombi_Avantgarde,privat,Angebot,1250,control,kombi,2002,manuell,0,e_klasse,150000,9,diesel,mercedes_benz,,2016-03-21 00:00:00,0,22850,2016-03-24 06:47:01
130634,2016-03-27 19:46:46,BMW_520_d_Efficent_Dynamics_Automatik,privat,Angebot,31000,control,limousine,2014,automatik,184,5er,40000,3,diesel,bmw,nein,2016-03-27 00:00:00,0,48529,2016-04-05 17:45:34
294396,2016-04-04 21:42:36,Smart_smart_fortwo_BRABUS_optik__softouch,privat,Angebot,4900,test,kleinwagen,2008,automatik,71,fortwo,80000,4,benzin,smart,nein,2016-04-04 00:00:00,0,13156,2016-04-07 00:15:44
280491,2016-03-26 22:52:37,OPEL_ASTRA_J_Sports_Tourer_1.7_CDTI,privat,Angebot,5999,test,kombi,2011,manuell,125,astra,150000,8,diesel,opel,nein,2016-03-26 00:00:00,0,78052,2016-04-06 23:16:25
350037,2016-03-30 14:06:55,BMW_523i,privat,Angebot,3000,test,limousine,1997,manuell,170,5er,150000,1,benzin,bmw,nein,2016-03-30 00:00:00,0,55127,2016-03-30 18:28:56
121881,2016-04-03 06:03:49,Audi_A4_Avant_2.7_TDI_DPF_multitronic,privat,Angebot,8000,control,kombi,2006,automatik,179,a4,150000,10,diesel,audi,nein,2016-04-03 00:00:00,0,82515,2016-04-07 10:16:42
131675,2016-03-20 02:02:30,Opel_corsa_b_5_tuer,privat,Angebot,950,test,kleinwagen,1996,manuell,60,corsa,150000,3,benzin,opel,nein,2016-03-20 00:00:00,0,45897,2016-03-26 16:18:10
64654,2016-04-03 21:42:45,Golf4_tdi........,privat,Angebot,4000,test,limousine,2001,manuell,116,golf,150000,11,diesel,volkswagen,,2016-04-03 00:00:00,0,52499,2016-04-03 21:42:45
114531,2016-03-28 14:47:52,Skoda_Roomster,privat,Angebot,10950,test,,2016,manuell,86,roomster,40000,5,,skoda,,2016-03-28 00:00:00,0,31177,2016-04-06 19:15:54
277010,2016-03-22 20:53:14,Volkswagen_Eos_2.0_TDI_DPF_Exclusive_Alcantara_Panorama,privat,Angebot,18900,control,cabrio,2012,manuell,140,eos,40000,4,diesel,volkswagen,nein,2016-03-22 00:00:00,0,52349,2016-03-24 05:47:32
15482,2016-03-11 18:58:47,Ford_Focus_Turnier_1.6_16V_Ghia,privat,Angebot,8500,test,kombi,2010,manuell,101,focus,40000,6,benzin,ford,nein,2016-03-11 00:00:00,0,86343,2016-04-06 00:16:43
15827,2016-03-22 16:59:00,Peugeot_206_SW_HDi_110,privat,Angebot,2990,test,kombi,2005,manuell,109,2_reihe,150000,2,diesel,peugeot,nein,2016-03-22 00:00:00,0,91452,2016-03-28 07:47:28
76741,2016-04-03 22:47:44,Audi_A4_B5_unfallfrei__TÜV_bis_2018!,privat,Angebot,1150,control,limousine,1997,manuell,125,a4,150000,10,benzin,audi,,2016-04-03 00:00:00,0,1277,2016-04-03 22:47:44
266115,2016-03-15 13:59:39,Mercedes_Sprinter_208,privat,Angebot,2500,control,,2016,,0,sprinter,150000,0,diesel,mercedes_benz,,2016-03-15 00:00:00,0,90441,2016-03-17 08:16:35
122878,2016-03-30 08:52:57,E39_528i_an_Bastler,privat,Angebot,0,control,,2017,manuell,193,5er,150000,4,,bmw,ja,2016-03-30 00:00:00,0,65468,2016-04-07 01:15:27
142206,2016-03-26 12:46:07,Skoda_Fabia_1.4_16V_Style_Edition,privat,Angebot,3500,control,kleinwagen,2007,manuell,75,fabia,150000,2,benzin,skoda,nein,2016-03-26 00:00:00,0,8527,2016-04-06 00:16:53
57088,2016-03-27 17:51:09,Schoener__sehr_zuverlaessiger_Ford_Mondeo_MK3_Kombi,privat,Angebot,1750,test,kombi,2002,manuell,110,mondeo,150000,6,benzin,ford,nein,2016-03-27 00:00:00,0,80803,2016-04-05 14:16:06
211406,2016-03-24 16:51:58,Volkswagen_Golf_1.4_FSI_Trendline,privat,Angebot,4500,control,limousine,2004,manuell,90,golf,125000,7,benzin,volkswagen,nein,2016-03-24 00:00:00,0,47475,2016-04-07 09:17:27
113374,2016-03-08 14:51:05,Renault_Megane_1.6_RN_120000Tkm_Tuev&Au_NEU_Gepflegt!,privat,Angebot,899,test,limousine,1996,manuell,75,megane,125000,4,benzin,renault,nein,2016-03-08 00:00:00,0,12353,2016-03-13 02:16:40
284230,2016-03-27 20:37:36,Jaguar_E_Type_Roadster_S_II__Linkslenker__Orig.zustand,privat,Angebot,76000,control,cabrio,1970,manuell,171,andere,90000,6,benzin,jaguar,nein,2016-03-27 00:00:00,0,89420,2016-04-05 18:45:46
137107,2016-03-15 20:37:28,BMW_520DA_exklusive_sehr_gepflegt_top_Ausstattung,privat,Angebot,13750,test,kombi,2009,automatik,177,,150000,9,diesel,bmw,nein,2016-03-15 00:00:00,0,27576,2016-03-27 07:44:28
154214,2016-03-24 22:53:53,Ford_ka_bj_2004_Tuev_bis_11.17,privat,Angebot,899,control,kleinwagen,2004,manuell,60,ka,150000,6,benzin,ford,nein,2016-03-24 00:00:00,0,58453,2016-03-26 16:44:58
368147,2016-03-31 19:55:54,Audi_A4_B5_avant_an_Bastler!Voll_Fahrbereit!!,privat,Angebot,0,control,kombi,1996,manuell,150,,150000,0,,audi,,2016-03-31 00:00:00,0,26723,2016-03-31 19:55:54
150321,2016-04-03 13:42:23,NSU_NSU_Prinz_4_Typ_47_4/67_30_PS,privat,Angebot,12900,control,limousine,1967,manuell,30,,60000,4,benzin,sonstige_autos,nein,2016-04-03 00:00:00,0,79780,2016-04-05 12:19:00
831,2016-03-25 19:47:02,Mercedes_Benz_C_160_Kompressor_Sportcoupe__8_fach_Alubereift_,privat,Angebot,7600,test,coupe,2006,manuell,122,c_klasse,125000,6,benzin,mercedes_benz,nein,2016-03-25 00:00:00,0,34454,2016-04-07 02:15:25
107366,2016-04-02 14:50:21,Fiat_Brava_1_6,privat,Angebot,150,test,limousine,2000,manuell,0,andere,150000,3,benzin,fiat,ja,2016-04-02 00:00:00,0,59590,2016-04-06 13:17:40
225559,2016-03-12 20:57:29,Subaru_Justy_1.3_4WD_GX,privat,Angebot,500,test,kleinwagen,2001,manuell,86,justy,150000,4,benzin,subaru,,2016-03-12 00:00:00,0,97645,2016-04-05 16:45:08
316106,2016-04-02 19:38:44,Fiat_an_Bastler_zu_verkaufen,privat,Angebot,360,control,kleinwagen,2000,manuell,0,seicento,150000,6,benzin,fiat,,2016-04-02 00:00:00,0,25421,2016-04-04 17:45:22
310123,2016-03-26 13:48:41,gebrauchter_Nissan,privat,Angebot,2350,control,limousine,2004,manuell,115,primera,150000,8,benzin,nissan,nein,2016-03-26 00:00:00,0,9648,2016-04-06 01:46:56
237459,2016-03-16 21:48:34,Saab_9_3_1.8_t_Cabrio_Linear,privat,Angebot,7800,control,cabrio,2005,manuell,150,andere,150000,6,benzin,saab,nein,2016-03-16 00:00:00,0,64823,2016-04-07 09:46:13
23910,2016-03-20 20:58:24,Audi_A6_4B,privat,Angebot,5000,test,,2007,,0,a6,5000,7,,audi,,2016-03-20 00:00:00,0,6749,2016-04-07 06:44:17
348638,2016-04-04 03:03:18,Opel_Zafira_1.6_Leder_tempomat_TÜV_bis_11/17,privat,Angebot,4800,control,bus,2005,manuell,143,zafira,150000,10,benzin,opel,nein,2016-04-04 00:00:00,0,64319,2016-04-06 08:45:25
82421,2016-03-19 15:49:05,Volkswagen_Scirocco_1.4_TSI_DSG,privat,Angebot,10650,control,coupe,2009,automatik,160,scirocco,100000,10,benzin,volkswagen,nein,2016-03-19 00:00:00,0,85049,2016-04-07 00:44:27
195852,2016-03-30 11:45:04,Ford_Focus_1.8_TDci,privat,Angebot,5350,test,limousine,2008,manuell,116,focus,125000,5,diesel,ford,nein,2016-03-30 00:00:00,0,52477,2016-04-04 23:18:00
263822,2016-03-23 14:37:56,Saab_9_3_2.0i,privat,Angebot,999,test,limousine,1998,manuell,131,andere,150000,12,benzin,saab,nein,2016-03-23 00:00:00,0,53332,2016-04-05 15:18:27
295835,2016-04-01 07:55:31,Ford_Fusion,privat,Angebot,950,test,limousine,2013,manuell,59,fusion,150000,0,,ford,nein,2016-04-01 00:00:00,0,73277,2016-04-01 09:43:28
234332,2016-04-03 00:51:02,Volkswagen_Passat_1.9_TDI_Comfortline,privat,Angebot,6400,control,limousine,2005,manuell,105,passat,150000,4,diesel,volkswagen,nein,2016-04-02 00:00:00,0,41747,2016-04-07 08:16:01
92913,2016-03-09 18:43:45,Ford_Galaxy_TDI_Trend,privat,Angebot,1700,test,bus,2001,manuell,116,galaxy,150000,9,diesel,ford,nein,2016-03-09 00:00:00,0,53773,2016-03-09 18:43:45
23225,2016-03-16 17:52:39,Renault_Clio_RN,privat,Angebot,650,control,kleinwagen,1999,manuell,58,clio,150000,9,benzin,renault,nein,2016-03-16 00:00:00,0,39104,2016-03-16 17:52:39
86578,2016-03-26 18:57:13,Land_Rover_Discovery_Td5_Classic,privat,Angebot,11900,test,suv,2004,manuell,139,discovery,90000,5,diesel,land_rover,nein,2016-03-26 00:00:00,0,56470,2016-04-06 20:15:30
247490,2016-03-21 06:57:12,Bastlerfahrzeug,privat,Angebot,5500,control,coupe,1994,automatik,176,andere,5000,6,,porsche,ja,2016-03-21 00:00:00,0,26125,2016-03-21 06:57:12
295925,2016-03-07 13:53:41,Golf_4_*2_Liter_*8_fach_bereift,privat,Angebot,0,control,,2017,manuell,115,,150000,10,benzin,volkswagen,,2016-03-07 00:00:00,0,53604,2016-03-12 13:17:51
28101,2016-03-15 17:46:26,Peugeot_206,privat,Angebot,3200,control,kleinwagen,2003,manuell,75,2_reihe,125000,9,benzin,peugeot,,2016-03-15 00:00:00,0,42109,2016-03-24 05:46:15
276878,2016-03-18 16:43:29,BMW_123d_Coupe_M_Paket,privat,Angebot,12900,test,coupe,2010,manuell,204,1er,100000,1,diesel,bmw,nein,2016-03-18 00:00:00,0,46499,2016-03-23 18:16:03
339768,2016-03-15 09:48:52,Volvo_S_80_wenig_km,privat,Angebot,2499,control,limousine,1999,automatik,140,andere,90000,11,benzin,volvo,nein,2016-03-15 00:00:00,0,25746,2016-03-18 02:17:04
280270,2016-03-28 20:53:10,Ford_KA_mit_2_Jahren_TÜV,privat,Angebot,1400,control,kleinwagen,2000,manuell,50,ka,60000,6,benzin,ford,,2016-03-28 00:00:00,0,49549,2016-04-07 04:15:57
21031,2016-03-25 16:50:31,Volkswagen_GOLF_Plus_FACELIFT_2_0_Diesel_Super_Zustand_!!!,privat,Angebot,8590,control,limousine,2009,manuell,110,golf,150000,6,diesel,volkswagen,nein,2016-03-25 00:00:00,0,67227,2016-04-06 21:18:03
294616,2016-03-29 20:37:35,Lupo_65000_km!_Scheckheft!,privat,Angebot,3000,test,,2017,manuell,50,,70000,0,benzin,volkswagen,,2016-03-29 00:00:00,0,73730,2016-04-06 06:45:24
271000,2016-03-25 16:52:15,BMW_520d_Touring_AHK_NAVi_Panorama_Komforttelefonie,privat,Angebot,31500,control,kombi,2014,automatik,184,5er,30000,4,diesel,bmw,nein,2016-03-25 00:00:00,0,64395,2016-04-01 01:16:10
153271,2016-03-13 23:43:00,Ford_Transit_300_L_TDCi_Lkw,privat,Angebot,1750,test,bus,2003,manuell,125,transit,150000,10,diesel,ford,ja,2016-03-13 00:00:00,0,38304,2016-04-06 19:17:56
360058,2016-03-20 11:39:53,Audi_A3_2.0_TDI_DPF_S_Line_Sportpaket_plus,privat,Angebot,10700,test,limousine,2007,manuell,170,a3,150000,4,diesel,audi,nein,2016-03-20 00:00:00,0,94060,2016-04-06 08:46:40
218777,2016-03-30 17:25:17,Mercedes_Benz__A_140_classic,privat,Angebot,799,control,kleinwagen,1999,manuell,0,a_klasse,125000,1,benzin,mercedes_benz,ja,2016-03-30 00:00:00,0,61169,2016-03-31 18:27:51
252427,2016-03-12 14:39:00,Skoda_Superb_2.5_*Defekt*,privat,Angebot,1800,test,limousine,2002,manuell,155,superb,150000,8,diesel,skoda,ja,2016-03-12 00:00:00,0,55481,2016-03-30 09:15:43
122968,2016-03-10 10:48:00,Cross_Polo_1.2L_1.Hand__Unfallfrei__Tempomat__Sitzheizung,privat,Angebot,9150,test,kleinwagen,2012,manuell,70,polo,100000,1,benzin,volkswagen,nein,2016-03-10 00:00:00,0,21755,2016-03-21 19:17:00
266928,2016-03-06 20:47:54,Mazda_2_1.4_Benzin._Klima_Tuev_bis_11/16,privat,Angebot,1600,control,limousine,2003,manuell,80,andere,125000,11,benzin,mazda,nein,2016-03-06 00:00:00,0,25451,2016-03-19 15:50:56
2424,2016-03-05 14:41:53,Mazda_626_2.0i_GLE,privat,Angebot,500,control,limousine,1992,manuell,116,6_reihe,150000,4,benzin,mazda,nein,2016-03-05 00:00:00,0,86459,2016-04-07 09:45:15
65061,2016-03-27 16:25:38,BMW_318d_DPF_Touring_NAVI_Alufelgen_18_Zoll,privat,Angebot,9500,test,kombi,2010,manuell,143,3er,150000,1,diesel,bmw,nein,2016-03-27 00:00:00,0,56170,2016-03-29 13:29:17
68528,2016-03-11 17:42:25,Seat_Ibiza_1_4i.Tuev___neu__Klima_Euro_3_Kat__gruene_Plakette__Airb,privat,Angebot,1395,control,limousine,1999,manuell,59,ibiza,150000,9,benzin,seat,nein,2016-03-11 00:00:00,0,4654,2016-04-05 17:21:47
146286,2016-03-10 15:49:20,Smart_ForTwo_Cabrio,privat,Angebot,2600,test,cabrio,2001,automatik,54,fortwo,125000,0,benzin,smart,nein,2016-03-10 00:00:00,0,45525,2016-03-17 23:46:22
101430,2016-04-01 15:53:32,Ford_Ka_1.2_Start_Stopp_System_Trend,privat,Angebot,6000,test,kleinwagen,2011,manuell,69,ka,20000,1,benzin,ford,ja,2016-04-01 00:00:00,0,46284,2016-04-07 13:50:21
315859,2016-03-17 07:54:15,Volkswagen_Polo_1.4L_TÜV_NEU.ABS_.SERVO.,privat,Angebot,850,control,kleinwagen,1995,,0,polo,150000,1,benzin,volkswagen,nein,2016-03-17 00:00:00,0,24768,2016-03-29 17:16:05
219761,2016-03-27 18:53:04,BMW_330d_Coupe,privat,Angebot,18700,control,coupe,2011,manuell,245,3er,150000,11,diesel,bmw,ja,2016-03-27 00:00:00,0,77871,2016-04-05 17:21:04
222106,2016-03-22 14:50:57,Mercedes_Benz_SLK_200__BlueEFFICIENCY__7G_TRONIC,privat,Angebot,29550,control,cabrio,2012,automatik,184,slk,20000,5,benzin,mercedes_benz,nein,2016-03-22 00:00:00,0,75031,2016-04-06 04:16:46
141551,2016-04-05 22:36:17,Auto_zu_verkaufen,privat,Angebot,3800,control,kleinwagen,2006,manuell,80,punto,100000,5,benzin,fiat,,2016-04-05 00:00:00,0,63303,2016-04-05 23:06:22
313191,2016-04-01 13:48:16,Ford_Galaxy_2.3,privat,Angebot,1100,test,bus,1998,manuell,146,galaxy,150000,10,benzin,ford,nein,2016-04-01 00:00:00,0,93413,2016-04-03 09:47:48
307508,2016-03-14 12:56:01,Mini_One_D_2._HAND__SH_gepflegt__Panorama__Leder__TÜV_neu,privat,Angebot,5300,test,kleinwagen,2004,manuell,75,one,125000,8,diesel,mini,nein,2016-03-14 00:00:00,0,68167,2016-03-29 06:45:01
354300,2016-03-26 11:54:56,Audi_A4_Avant_1.9_TDI,privat,Angebot,4390,control,kombi,2004,manuell,131,a4,150000,7,diesel,audi,nein,2016-03-26 00:00:00,0,54634,2016-03-27 23:47:28
14228,2016-04-01 22:57:04,Mercedes_Benz_318_CDI_Sprinter_906.635,privat,Angebot,7700,test,bus,2006,manuell,184,sprinter,150000,12,diesel,mercedes_benz,nein,2016-04-01 00:00:00,0,75175,2016-04-01 23:48:01
285917,2016-03-30 22:45:03,Opel_Astra_Kombi_1_7,privat,Angebot,350,control,kombi,1994,manuell,0,astra,150000,12,diesel,opel,,2016-03-30 00:00:00,0,19294,2016-04-05 13:17:07
338507,2016-03-09 15:51:43,Touareg_3.0_V6_TDI_DPF_Aut._Bi_Xen_1_Hand_Kamera,privat,Angebot,10100,control,suv,2008,automatik,239,touareg,100000,12,diesel,volkswagen,nein,2016-03-09 00:00:00,0,10115,2016-03-09 15:51:43
346233,2016-03-19 12:46:42,Honda_Civic_VTi___Eg4_umgebaut_auf_Eg6__,privat,Angebot,2999,test,kleinwagen,1994,manuell,160,,150000,0,benzin,honda,ja,2016-03-19 00:00:00,0,45899,2016-03-21 17:16:15
235164,2016-03-14 16:51:53,Daewoo_Lanos_1.4,privat,Angebot,600,test,limousine,2000,manuell,75,lanos,150000,1,benzin,daewoo,nein,2016-03-14 00:00:00,0,13599,2016-04-05 22:47:21
279002,2016-03-12 02:36:17,VW_T4_Business_TDI_111KW_Vollaustattung_Gruene_Plakette_TÜV_01/18,privat,Angebot,14900,control,bus,2000,manuell,150,transporter,150000,11,diesel,volkswagen,nein,2016-03-12 00:00:00,0,61137,2016-04-05 15:46:30
85960,2016-03-22 09:47:13,Nissan_Micra_el.Faltdach,privat,Angebot,999,test,kleinwagen,2002,manuell,60,micra,125000,8,benzin,nissan,nein,2016-03-22 00:00:00,0,10997,2016-04-01 22:47:33
228388,2016-03-29 15:55:09,Volkswagen_Passat_Variant_2.0_TDI_DPF_DSG,privat,Angebot,8400,control,kombi,2008,automatik,170,passat,150000,4,diesel,volkswagen,nein,2016-03-29 00:00:00,0,33184,2016-03-31 08:46:33
297532,2016-03-08 20:50:25,VW_POLO_6N/6N2_TÜV_Neu,privat,Angebot,1000,control,,2018,manuell,50,polo,150000,9,,volkswagen,,2016-03-08 00:00:00,0,1640,2016-03-12 09:16:02
318656,2016-03-20 21:52:38,Volkswagen_Golf_1.9_SDI,privat,Angebot,1250,test,limousine,1999,manuell,68,golf,150000,7,diesel,volkswagen,nein,2016-03-20 00:00:00,0,52511,2016-04-07 07:46:24
298127,2016-04-03 01:36:42,Toyota_Celica_LPG_Gasanlage_Klimaautomatik,privat,Angebot,2699,control,coupe,2000,manuell,143,andere,150000,10,lpg,toyota,nein,2016-04-03 00:00:00,0,44369,2016-04-07 10:16:17
226036,2016-03-17 23:57:22,BMW_325i_Coupe_M_Paket_Navi_Prof._Schiebedach,privat,Angebot,16700,control,coupe,2008,manuell,218,3er,150000,1,benzin,bmw,nein,2016-03-17 00:00:00,0,85356,2016-04-05 21:18:47
232753,2016-04-01 11:58:02,VW_Golf_IV_125000_km,privat,Angebot,2350,test,limousine,2000,manuell,75,,150000,6,benzin,volkswagen,nein,2016-04-01 00:00:00,0,48703,2016-04-07 08:46:06
19074,2016-03-31 16:53:16,Opel_Corsa_B,privat,Angebot,444,control,kleinwagen,1996,,0,corsa,150000,4,,opel,nein,2016-03-31 00:00:00,0,30851,2016-03-31 16:53:16
267693,2016-03-13 00:56:35,Ford_Fiesta_1.25_Trend,privat,Angebot,4990,control,kleinwagen,2009,manuell,82,fiesta,80000,10,benzin,ford,nein,2016-03-13 00:00:00,0,45326,2016-03-17 12:44:50
268668,2016-04-01 00:36:41,Volkswagen_Passat_Variant_1.9_TDI_Highline,privat,Angebot,1700,test,kombi,2003,manuell,131,passat,150000,4,diesel,volkswagen,nein,2016-04-01 00:00:00,0,69483,2016-04-07 05:16:26
25906,2016-03-08 15:46:36,350€€€€_VARIO,privat,Angebot,350,test,kombi,1997,manuell,75,cordoba,150000,0,benzin,seat,,2016-03-08 00:00:00,0,80634,2016-03-11 09:45:06
301278,2016-03-28 19:48:51,Seat_Leon_1.4_TSI_Start&Stop_FR,privat,Angebot,16000,control,limousine,2013,manuell,140,leon,50000,4,benzin,seat,nein,2016-03-28 00:00:00,0,12249,2016-04-01 05:17:37
90865,2016-04-01 00:39:14,Mercedes_Benz_A_140_Elegance,privat,Angebot,2950,test,limousine,2000,manuell,82,a_klasse,100000,3,benzin,mercedes_benz,ja,2016-03-31 00:00:00,0,73262,2016-04-07 02:44:26
22387,2016-04-03 19:44:06,Peugeot_504,privat,Angebot,3400,test,coupe,1973,manuell,103,5_reihe,150000,6,benzin,peugeot,nein,2016-04-03 00:00:00,0,22589,2016-04-05 20:16:09
307688,2016-03-21 15:36:19,Chevrolet_LT,privat,Angebot,2200,control,limousine,2006,manuell,90,aveo,150000,11,benzin,chevrolet,nein,2016-03-21 00:00:00,0,33378,2016-04-02 16:45:19
181286,2016-03-22 16:54:49,Opel_Combo_1.6,privat,Angebot,1390,test,kombi,2004,manuell,87,combo,150000,8,benzin,opel,nein,2016-03-22 00:00:00,0,63454,2016-04-06 07:17:54
361820,2016-03-28 16:42:29,Mercedes_Benz_A_140_Classic,privat,Angebot,2950,test,limousine,2004,manuell,82,a_klasse,100000,6,benzin,mercedes_benz,nein,2016-03-28 00:00:00,0,94081,2016-04-06 21:45:08
194194,2016-03-15 08:37:54,Mazda_CX_5_Sportsline_AWD_Automatik,privat,Angebot,21300,test,suv,2012,automatik,160,cx_reihe,70000,3,benzin,mazda,nein,2016-03-15 00:00:00,0,48268,2016-04-05 17:25:50
73592,2016-04-03 23:37:04,MG_ZR_160__ZKD_Kaputt_,privat,Angebot,1500,control,,2016,manuell,160,andere,90000,10,benzin,rover,ja,2016-04-03 00:00:00,0,57074,2016-04-06 08:16:30
85581,2016-03-15 19:40:34,Gepflegter_Nissan_Qashqai_visia_schwarz_metallic,privat,Angebot,10990,control,suv,2011,manuell,117,qashqai,50000,12,benzin,nissan,nein,2016-03-15 00:00:00,0,73469,2016-03-20 16:49:20
233392,2016-04-03 20:53:54,Subaru_justy,privat,Angebot,450,test,suv,2001,manuell,85,justy,150000,9,benzin,subaru,,2016-04-03 00:00:00,0,87509,2016-04-05 21:47:09
31333,2016-03-20 17:46:37,Volkswagen_Multivan_T4_2_5_TDI_Klimaautomatik_TÜV_neu,privat,Angebot,9999,test,bus,1999,manuell,102,transporter,150000,1,diesel,volkswagen,nein,2016-03-20 00:00:00,0,37124,2016-03-30 09:47:04
310888,2016-03-31 00:56:47,Fiat_tipo_kein_rost,privat,Angebot,250,control,limousine,1994,manuell,0,,150000,5,benzin,fiat,,2016-03-31 00:00:00,0,41540,2016-03-31 08:43:55
211637,2016-03-23 11:55:31,Volvo_940_Turbo__TÜV_neu__zuverlaessig_gutes_Auto!,privat,Angebot,3900,test,kombi,1995,manuell,155,andere,150000,4,benzin,volvo,nein,2016-03-23 00:00:00,0,81247,2016-04-05 11:18:17
205278,2016-04-03 13:42:22,Ford_Focus_1.6_;_Unfall_;_15700_km,privat,Angebot,2800,control,,2017,manuell,115,focus,20000,3,benzin,ford,ja,2016-04-03 00:00:00,0,30419,2016-04-05 12:19:01
300819,2016-03-19 17:38:51,Opel_astra_g_coupe_guter_zustand!!,privat,Angebot,0,control,,2017,,0,astra,150000,4,benzin,opel,,2016-03-19 00:00:00,0,44536,2016-03-19 17:38:51
268593,2016-03-21 19:47:32,Opel_Meriva_A_in_einem_gepflegten_Zustand,privat,Angebot,2450,test,,2016,manuell,0,meriva,150000,11,lpg,opel,nein,2016-03-21 00:00:00,0,94315,2016-03-23 00:47:15
208170,2016-03-22 16:54:27,Hyundai_i30_1.6_CRDi,privat,Angebot,14999,test,limousine,2013,manuell,110,i_reihe,40000,9,diesel,hyundai,nein,2016-03-22 00:00:00,0,52382,2016-03-24 00:47:16
21163,2016-03-14 15:53:15,Renault_Kangoo_4_x_4__ALLRAD__EZ_2006__Tausch_moeglich,privat,Angebot,3899,control,andere,2006,manuell,84,kangoo,150000,2,diesel,renault,nein,2016-03-14 00:00:00,0,35716,2016-03-24 09:43:49
212822,2016-03-26 13:58:31,Volkswagen_Golf_GTD_Navi_Panorama_Sport&Sound,privat,Angebot,25900,control,limousine,2015,manuell,184,golf,20000,3,diesel,volkswagen,nein,2016-03-26 00:00:00,0,38448,2016-04-02 03:45:35
253431,2016-03-10 17:36:43,Suzuki_Vitara,privat,Angebot,999,control,suv,1996,manuell,97,andere,150000,1,benzin,suzuki,nein,2016-03-10 00:00:00,0,99706,2016-03-10 17:36:43
246881,2016-03-14 21:50:09,Audi_A6_Avant_2.5_TDI,privat,Angebot,2640,test,kombi,2003,automatik,163,a6,150000,2,diesel,audi,nein,2016-03-14 00:00:00,0,25719,2016-04-02 15:18:48
287792,2016-04-03 11:44:57,Verkaufe_renault_Megane,privat,Angebot,500,control,,2000,,0,megane,150000,0,benzin,renault,,2016-04-03 00:00:00,0,12524,2016-04-07 12:45:08
175630,2016-04-01 16:46:03,BMW_320i_Touring__M_Sportpaket__sehr_gepflegt__Saphirschwarz_met.,privat,Angebot,16900,control,kombi,2009,manuell,170,3er,80000,10,benzin,bmw,nein,2016-04-01 00:00:00,0,8209,2016-04-05 11:49:06
23883,2016-04-02 00:59:26,Mercedes_Benz_C_200_T_CDI_Automatik_BlueEFFICIENCY_Avantgarde,privat,Angebot,14950,test,kombi,2010,automatik,136,c_klasse,125000,11,diesel,mercedes_benz,nein,2016-04-01 00:00:00,0,82061,2016-04-06 06:15:37
78157,2016-03-31 08:56:48,Seat_Exeo_ST_2.0_TDI_CR_Multitronic_Sport_mit_WR,privat,Angebot,14699,control,kombi,2011,automatik,143,exeo,60000,12,diesel,seat,nein,2016-03-31 00:00:00,0,34311,2016-04-02 03:44:59
92817,2016-03-15 17:41:45,Audi_80_2_6E,privat,Angebot,999,control,limousine,1992,manuell,150,80,150000,11,,audi,nein,2016-03-15 00:00:00,0,97833,2016-04-06 14:45:44
352755,2016-03-05 20:57:56,Volvo_940_GL,privat,Angebot,3000,control,limousine,1992,automatik,131,andere,150000,3,benzin,volvo,nein,2016-03-05 00:00:00,0,13437,2016-04-05 12:21:06
139782,2016-04-05 09:58:33,BMW_M3_Coupe__V_MAX_DVD_Einzelstueck,privat,Angebot,28500,control,coupe,2008,manuell,420,m_reihe,125000,11,benzin,bmw,nein,2016-04-05 00:00:00,0,6925,2016-04-07 12:45:31
152239,2016-03-24 18:58:23,Peugeot_206,privat,Angebot,1400,test,kleinwagen,2001,manuell,75,2_reihe,100000,7,benzin,peugeot,,2016-03-24 00:00:00,0,12209,2016-03-27 16:17:31
113199,2016-03-07 12:45:24,!!!_C_klasse_Kombi_lauft_wie_eine_Rolex_uhr!!!!_Topi!!__,privat,Angebot,999,test,kombi,2000,manuell,122,c_klasse,150000,5,,mercedes_benz,,2016-03-07 00:00:00,0,12169,2016-03-09 03:44:30
44557,2016-03-25 15:55:42,Jeep_Grand_Cherokee_3.0_CRD_Automatik_Standheizung,privat,Angebot,7655,test,suv,2006,automatik,218,grand,150000,12,diesel,jeep,ja,2016-03-25 00:00:00,0,28857,2016-04-06 20:16:50
75634,2016-03-29 19:51:21,Bmw_525..panoramadach..voll_leder.Tausch_moglich_mit_7_sitzer.,privat,Angebot,6950,control,kombi,2006,automatik,177,,150000,6,diesel,bmw,nein,2016-03-29 00:00:00,0,49497,2016-04-06 06:15:25
288984,2016-03-12 17:59:59,Lupo_1_0_silber,privat,Angebot,1399,test,kleinwagen,2003,manuell,50,lupo,150000,4,benzin,volkswagen,ja,2016-03-12 00:00:00,0,55118,2016-03-17 17:18:21
223697,2016-03-21 15:45:26,Twingo_1_2_ORANGE,privat,Angebot,650,control,,2000,,0,twingo,150000,0,benzin,renault,,2016-03-21 00:00:00,0,91301,2016-03-30 01:44:37
146376,2016-03-09 16:39:24,Suche_Chrysler_Voyager_V6_3_3_oder_3_8_Liter_ab_1996_GS,privat,Angebot,0,test,,2000,,0,voyager,150000,0,,chrysler,,2016-03-09 00:00:00,0,93309,2016-04-07 03:46:34
140673,2016-04-04 09:37:40,VW_Polo_6N_Schlachtfahrzeug_LD5D_Seilzuggetriebe,privat,Angebot,0,control,kleinwagen,1996,manuell,45,polo,150000,0,benzin,volkswagen,,2016-04-04 00:00:00,0,58453,2016-04-06 11:17:08
120442,2016-03-24 12:57:57,Golf_2_gti_TÜV_neu,privat,Angebot,2500,test,coupe,1989,manuell,107,golf,90000,0,benzin,volkswagen,,2016-03-24 00:00:00,0,99869,2016-04-07 04:45:42
241373,2016-03-30 16:53:41,Porsche_930_Turbo,privat,Angebot,67500,test,coupe,1986,,300,911,150000,6,,porsche,nein,2016-03-30 00:00:00,0,92339,2016-03-30 17:41:10
366743,2016-03-12 15:46:01,Hyundai_I30_Bj2009_1_6_l_Diesel,privat,Angebot,4000,control,kombi,2009,manuell,0,i_reihe,125000,3,diesel,hyundai,ja,2016-03-12 00:00:00,0,54550,2016-03-12 15:46:01
164861,2016-03-25 14:40:06,Mercede_Benz_SLK_230_Kompressor_R170_Cabrio_Roadster_SONDERPREIS,privat,Angebot,5000,control,cabrio,1999,manuell,193,slk,150000,3,benzin,mercedes_benz,nein,2016-03-25 00:00:00,0,24229,2016-04-04 15:46:44
42610,2016-03-26 10:40:11,Sandero_1.4_MPI_Ambiance_TÜV_NEU_ZAHNRIEMEN_NEU,privat,Angebot,3199,test,kleinwagen,2009,manuell,0,sandero,125000,8,benzin,dacia,nein,2016-03-26 00:00:00,0,82256,2016-04-05 21:17:23
334280,2016-03-31 13:56:38,Audi_A4_Avant_1.8,privat,Angebot,2300,control,kombi,1996,manuell,125,a4,150000,2,benzin,audi,nein,2016-03-31 00:00:00,0,28816,2016-04-06 06:44:55
179951,2016-03-19 12:48:22,BMW_318i,privat,Angebot,850,test,limousine,1997,manuell,116,3er,150000,3,benzin,bmw,nein,2016-03-19 00:00:00,0,83026,2016-04-06 17:45:37
338966,2016-03-25 09:52:13,BMW_120d_Bi_Xenon_PDC_Keyless_Go_SHZ_ALU_+_Winterre,privat,Angebot,11890,test,limousine,2010,manuell,177,1er,150000,1,diesel,bmw,nein,2016-03-25 00:00:00,0,38533,2016-04-06 09:46:26
160707,2016-03-08 20:06:24,DieselEuro4GrunePlakette_NUR_4.499EURO,privat,Angebot,0,test,bus,2005,manuell,101,vivaro,80000,8,diesel,opel,nein,2016-03-08 00:00:00,0,61184,2016-03-08 20:50:44
163620,2016-03-28 13:25:26,Ford_Ka_Futura,privat,Angebot,750,control,kleinwagen,2003,manuell,60,ka,150000,7,benzin,ford,nein,2016-03-28 00:00:00,0,35753,2016-04-06 08:45:40
221012,2016-03-07 08:55:11,Opel_Corsa_C,privat,Angebot,600,control,kleinwagen,2001,manuell,0,corsa,125000,7,benzin,opel,ja,2016-03-07 00:00:00,0,4741,2016-03-29 04:46:08
129324,2016-04-02 18:57:40,Mercedes_Benz_C220_CDI_BlueEfficiency_Limousine,privat,Angebot,18500,control,limousine,2011,automatik,170,c_klasse,80000,4,diesel,mercedes_benz,nein,2016-04-02 00:00:00,0,12247,2016-04-02 18:57:40
350505,2016-03-11 15:39:16,Audi_A3_1.6,privat,Angebot,1850,test,kleinwagen,2002,manuell,102,a3,150000,6,,audi,ja,2016-03-11 00:00:00,0,22846,2016-03-22 05:45:44
283851,2016-03-22 09:51:49,Jeep_Wrangler_YJ_4.0_2/1995,privat,Angebot,6500,test,suv,1995,manuell,185,wrangler,90000,2,benzin,jeep,nein,2016-03-22 00:00:00,0,22885,2016-03-22 10:44:25
173218,2016-03-17 19:38:38,Vw_Polo_6_n_Tuev_bis_09/17,privat,Angebot,550,control,kleinwagen,1996,manuell,50,polo,150000,0,,volkswagen,nein,2016-03-17 00:00:00,0,10365,2016-04-07 07:16:28
211433,2016-03-22 15:50:30,Skoda_Fabia_1.6_16V_Combi_Tiptronic_Elegance,privat,Angebot,6500,test,kombi,2008,automatik,105,fabia,80000,5,benzin,skoda,nein,2016-03-22 00:00:00,0,60529,2016-04-07 04:45:16
110482,2016-03-26 14:37:21,BMW_335i_e90___US_Version__Reimport____Leder___Xenon,privat,Angebot,13000,control,limousine,2008,automatik,306,3er,90000,6,benzin,bmw,,2016-03-26 00:00:00,0,1257,2016-04-06 02:17:04
241317,2016-03-13 14:36:24,Nissan_Vanette_zu_verkaufen,privat,Angebot,600,test,bus,1998,manuell,0,,125000,6,diesel,nissan,,2016-03-13 00:00:00,0,21077,2016-03-21 16:46:55
289198,2016-03-09 18:40:14,Ford_Puma,privat,Angebot,1300,test,kleinwagen,1997,manuell,125,andere,150000,8,benzin,ford,nein,2016-03-09 00:00:00,0,57319,2016-03-16 00:44:41
10328,2016-03-17 17:40:38,Fiat_ducato!_Sehr_gute_zustand,privat,Angebot,3100,control,bus,2004,manuell,0,ducato,150000,12,diesel,fiat,,2016-03-17 00:00:00,0,31020,2016-03-23 05:46:52
278335,2016-03-09 13:57:28,Alfa_Romeo_GTV_2.0_Twin_Spark_16V__TÜV_10/2016,privat,Angebot,1200,control,coupe,1999,manuell,150,andere,150000,10,benzin,alfa_romeo,nein,2016-03-09 00:00:00,0,46562,2016-03-26 19:45:53
99799,2016-03-31 10:37:37,Honda_CR_V_2.2i_CTDi_DPF,privat,Angebot,7500,control,suv,2007,manuell,140,cr_reihe,150000,1,diesel,honda,ja,2016-03-31 00:00:00,0,54295,2016-03-31 11:42:54
216467,2016-03-29 17:58:12,Ford_Fiesta_Style_Automatik,privat,Angebot,1650,control,kleinwagen,1998,,0,fiesta,60000,0,benzin,ford,,2016-03-29 00:00:00,0,66798,2016-04-06 04:16:34
215149,2016-03-30 10:56:45,BMW_316ti_compact,privat,Angebot,3900,test,limousine,2002,manuell,116,3er,150000,10,benzin,bmw,nein,2016-03-30 00:00:00,0,96450,2016-04-07 01:44:52
357806,2016-03-27 11:54:34,LPG_Opel_Astra_G_Caravan_1_6_16V,privat,Angebot,1350,test,kombi,1999,manuell,101,astra,150000,2,lpg,opel,nein,2016-03-27 00:00:00,0,52441,2016-03-29 00:47:24
98169,2016-03-26 13:49:35,FORD_Transit_Connect_T230_Lang_Hoch_Kastenwagen_DIESEL___T_O_P_!,privat,Angebot,6500,control,andere,2011,manuell,90,andere,100000,6,diesel,ford,nein,2016-03-26 00:00:00,0,65232,2016-04-02 14:47:56
184077,2016-03-08 20:49:58,Opel_Corsa_1.2_16V_Comfort,privat,Angebot,2500,control,kleinwagen,2001,automatik,75,corsa,100000,9,benzin,opel,ja,2016-03-08 00:00:00,0,64720,2016-03-23 18:47:55
114451,2016-03-27 15:51:51,Audi_A4_1.8,privat,Angebot,1799,control,limousine,1997,manuell,125,a4,150000,3,benzin,audi,nein,2016-03-27 00:00:00,0,91572,2016-04-05 11:47:45
342731,2016-03-08 09:56:29,Passat_W8__V8_275_PS__Allrad,privat,Angebot,5300,control,,2017,automatik,275,passat,150000,1,benzin,volkswagen,nein,2016-03-08 00:00:00,0,94032,2016-04-06 20:45:26
193023,2016-03-31 08:57:31,Opel_Corsa_B_1.4i_Automatik__Doppelairbags_Servo_Tuev_10/2016_,privat,Angebot,180,control,kleinwagen,1995,automatik,60,corsa,125000,5,benzin,opel,ja,2016-03-31 00:00:00,0,32791,2016-04-02 05:16:22
225092,2016-03-13 17:37:46,Skoda_Fabia,privat,Angebot,5500,control,kombi,2008,manuell,105,fabia,125000,8,benzin,skoda,nein,2016-03-13 00:00:00,0,95028,2016-04-06 17:46:26
191545,2016-04-01 10:56:12,BMW_M3_Power!____Leider_Notverkauf_,privat,Angebot,7500,control,,2017,manuell,358,,150000,5,,bmw,,2016-04-01 00:00:00,0,13089,2016-04-01 10:56:12
5725,2016-04-04 16:47:25,Mercedes_Benz_E_220_T_CDI_Automatik_Avantgarde_DPF,privat,Angebot,8799,test,kombi,2007,automatik,170,e_klasse,150000,9,diesel,mercedes_benz,nein,2016-04-04 00:00:00,0,63628,2016-04-06 18:45:28
102947,2016-03-14 18:54:30,Audi_S3,privat,Angebot,13800,test,coupe,2008,manuell,265,andere,150000,11,benzin,audi,nein,2016-03-14 00:00:00,0,66287,2016-04-06 03:16:48
264198,2016-04-05 09:56:05,verk._einen_Peugeot_1007__Bj._2005_mit_gruener_Plakette,privat,Angebot,2490,control,kleinwagen,2005,manuell,68,1_reihe,150000,9,diesel,peugeot,nein,2016-04-05 00:00:00,0,14793,2016-04-07 13:17:01
256801,2016-03-22 20:54:45,Audi_A6_Avant_2.7_TDI_DPF,privat,Angebot,9999,control,kombi,2008,manuell,179,a6,150000,3,diesel,audi,nein,2016-03-22 00:00:00,0,25866,2016-03-26 23:46:03
37730,2016-04-03 17:55:44,VW_Polo_86c_Fox_Coupe,privat,Angebot,750,test,coupe,1992,manuell,45,,150000,0,benzin,volkswagen,,2016-04-03 00:00:00,0,39245,2016-04-05 18:17:48
99049,2016-03-20 18:26:50,Audi_A6_S6_4B_S_line_2_5tdi,privat,Angebot,2000,control,kombi,2002,automatik,163,a6,150000,9,diesel,audi,ja,2016-03-20 00:00:00,0,53567,2016-03-31 23:47:25
333464,2016-04-02 16:53:40,Volkswagen_Golf_1_9_TDI_Trendlinde,privat,Angebot,3500,control,kleinwagen,2005,manuell,90,golf,150000,8,diesel,volkswagen,ja,2016-04-02 00:00:00,0,97711,2016-04-04 14:46:12
63463,2016-03-28 19:38:15,MINI_Cooper_1_6_2002_Tuev_bis_2017,privat,Angebot,3700,control,kleinwagen,2002,manuell,0,cooper,150000,4,benzin,mini,ja,2016-03-28 00:00:00,0,50354,2016-03-30 11:17:00
262243,2016-03-16 23:53:35,Audi_A3_1.8_TFSI_Sportback_Ambition,privat,Angebot,9100,test,kombi,2008,manuell,160,a3,150000,12,benzin,audi,nein,2016-03-16 00:00:00,0,67067,2016-04-06 02:15:28
354459,2016-03-05 23:46:45,VW_Caddy_1.9_TDI_zu_verkaufen,privat,Angebot,1500,control,kombi,2000,manuell,90,caddy,150000,6,diesel,volkswagen,,2016-03-05 00:00:00,0,39629,2016-03-30 13:17:55
112632,2016-03-25 20:54:15,Seat_Ibiza_1.4_16V_Sport,privat,Angebot,3399,control,kleinwagen,2002,manuell,101,ibiza,125000,11,benzin,seat,nein,2016-03-25 00:00:00,0,96175,2016-04-01 08:45:43
220852,2016-03-09 13:00:23,Vectra_Kombi_2.0_an_Bastler__als_Teiletraeger_zum_Ausschlachten,privat,Angebot,350,control,kombi,1998,,0,vectra,150000,0,benzin,opel,ja,2016-03-09 00:00:00,0,46236,2016-03-10 19:17:56
67022,2016-03-29 21:54:45,BMW_E38_735i_ORIGINAL_ZUSTAND,privat,Angebot,1600,test,limousine,1997,automatik,235,7er,150000,5,benzin,bmw,nein,2016-03-29 00:00:00,0,41747,2016-04-06 08:45:35
24287,2016-03-10 14:53:28,W210_E_Klasse_zu_verkaufen!,privat,Angebot,0,test,limousine,1997,manuell,100,e_klasse,150000,5,diesel,mercedes_benz,nein,2016-03-10 00:00:00,0,23683,2016-03-11 15:44:48
340679,2016-04-04 22:45:59,Mercedes_C_200_CDI___Russpartikel_Filter_Gruene_Umweltsplakete,privat,Angebot,2390,test,kombi,2001,manuell,102,c_klasse,150000,3,diesel,mercedes_benz,ja,2016-04-04 00:00:00,0,31603,2016-04-07 01:18:00
253762,2016-03-22 21:36:25,Ford_Scorpio_Rentnerfahrzeug,privat,Angebot,360,control,,2000,automatik,0,andere,5000,12,benzin,ford,,2016-03-22 00:00:00,0,38124,2016-03-22 21:36:25
195550,2016-03-28 14:53:45,Ford_Escort_Cabrio__Michael_Schumacher__Edition,privat,Angebot,799,test,cabrio,1994,manuell,90,escort,150000,3,benzin,ford,nein,2016-03-28 00:00:00,0,78253,2016-04-06 19:16:31
152915,2016-03-11 23:46:09,Volkswagen_Passat_Variant_2.0_TSI_Automatik_Highline,privat,Angebot,13999,test,kombi,2009,automatik,241,passat,125000,6,benzin,volkswagen,nein,2016-03-11 00:00:00,0,68163,2016-04-07 01:46:38
102986,2016-03-24 12:46:15,RESERVIERT!!!!!!!!!,privat,Angebot,850,test,cabrio,1994,manuell,150,3er,150000,7,benzin,bmw,nein,2016-03-24 00:00:00,0,1257,2016-03-24 12:46:15
203696,2016-03-09 22:38:34,Ford_Mondeo_Turnier_2.0_TDCi_Titanium,privat,Angebot,8000,test,kombi,2008,manuell,116,mondeo,100000,4,diesel,ford,nein,2016-03-09 00:00:00,0,31789,2016-03-13 03:45:53
72352,2016-03-26 16:53:52,Ford_Fiesta,privat,Angebot,696,control,kleinwagen,2001,manuell,60,fiesta,150000,6,benzin,ford,nein,2016-03-26 00:00:00,0,48317,2016-03-26 16:53:52
277565,2016-03-22 19:58:36,Kleiner_Flitzer_zu_verkaufen,privat,Angebot,600,test,kleinwagen,1994,manuell,60,,150000,9,benzin,opel,nein,2016-03-22 00:00:00,0,25795,2016-04-06 02:44:55
216267,2016-03-22 19:51:37,OPEL_VECTRA_B_CARAVAN_KOMBI,privat,Angebot,900,test,kombi,1998,manuell,100,vectra,150000,11,benzin,opel,,2016-03-22 00:00:00,0,44651,2016-04-06 13:16:20
254137,2016-03-25 12:37:00,BMW_320_Ci,privat,Angebot,7300,test,cabrio,2002,automatik,170,3er,150000,5,benzin,bmw,nein,2016-03-25 00:00:00,0,72760,2016-04-06 13:45:00
175596,2016-03-31 18:49:55,Hyundai_Atos_1.1_Prime__11.000_Km,privat,Angebot,3299,control,kleinwagen,2006,manuell,63,andere,20000,10,benzin,hyundai,nein,2016-03-31 00:00:00,0,99867,2016-04-06 12:46:38
229427,2016-03-22 19:37:45,Audi_A6_3.0_TDI_DPF_quattro,privat,Angebot,14900,test,limousine,2010,manuell,239,a6,150000,2,diesel,audi,nein,2016-03-22 00:00:00,0,94036,2016-04-06 12:15:49
350009,2016-03-15 20:58:24,Renault_Megane_1.4_Expression,privat,Angebot,2250,test,limousine,2003,manuell,98,megane,125000,4,benzin,renault,nein,2016-03-15 00:00:00,0,54294,2016-04-07 04:46:50
312850,2016-03-24 12:54:55,Suche_Auto_auf_Ratenzahlung,privat,Angebot,0,test,kombi,1995,,100,,150000,3,diesel,volkswagen,,2016-03-24 00:00:00,0,44137,2016-04-07 03:46:48
142488,2016-03-14 15:36:22,Volkswagen_Golf_Variant_1.8_Zahnr._neu_TÜV_bis_Jan._2017,privat,Angebot,800,control,kombi,1994,manuell,0,golf,125000,9,benzin,volkswagen,nein,2016-03-14 00:00:00,0,57078,2016-04-05 20:44:59
9226,2016-03-23 17:59:20,Ford_Fiesta_Fun_1.3,privat,Angebot,2500,control,kleinwagen,2006,manuell,69,fiesta,150000,6,benzin,ford,nein,2016-03-23 00:00:00,0,35418,2016-04-05 22:18:08
95877,2016-03-20 20:42:02,Mercedes_Benz_E_240_T_Avantgarde,privat,Angebot,6700,test,kombi,2003,automatik,177,e_klasse,150000,6,benzin,mercedes_benz,nein,2016-03-20 00:00:00,0,15526,2016-04-07 04:46:58
159485,2016-03-06 16:48:14,Mazda_2_1.3_MZR_Iro,privat,Angebot,9490,test,kleinwagen,2014,manuell,75,andere,20000,11,benzin,mazda,nein,2016-03-06 00:00:00,0,95444,2016-03-30 08:15:37
288792,2016-03-21 20:41:05,sparsamer_Flitzer__8_fach_bereift__TÜV_7/17_1.4_TDI_DPF,privat,Angebot,3990,control,kleinwagen,2008,manuell,80,ibiza,125000,8,diesel,seat,nein,2016-03-21 00:00:00,0,83093,2016-03-21 20:41:05
35373,2016-04-02 14:55:43,Seat_Arosa_1.0_Select,privat,Angebot,1350,test,kleinwagen,2001,manuell,50,arosa,150000,3,benzin,seat,nein,2016-04-02 00:00:00,0,47800,2016-04-06 13:17:53
370677,2016-03-10 17:56:54,Renault_Kangoo,privat,Angebot,11950,control,bus,2012,,109,kangoo,90000,8,diesel,renault,nein,2016-03-10 00:00:00,0,13581,2016-04-05 21:18:10
256724,2016-03-22 20:38:44,Audi_A4_1.9_TDI,privat,Angebot,2300,control,limousine,2001,manuell,131,a4,150000,4,diesel,audi,ja,2016-03-22 00:00:00,0,74348,2016-03-22 20:38:44
65569,2016-03-14 12:56:03,Opel_Corsa_B_Swing_1_2_.TÜV:10_2016,privat,Angebot,499,test,kleinwagen,1995,manuell,45,corsa,150000,3,benzin,opel,,2016-03-14 00:00:00,0,59425,2016-03-16 02:44:23
169206,2016-03-21 15:50:54,Fiat_500_zu_verkaufen,privat,Angebot,9500,control,limousine,2014,manuell,703,500,30000,10,benzin,fiat,,2016-03-21 00:00:00,0,59227,2016-04-02 15:47:04
45144,2016-03-16 23:50:44,Volkswagen_Polo_1.0__6N2__Comfortline_Servo_Zentral_Euro4_,privat,Angebot,1699,test,kleinwagen,2001,manuell,50,polo,150000,3,benzin,volkswagen,nein,2016-03-16 00:00:00,0,68161,2016-03-19 06:18:14
362967,2016-03-22 19:52:30,Nissan_Almera,privat,Angebot,150,test,,2000,,0,almera,150000,7,benzin,nissan,,2016-03-22 00:00:00,0,17213,2016-03-22 19:52:30
225508,2016-03-16 21:58:40,BMW_520i_touring,privat,Angebot,699,control,kombi,1994,manuell,150,5er,150000,12,benzin,bmw,ja,2016-03-16 00:00:00,0,40489,2016-03-17 00:40:46
81204,2016-03-26 12:48:31,MINI_Cooper_Midnight_Black_Winter_&Sommerreifen+Felge,privat,Angebot,13990,control,kleinwagen,2012,manuell,122,cooper,20000,1,benzin,mini,nein,2016-03-25 00:00:00,0,60435,2016-04-05 18:45:44
95616,2016-03-12 16:51:11,Smart_gesucht,privat,Angebot,4000,control,,2018,automatik,0,fortwo,90000,0,benzin,smart,nein,2016-03-12 00:00:00,0,25421,2016-03-14 09:15:40
883,2016-03-19 13:43:42,Honda_Civic_1.4i_S_Cool,privat,Angebot,1500,test,limousine,2001,manuell,90,civic,150000,6,benzin,honda,nein,2016-03-19 00:00:00,0,79618,2016-03-27 01:45:14
190557,2016-03-11 14:54:49,Renault_Twingo_1.2_mit_TÜV_und_Euro_3,privat,Angebot,180,control,,2016,manuell,58,twingo,150000,4,benzin,renault,nein,2016-03-11 00:00:00,0,1109,2016-03-12 19:45:35
235671,2016-03-18 22:22:49,BMW_BMW_X5_4_4i_286PS/LPG_BRC_Anlage_Tuev_07/2017,privat,Angebot,4900,test,limousine,2001,automatik,286,x_reihe,150000,10,lpg,bmw,ja,2016-03-18 00:00:00,0,53547,2016-04-06 13:16:01
317133,2016-03-08 14:46:21,VW_Polo_nur_45TKM__5_Tuerer__Klima__Scheckheft__1.2_9N__silber_met,privat,Angebot,3950,test,kleinwagen,2003,manuell,54,polo,50000,10,benzin,volkswagen,nein,2016-03-08 00:00:00,0,27243,2016-03-17 07:17:50
332966,2016-03-05 19:46:37,Audi_TT_Roadster_1.8_T_*XENON*TÜV_NEU*FEINNAPPA,privat,Angebot,5500,test,cabrio,2003,manuell,150,tt,150000,8,benzin,audi,nein,2016-03-05 00:00:00,0,90469,2016-03-17 21:18:17
68658,2016-03-25 13:50:44,Golf_VII_R_DSG_4_Motion_Leasinguebernahme,privat,Angebot,500,test,,2017,automatik,300,golf,30000,12,benzin,volkswagen,,2016-03-25 00:00:00,0,21129,2016-03-30 03:46:15
116750,2016-03-19 13:54:26,BMW_120d_DPF_Automatik_E87,privat,Angebot,5500,test,coupe,2005,automatik,163,1er,150000,10,diesel,bmw,nein,2016-03-19 00:00:00,0,95519,2016-03-27 03:44:17
150284,2016-03-19 14:56:46,2_ford_ka`s_zu_verkaufen,privat,Angebot,300,test,,2000,,0,ka,100000,0,benzin,ford,ja,2016-03-19 00:00:00,0,63128,2016-04-06 22:45:50
242424,2016-03-30 13:55:06,Audi_A3_2.0_FSI_BOSE_XENON_Navi_MP3_Schiebedach,privat,Angebot,4999,test,limousine,2003,manuell,150,a3,150000,8,benzin,audi,nein,2016-03-30 00:00:00,0,30165,2016-03-30 14:41:48
311556,2016-03-10 16:48:03,Hallo_Suche_SL_500_65_AMG__230__ab__BJ_2001_______2008,privat,Angebot,1,control,cabrio,2001,,0,sl,150000,1,,mercedes_benz,,2016-03-10 00:00:00,0,17291,2016-03-11 17:15:36
272253,2016-03-26 10:51:47,BMW_E30_325i_3_tuerig_Projekt,privat,Angebot,2300,test,,1990,manuell,170,3er,150000,3,benzin,bmw,ja,2016-03-26 00:00:00,0,38855,2016-03-26 10:51:47
95893,2016-03-23 15:47:11,*FIAT_PUNTO_188_IN_SCHWARZ*,privat,Angebot,950,test,kleinwagen,2002,manuell,60,punto,20000,8,benzin,fiat,,2016-03-23 00:00:00,0,45549,2016-03-23 15:47:11
365981,2016-03-07 12:57:45,Mazda_Demio_1.4_Comfort,privat,Angebot,950,test,bus,2001,manuell,63,andere,150000,2,benzin,mazda,nein,2016-03-07 00:00:00,0,89551,2016-03-07 16:46:36
47980,2016-03-22 15:48:06,Audi_A4_B5_2_6l_V6,privat,Angebot,1800,control,limousine,1996,manuell,150,a4,150000,7,benzin,audi,nein,2016-03-22 00:00:00,0,12355,2016-03-28 05:46:32
354488,2016-03-08 21:56:51,Seat_Alhambra_1.9_TDI,privat,Angebot,1990,control,bus,2001,manuell,116,alhambra,150000,8,diesel,seat,nein,2016-03-08 00:00:00,0,44145,2016-03-24 08:16:45
62105,2016-04-01 20:25:20,Smart_smart_forfour_pulse,privat,Angebot,2650,control,kleinwagen,2004,manuell,75,forfour,80000,12,benzin,smart,nein,2016-04-01 00:00:00,0,56377,2016-04-05 12:47:05
334160,2016-03-11 19:49:19,Peugeot_207_CC_120_VTi_Sport,privat,Angebot,4800,test,cabrio,2008,manuell,120,2_reihe,150000,4,benzin,peugeot,nein,2016-03-11 00:00:00,0,66540,2016-03-13 01:16:26
150236,2016-03-24 13:49:46,Fiat_Seicento_s_0.9_39PS_TÜV_6/2016,privat,Angebot,399,control,kleinwagen,1998,manuell,39,seicento,150000,4,benzin,fiat,nein,2016-03-24 00:00:00,0,12487,2016-04-06 06:46:07
70032,2016-03-23 22:52:13,Peugeot_206_75_Petit_Filou,privat,Angebot,3489,test,kleinwagen,2007,manuell,75,2_reihe,60000,7,benzin,peugeot,nein,2016-03-23 00:00:00,0,36404,2016-04-06 13:17:21
263157,2016-03-15 17:36:56,MINI_John_Cooper_Works__Tuningkit_No._S3455_,privat,Angebot,6199,control,kleinwagen,2003,manuell,223,cooper,150000,11,benzin,mini,nein,2016-03-15 00:00:00,0,67157,2016-03-17 12:45:41
365783,2016-04-02 14:39:32,Renault_Laguna_1_9_TDCI_zu_verkaufen_an_Bastler,privat,Angebot,499,test,kombi,2002,manuell,0,laguna,150000,5,diesel,renault,nein,2016-04-02 00:00:00,0,31675,2016-04-04 11:46:47
260126,2016-03-07 21:55:14,"Audi_Audi_A5_3.0_TDI_Coupe_NAVI__B&O__20""__Leder",privat,Angebot,17950,control,coupe,2009,manuell,239,a5,150000,9,diesel,audi,nein,2016-03-07 00:00:00,0,75382,2016-04-06 10:46:29
177544,2016-03-10 11:48:44,Suzuki_Swift_1.3,privat,Angebot,4950,test,kleinwagen,2009,manuell,0,swift,100000,5,benzin,suzuki,nein,2016-03-10 00:00:00,0,31558,2016-04-07 02:44:36
29401,2016-03-14 11:58:48,Audi_A6_3.0_TDI_DPF_multitronic_NAVI&STANDHEIZUNG...,privat,Angebot,31990,test,limousine,2012,automatik,204,a6,60000,7,diesel,audi,nein,2016-03-14 00:00:00,0,72406,2016-04-05 11:50:49
240228,2016-03-29 11:55:12,Mercedes_B_Klasse_B_200_1_Hand_Top_Zustand,privat,Angebot,6500,test,,2016,manuell,136,b_klasse,125000,10,benzin,mercedes_benz,nein,2016-03-29 00:00:00,0,28719,2016-04-03 20:17:47
45795,2016-03-21 07:37:08,Bmw_320_ci,privat,Angebot,2500,control,limousine,2002,automatik,150,3er,80000,0,benzin,bmw,nein,2016-03-21 00:00:00,0,66869,2016-03-23 20:15:59
4144,2016-03-30 10:57:36,Subaru_Forester_2.0_BOSE__PANORAMA__SITZHEIZ.__TEMPOMAT,privat,Angebot,7200,test,kombi,2006,automatik,158,forester,150000,11,benzin,subaru,nein,2016-03-30 00:00:00,0,31515,2016-04-07 02:17:33
248823,2016-03-26 17:42:55,Smart_smart_fortwo_coupe_softouch_passion_micro_hy...,privat,Angebot,5250,control,kleinwagen,2010,automatik,71,fortwo,70000,5,benzin,smart,nein,2016-03-26 00:00:00,0,21723,2016-03-28 06:17:21
53550,2016-03-11 19:46:23,Opel_Vectra,privat,Angebot,300,test,kombi,2000,manuell,116,vectra,150000,0,,opel,,2016-03-11 00:00:00,0,86473,2016-03-26 13:15:51
1685,2016-03-05 18:45:08,Volkswagen_Polo_1.9_TDI_Sportline_Motor_Turbo_90000km,privat,Angebot,3699,test,kleinwagen,2005,manuell,131,polo,150000,12,diesel,volkswagen,nein,2016-03-05 00:00:00,0,70372,2016-03-12 17:45:13
232968,2016-03-23 18:44:25,Audi_A4_1.9_TDI_S_Line,privat,Angebot,4990,test,limousine,2004,manuell,131,a4,150000,5,diesel,audi,nein,2016-03-23 00:00:00,0,81247,2016-03-31 06:16:47
226005,2016-03-20 20:46:06,Bmw_E30_325e,privat,Angebot,1700,test,coupe,1985,manuell,122,3er,150000,6,benzin,bmw,nein,2016-03-20 00:00:00,0,85716,2016-04-07 05:16:57
96389,2016-03-10 18:50:32,BMW_318i_E36_TÜV,privat,Angebot,400,test,,2016,manuell,116,3er,150000,0,,bmw,ja,2016-03-10 00:00:00,0,48607,2016-03-13 00:46:04
302962,2016-04-03 14:53:33,VW_Polo_mit_Zubehoer_zu_verkaufen,privat,Angebot,450,test,kleinwagen,1997,manuell,0,polo,150000,9,benzin,volkswagen,,2016-04-03 00:00:00,0,57562,2016-04-06 21:45:17
70921,2016-03-23 00:58:10,Opel_Astra_Twin_Top_1.8,privat,Angebot,7200,test,cabrio,2007,manuell,140,astra,90000,7,benzin,opel,nein,2016-03-22 00:00:00,0,92224,2016-03-27 11:15:58
180902,2016-03-12 11:37:37,Golf_Highline_Diesel_PD_4motion,privat,Angebot,1900,test,limousine,2003,manuell,0,golf,150000,10,diesel,volkswagen,,2016-03-12 00:00:00,0,51065,2016-03-12 11:37:37
157872,2016-03-24 19:56:48,BMW_BMW_318dA_Touring_Ed._Excl.__Navi+__Leder__Xenon,privat,Angebot,13800,control,kombi,2012,automatik,143,3er,150000,1,diesel,bmw,nein,2016-03-24 00:00:00,0,21698,2016-03-24 20:40:54
256779,2016-03-20 16:50:22,Daihatsu_Sirion_1.3__Klima__A1_Euro_Garantie_bis_zum_05.08.2016,privat,Angebot,2800,test,kleinwagen,2005,manuell,87,sirion,125000,3,benzin,daihatsu,nein,2016-03-20 00:00:00,0,19077,2016-04-06 22:45:40
223207,2016-04-04 12:31:40,VW_Corrado_2.9_VR6_RSR_Breitbau_Einzelstueck_Showcar,privat,Angebot,8999,control,coupe,1995,manuell,200,andere,125000,10,benzin,volkswagen,nein,2016-04-04 00:00:00,0,56154,2016-04-06 13:18:02
174491,2016-03-08 19:54:58,Verkaufe_mein_Golf_V_1_4,privat,Angebot,5300,test,kleinwagen,2006,manuell,75,golf,150000,4,benzin,volkswagen,,2016-03-08 00:00:00,0,44359,2016-03-11 17:15:30
164520,2016-03-27 22:49:42,Mercedez_V_220_CDI,privat,Angebot,3000,test,bus,2001,automatik,0,vito,150000,8,diesel,mercedes_benz,nein,2016-03-27 00:00:00,0,12059,2016-04-05 22:17:26
369247,2016-04-03 18:54:26,Volvo_850_GLE,privat,Angebot,600,control,kombi,1992,manuell,140,850,150000,12,benzin,volvo,nein,2016-04-03 00:00:00,0,88048,2016-04-05 19:19:19
288528,2016-03-11 14:47:29,Audi_A6_2.7_TDI_DPF_S__Line,privat,Angebot,9950,control,limousine,2007,manuell,179,a6,150000,3,diesel,audi,nein,2016-03-11 00:00:00,0,90459,2016-03-24 18:46:18
299234,2016-03-12 16:53:00,Chevrolet_Matiz_0.8_S,privat,Angebot,1750,control,kleinwagen,2007,manuell,52,matiz,90000,7,benzin,chevrolet,nein,2016-03-12 00:00:00,0,37434,2016-03-17 19:45:03
240283,2016-03-22 10:47:52,BMW__e32__730i__R6__Youngtimer_Diamant_schwarz,privat,Angebot,1450,control,limousine,1992,automatik,188,7er,150000,4,benzin,bmw,ja,2016-03-22 00:00:00,0,26670,2016-03-29 13:17:09
30395,2016-03-24 09:50:32,Vw_Golf_5_1_9_TDI_DSG,privat,Angebot,3700,control,limousine,2004,automatik,102,,150000,6,diesel,volkswagen,,2016-03-24 00:00:00,0,12099,2016-03-24 09:50:32
182863,2016-03-10 18:50:27,5Tuerig_mit_Klima_Servo_Zentral_funk__4xElek.FH_Euro3_Alu_Tuev.2017,privat,Angebot,1499,control,kleinwagen,2002,manuell,98,3_reihe,150000,1,benzin,mazda,nein,2016-03-10 00:00:00,0,60435,2016-03-11 19:16:59
274079,2016-03-23 08:53:54,BMW_320d_DPF_Aut.,privat,Angebot,8500,control,limousine,2005,automatik,163,3er,150000,5,diesel,bmw,nein,2016-03-23 00:00:00,0,73433,2016-03-24 15:46:18
146065,2016-03-25 15:38:39,VW_Golf_3_Tuning,privat,Angebot,2500,test,,1995,manuell,90,golf,150000,5,,volkswagen,,2016-03-25 00:00:00,0,48565,2016-04-06 19:16:07
185554,2016-03-24 08:25:24,Mazda_323__1.4_benz__Klima_sehr_gepflegt,privat,Angebot,950,control,,2016,manuell,0,,150000,6,,mazda,,2016-03-24 00:00:00,0,55257,2016-03-27 11:17:55
162607,2016-03-30 18:53:05,VW_Passat_3bg_1.9_TDI_Gruene_Plakette,privat,Angebot,4500,test,kombi,2004,manuell,130,passat,150000,4,diesel,volkswagen,nein,2016-03-30 00:00:00,0,89278,2016-04-07 10:17:03
28817,2016-03-19 22:44:53,opel_frontera_a_2_4l_cih,privat,Angebot,1199,test,suv,1994,manuell,125,andere,150000,0,benzin,opel,nein,2016-03-19 00:00:00,0,93453,2016-04-07 12:17:39
178732,2016-03-30 22:36:41,Opel_Astra_1.2,privat,Angebot,850,control,limousine,2003,manuell,75,astra,150000,6,benzin,opel,ja,2016-03-30 00:00:00,0,35576,2016-03-31 11:46:20
54504,2016-03-24 14:38:01,Volkswagen_Golf_TDI,privat,Angebot,2800,test,limousine,2006,manuell,90,golf,150000,3,diesel,volkswagen,nein,2016-03-24 00:00:00,0,90766,2016-03-24 14:38:01
12880,2016-03-24 18:47:42,Renault_Grand_Scenic_dCi_130_FAP_Luxe,privat,Angebot,9200,test,bus,2011,manuell,131,andere,125000,1,diesel,renault,nein,2016-03-24 00:00:00,0,54421,2016-04-07 12:47:03
181269,2016-03-11 00:57:49,Lupo__1_4_mit_Servo__Klima_Zv.el.Fe._usw.,privat,Angebot,1450,test,kleinwagen,2001,manuell,44,lupo,150000,12,benzin,volkswagen,nein,2016-03-10 00:00:00,0,12587,2016-03-26 13:45:07
85618,2016-03-20 20:36:59,Audi_A3_1.9_TDI,privat,Angebot,1280,test,kleinwagen,1999,manuell,90,a3,150000,3,diesel,audi,nein,2016-03-20 00:00:00,0,86609,2016-04-07 06:45:01
271797,2016-03-08 07:56:17,Bmw_e46_coupe_318ci,privat,Angebot,2200,test,coupe,2000,manuell,118,3er,150000,10,benzin,bmw,,2016-03-08 00:00:00,0,85057,2016-03-17 10:17:22
273519,2016-04-06 22:36:38,BMW_530d_Touring_Insp_Neu,privat,Angebot,3900,test,kombi,2002,manuell,193,5er,150000,4,diesel,bmw,nein,2016-04-06 00:00:00,0,76761,2016-04-06 22:36:38
11409,2016-03-22 11:57:45,Citroen_Xsara_Picasso_2_0_automatik,privat,Angebot,2400,control,bus,2003,automatik,136,andere,150000,6,benzin,citroen,nein,2016-03-22 00:00:00,0,33609,2016-04-06 00:16:22
348775,2016-03-08 01:57:25,Mercedes_Benz_CLK200_vollaustanung,privat,Angebot,6000,control,cabrio,2004,manuell,170,,150000,10,,mercedes_benz,,2016-03-08 00:00:00,0,47137,2016-03-12 22:17:41
215961,2016-03-11 17:56:10,Golf_IV__4__TDI___101_PS_an_Bastler,privat,Angebot,500,control,limousine,2003,manuell,101,golf,150000,0,diesel,volkswagen,,2016-03-11 00:00:00,0,33332,2016-03-11 17:56:10
192193,2016-04-03 23:06:22,Peugeot_307_HDi_SW_135_Sport,privat,Angebot,2000,control,kombi,2005,manuell,136,3_reihe,150000,11,diesel,peugeot,nein,2016-04-03 00:00:00,0,35789,2016-04-04 19:38:22
55393,2016-03-14 13:58:07,Renault_Twingo_Unfallfahrzeug_mit_Sonnendach,privat,Angebot,600,test,kleinwagen,2001,manuell,58,twingo,70000,0,,renault,ja,2016-03-14 00:00:00,0,45665,2016-03-26 07:45:20
78454,2016-04-03 20:43:45,Volkswagen_Golf_1.4_Edition,privat,Angebot,1450,test,limousine,2001,manuell,75,golf,150000,3,benzin,volkswagen,nein,2016-04-03 00:00:00,0,94099,2016-04-05 21:17:14
114901,2016-03-31 18:44:08,Jetta_2_coupe,privat,Angebot,1000,control,,1995,,0,jetta,150000,0,,volkswagen,,2016-03-31 00:00:00,0,15732,2016-04-06 12:16:56
330593,2016-03-15 21:50:27,Audi_TT_Roadster_1.8_T_S___Line_Cabrio_2005_TOP,privat,Angebot,7950,control,cabrio,2005,manuell,150,tt,150000,6,benzin,audi,nein,2016-03-15 00:00:00,0,56075,2016-04-07 04:44:23
152582,2016-03-13 18:38:17,Peugeot_206cc_Platinum_TÜV_NEU!!,privat,Angebot,2999,test,cabrio,2003,manuell,109,,150000,1,benzin,peugeot,,2016-03-13 00:00:00,0,80807,2016-03-21 17:46:52
76080,2016-03-21 00:57:23,Fiat_Punto_55_S_mit_TÜV_123000km,privat,Angebot,599,test,,1998,manuell,0,punto,125000,2,benzin,fiat,nein,2016-03-21 00:00:00,0,24306,2016-04-06 00:17:08
305855,2016-03-05 14:57:42,BMW_318i,privat,Angebot,899,control,limousine,1995,manuell,116,3er,150000,4,benzin,bmw,nein,2016-03-05 00:00:00,0,91635,2016-04-07 05:46:15
116434,2016-03-20 12:50:55,Renault_Scenic_1.6_16V__gruen_metallic__AHK__Automatik,privat,Angebot,1499,test,bus,2001,automatik,107,scenic,125000,11,benzin,renault,nein,2016-03-20 00:00:00,0,1157,2016-03-20 12:50:55
128751,2016-03-21 12:50:36,Volkswagen_Caravelle_T4_7DK_2R3_Autm.,privat,Angebot,6900,control,bus,1999,automatik,116,transporter,150000,9,benzin,volkswagen,nein,2016-03-21 00:00:00,0,22179,2016-04-06 07:45:33
309948,2016-03-17 20:39:56,Mercedes_Benz_E_320_Cabrio__top_gepflegt__Florida_Fahrzeug,privat,Angebot,17500,control,cabrio,1994,automatik,220,e_klasse,150000,7,benzin,mercedes_benz,nein,2016-03-17 00:00:00,0,49740,2016-04-01 12:45:09
219154,2016-03-08 09:55:48,Fiat_Stilo_1.2_16V_Klimaautomatik_63000Km_gepflegt__Scheckheft,privat,Angebot,1850,control,limousine,2002,manuell,80,stilo,70000,5,benzin,fiat,nein,2016-03-08 00:00:00,0,21129,2016-03-09 07:15:59
114436,2016-03-20 08:54:40,Golf_IV_1.8_T_20v_Turbo_zum_Schlachten,privat,Angebot,999,test,,2000,manuell,150,golf,150000,0,,volkswagen,,2016-03-20 00:00:00,0,34637,2016-04-04 04:47:44
104335,2016-03-14 19:58:30,Seat_Ibiza_SC_1.4_16V_Reference,privat,Angebot,7890,control,kleinwagen,2012,manuell,86,ibiza,50000,10,benzin,seat,nein,2016-03-14 00:00:00,0,89079,2016-04-04 05:15:31
66051,2016-03-16 11:54:56,Renault_Clio_Campus_Extreme,privat,Angebot,3000,test,limousine,2007,manuell,75,clio,80000,4,benzin,renault,nein,2016-03-16 00:00:00,0,90427,2016-03-29 20:16:31
133645,2016-03-06 18:49:05,FORD_Focus_1.6_l__101_PS_Unfallfrei,privat,Angebot,1100,control,kombi,2004,manuell,0,focus,150000,1,benzin,ford,nein,2016-03-06 00:00:00,0,36287,2016-03-11 23:44:25
315847,2016-03-19 16:54:18,Opel_Corsa_1.2_16V__5_Tuerer_TÜV_6/17_Klima_Zv_Servo,privat,Angebot,850,test,kleinwagen,2000,manuell,65,corsa,150000,7,benzin,opel,nein,2016-03-19 00:00:00,0,23556,2016-03-20 19:16:38
280172,2016-03-20 17:50:51,Verk._Golf4_1_6_Tuev_08/2017,privat,Angebot,1299,test,,2017,automatik,100,golf,150000,0,,volkswagen,nein,2016-03-20 00:00:00,0,84385,2016-04-04 22:16:56
244161,2016-03-08 19:56:59,Opel_Insignia_2.0_CDTI_Cosmo_ECO_TEC_2.0_Liter_TDCI,privat,Angebot,8600,test,limousine,2011,manuell,160,insignia,70000,2,diesel,opel,ja,2016-03-08 00:00:00,0,64625,2016-03-29 10:16:04
309167,2016-03-31 20:53:32,BMW_316i_compact_..Individual.._Klima__Sitzheitzung_,privat,Angebot,999,test,limousine,1998,manuell,102,3er,150000,7,benzin,bmw,nein,2016-03-31 00:00:00,0,12099,2016-03-31 20:53:32
291320,2016-03-17 21:38:21,Volkswagen_Multivan_DPF_United,privat,Angebot,21000,test,bus,2009,manuell,174,transporter,150000,6,diesel,volkswagen,nein,2016-03-17 00:00:00,0,23816,2016-04-05 08:45:05
97795,2016-03-16 08:57:08,GOLF_3_Ein_top_Auto_fuer_jedermann!!_:_,privat,Angebot,800,test,limousine,1995,manuell,75,golf,125000,7,benzin,volkswagen,nein,2016-03-16 00:00:00,0,72336,2016-04-06 01:45:02
135663,2016-03-30 14:57:12,Mazda_3_b.j_2005,privat,Angebot,1300,control,,2017,manuell,109,3_reihe,150000,10,,mazda,,2016-03-30 00:00:00,0,76646,2016-03-30 15:42:46
149440,2016-03-10 19:57:08,Volkswagen_Touareg_5.0_V10_TDI_Automatik_Luft__man._Sperren,privat,Angebot,5800,control,suv,2003,automatik,313,touareg,150000,9,diesel,volkswagen,nein,2016-03-10 00:00:00,0,44797,2016-03-11 20:47:10
247133,2016-03-16 09:47:39,Toyota_RAV_4_D_4D_4x4,privat,Angebot,5500,test,suv,2003,manuell,116,rav,125000,10,diesel,toyota,nein,2016-03-16 00:00:00,0,40595,2016-03-17 07:47:51
107622,2016-03-23 19:38:59,Fiat_Doblo_1.2_ELX_Guter_Zustand_TÜV_NEU,privat,Angebot,1500,control,bus,2001,manuell,65,doblo,150000,7,benzin,fiat,nein,2016-03-23 00:00:00,0,52068,2016-03-25 03:45:23
169719,2016-03-21 22:38:19,Daewoo_Kalos_1.4_SX_LPG,privat,Angebot,850,control,kleinwagen,2004,manuell,94,kalos,150000,12,lpg,daewoo,nein,2016-03-21 00:00:00,0,48527,2016-04-01 07:48:12
78735,2016-03-24 14:49:38,Audi_A6_Avant_2.4,privat,Angebot,2100,test,kombi,1998,manuell,165,a6,150000,11,benzin,audi,nein,2016-03-24 00:00:00,0,86833,2016-04-07 06:45:18
303246,2016-03-27 15:46:54,Peugeot_Partner,privat,Angebot,1800,control,,2017,manuell,75,andere,150000,0,benzin,peugeot,,2016-03-27 00:00:00,0,1619,2016-04-07 13:16:43
298691,2016-03-05 22:36:41,VW_Polo_1.2_Rentnerfahrzeug_!!_Nachweisbar_1_Hand_top_Zustand,privat,Angebot,2750,control,kleinwagen,2002,manuell,64,polo,150000,6,benzin,volkswagen,nein,2016-03-05 00:00:00,0,74821,2016-03-07 16:16:42
3185,2016-03-05 22:56:16,Nissan_Almera_Tino_1_8_Benzin,privat,Angebot,5289,control,andere,2003,manuell,0,almera,70000,0,benzin,nissan,nein,2016-03-05 00:00:00,0,86161,2016-04-05 13:46:08
290620,2016-03-05 16:50:06,Opel_Corsa_1.0_12V_Comfort,privat,Angebot,1150,control,kleinwagen,2001,manuell,58,corsa,150000,11,benzin,opel,nein,2016-03-05 00:00:00,0,79110,2016-04-07 12:17:29
78011,2016-03-17 00:59:51,Peugeot_3008_Platinum_2.0_HDi_FAP_150_Xenon/Panoramadach,privat,Angebot,14500,test,bus,2011,manuell,150,3_reihe,70000,6,diesel,peugeot,nein,2016-03-16 00:00:00,0,69488,2016-03-17 07:47:05
65637,2016-03-26 12:56:32,Mazda_6__2.5_Kombi_SKYACTIV_G_Sports_Line,privat,Angebot,24999,control,kombi,2015,automatik,192,6_reihe,20000,2,benzin,mazda,nein,2016-03-26 00:00:00,0,44339,2016-04-06 00:45:24
33486,2016-03-25 18:38:00,Verkaufe_e39_520i_mit_Verschleiss_Maengeln,privat,Angebot,1100,test,limousine,1996,manuell,150,5er,150000,10,benzin,bmw,nein,2016-03-25 00:00:00,0,27313,2016-04-07 00:16:03
245226,2016-03-08 12:45:51,Mercedes_Benz_C_180_Esprit,privat,Angebot,850,test,limousine,1998,manuell,122,c_klasse,150000,2,benzin,mercedes_benz,nein,2016-03-08 00:00:00,0,88353,2016-03-12 05:16:47
10148,2016-03-14 20:06:19,Opel_zafira_2999€,privat,Angebot,2599,control,,2016,manuell,1779,zafira,150000,0,benzin,opel,nein,2016-03-14 00:00:00,0,60326,2016-04-07 09:45:27
199833,2016-04-04 22:48:02,BMW_320d,privat,Angebot,2550,test,limousine,2001,manuell,136,3er,150000,6,diesel,bmw,nein,2016-04-04 00:00:00,0,37154,2016-04-04 22:48:02
18516,2016-03-26 13:39:51,Volkswagen_Polo_Edition,privat,Angebot,700,control,kleinwagen,2001,manuell,60,polo,150000,3,benzin,volkswagen,ja,2016-03-26 00:00:00,0,88250,2016-03-26 13:39:51
183295,2016-03-31 09:36:43,Seat_Ibiza_6k,privat,Angebot,500,control,kleinwagen,1998,manuell,60,ibiza,100000,3,benzin,seat,nein,2016-03-31 00:00:00,0,34346,2016-04-06 03:44:31
150831,2016-03-05 14:09:42,Opel_Corsa_1_4l,privat,Angebot,6800,test,kleinwagen,2011,manuell,101,corsa,70000,8,benzin,opel,nein,2016-03-03 00:00:00,0,65183,2016-03-17 18:17:17
293875,2016-03-07 05:41:48,Citroen_saxo_tuev_10_16_automatik_bedingt_fahrbereit_._....,privat,Angebot,199,test,,2016,automatik,55,,150000,0,,citroen,nein,2016-03-06 00:00:00,0,10405,2016-03-17 20:18:23
4052,2016-03-29 00:57:16,Seat_Leon_1.4_TSI_ACT_Start&Stop_DSG,privat,Angebot,19990,test,limousine,2014,automatik,150,leon,40000,8,benzin,seat,nein,2016-03-29 00:00:00,0,59469,2016-04-05 14:47:30
180191,2016-03-10 15:58:55,Liebhaber_fuer_dieses_tolle_Auto,privat,Angebot,500,test,limousine,1992,manuell,73,r19,150000,4,benzin,renault,ja,2016-03-10 00:00:00,0,21365,2016-04-06 04:17:44
339913,2016-03-10 16:06:19,BMW_318ti,privat,Angebot,1000,test,coupe,1996,manuell,140,3er,150000,6,benzin,bmw,nein,2016-03-10 00:00:00,0,65795,2016-03-17 11:18:43
66214,2016-03-22 23:58:05,Ford_Focus_Turnier__Diesel,privat,Angebot,850,test,kombi,2003,manuell,115,focus,150000,3,diesel,ford,ja,2016-03-22 00:00:00,0,92545,2016-03-23 07:47:30
306502,2016-04-03 13:40:59,Skoda_Fabia_1.9_TDI_RS,privat,Angebot,6750,control,kleinwagen,2007,manuell,131,fabia,125000,1,diesel,skoda,nein,2016-04-03 00:00:00,0,90471,2016-04-05 12:18:52
49139,2016-03-23 12:55:54,Ford_Fiesta_Tuev_bis_07.2017...FAHRBEREIT,privat,Angebot,500,control,kleinwagen,1994,manuell,60,fiesta,60000,3,,ford,ja,2016-03-23 00:00:00,0,27637,2016-03-26 05:44:50
219585,2016-03-30 13:58:57,Volkswagen_Scirocco_2.0_TSI_DSG,privat,Angebot,14500,test,coupe,2011,automatik,211,scirocco,100000,4,benzin,volkswagen,nein,2016-03-30 00:00:00,0,89073,2016-04-07 04:44:59
289859,2016-03-29 20:53:42,Golf_4_rot_bj_1998__75_PS__Kuehlwasserverlust/Kopfdichtung,privat,Angebot,999,test,,2017,manuell,0,golf,150000,10,benzin,volkswagen,,2016-03-29 00:00:00,0,23911,2016-03-31 14:45:49
132178,2016-03-10 21:37:03,Audi_4___2_0_FSI_Quattro,privat,Angebot,3899,control,limousine,2005,manuell,200,a4,150000,7,benzin,audi,ja,2016-03-10 00:00:00,0,71120,2016-03-12 14:46:26
268394,2016-03-20 10:58:18,Audi_A4_2_4_V6_quattro_TÜV_neu_Ahk,privat,Angebot,1999,control,limousine,1999,manuell,165,a4,150000,3,benzin,audi,,2016-03-20 00:00:00,0,22049,2016-04-06 08:46:40
163311,2016-03-10 01:58:03,Ford_Fiesta_1.25_1.Hand_Klima_Bluetooth_USB_AUX,privat,Angebot,7200,test,kleinwagen,2012,manuell,82,fiesta,50000,5,benzin,ford,nein,2016-03-10 00:00:00,0,38112,2016-03-15 13:17:41
259520,2016-03-23 13:39:27,Citroën_C4_Grand_Picasso_2.0L_HDi_135PS_7_Sitze|Aut.|AHK,privat,Angebot,6200,test,bus,2008,automatik,136,c4,150000,1,diesel,citroen,nein,2016-03-23 00:00:00,0,9661,2016-04-05 13:45:35
320366,2016-03-27 11:49:18,SMART_PULSE_COUPE_SOFT_TOUCH__UNFALLFREI_ERSTBESITZER,privat,Angebot,4300,test,kleinwagen,2008,manuell,71,fortwo,40000,12,benzin,smart,nein,2016-03-27 00:00:00,0,50226,2016-03-29 00:17:37
27543,2016-04-02 12:55:31,Laguna_Grandtour_2_GT_2.0T_Standheizung,privat,Angebot,4699,test,kombi,2006,manuell,204,laguna,150000,0,benzin,renault,nein,2016-04-02 00:00:00,0,28779,2016-04-06 11:15:23
213073,2016-03-23 16:48:26,BMW_318i,privat,Angebot,6900,test,cabrio,1993,manuell,113,3er,150000,5,benzin,bmw,nein,2016-03-23 00:00:00,0,67551,2016-04-05 20:44:36
342967,2016-03-22 17:43:30,Volkswagen_Passat_Variant_2.0_TDI_DSG_BlueMotion_Technology,privat,Angebot,12500,control,kombi,2012,automatik,170,passat,150000,10,diesel,volkswagen,nein,2016-03-22 00:00:00,0,63739,2016-04-06 08:17:50
293055,2016-03-11 17:56:48,BMW_316i_coupe,privat,Angebot,950,control,coupe,1994,manuell,105,3er,150000,8,benzin,bmw,,2016-03-11 00:00:00,0,60598,2016-04-06 15:15:21
227753,2016-03-26 14:38:37,Audi_a3_1.8_nur_heute_300€,privat,Angebot,300,control,coupe,1996,manuell,125,a3,150000,12,benzin,audi,,2016-03-26 00:00:00,0,71254,2016-03-26 14:38:37
176673,2016-03-08 01:52:00,Verkaufe_VW_Lupo,privat,Angebot,450,control,kleinwagen,1998,manuell,50,lupo,150000,3,benzin,volkswagen,ja,2016-03-07 00:00:00,0,44892,2016-04-07 11:45:30
327685,2016-03-12 19:55:45,Audi_A3_8L_exklusiv_raritaet_Ambientausstattung_Original_34.000_KM,privat,Angebot,6000,test,kleinwagen,2001,automatik,102,a3,40000,2,benzin,audi,nein,2016-03-12 00:00:00,0,30455,2016-03-12 20:40:28
326569,2016-03-23 15:45:52,Kia_Magentis_Zahnriemen_gerissen,privat,Angebot,250,test,limousine,2002,manuell,0,,150000,0,lpg,kia,ja,2016-03-23 00:00:00,0,52349,2016-03-26 08:45:02
302005,2016-03-17 14:55:46,Renault_Megane___TÜV_neu__Scheckheftgepflegt,privat,Angebot,4800,control,limousine,2006,manuell,112,megane,70000,4,benzin,renault,nein,2016-03-17 00:00:00,0,30455,2016-04-07 07:45:01
169139,2016-03-19 11:48:03,"VW_Passat_1.9TDI__131PS__18""Zoll_Klimaautomatik___EURO3_",privat,Angebot,2750,test,kombi,2002,manuell,131,passat,150000,12,diesel,volkswagen,nein,2016-03-19 00:00:00,0,96242,2016-04-06 14:46:26
11528,2016-03-25 20:48:04,Opel_Astra_G__1_2_l,privat,Angebot,250,control,kleinwagen,1998,manuell,65,astra,150000,10,benzin,opel,ja,2016-03-25 00:00:00,0,84085,2016-03-27 09:17:53
57747,2016-03-27 21:57:29,VOLKSWAGEN_GOLF_5_R_LINE_SPORT/_Automatik_/Schiebedach/_Navigatio,privat,Angebot,9000,test,limousine,2008,automatik,170,golf,150000,4,diesel,volkswagen,nein,2016-03-27 00:00:00,0,40223,2016-04-05 21:15:39
249910,2016-03-08 18:49:17,Citroen_Berlingo_1_9_D_TÜV_FEB/2017,privat,Angebot,699,test,bus,1998,manuell,51,berlingo,150000,12,diesel,citroen,ja,2016-03-08 00:00:00,0,88079,2016-03-14 11:46:06
299540,2016-04-03 11:47:32,Opel_Calibra,privat,Angebot,150,control,,1995,,0,calibra,150000,8,benzin,opel,,2016-04-03 00:00:00,0,24211,2016-04-07 12:45:57
235202,2016-03-25 17:56:56,Osterschnaeppchen!!_VW_New_Beetle_Cabrio_1.8_Turbo_mit_ABT_Tunning,privat,Angebot,8500,test,cabrio,2004,manuell,193,beetle,100000,7,benzin,volkswagen,nein,2016-03-21 00:00:00,0,94469,2016-04-06 08:17:14
88640,2016-03-28 23:36:56,BMW_316ti_compact_1HAND!!!!Tuev_neu!!Xenon!,privat,Angebot,3499,test,limousine,2001,manuell,116,3er,150000,7,benzin,bmw,nein,2016-03-28 00:00:00,0,27576,2016-04-05 14:16:42
178196,2016-03-21 13:52:18,Volvo_XC90_D5__Xenon_Navi_Telefon_7___Sitzer_Voll...,privat,Angebot,10900,test,suv,2005,manuell,185,xc_reihe,125000,7,diesel,volvo,nein,2016-03-21 00:00:00,0,68163,2016-04-02 12:15:56
33837,2016-04-03 16:37:24,Biete_Dacia_Sandero,privat,Angebot,4500,control,kleinwagen,2009,manuell,75,sandero,60000,8,benzin,dacia,,2016-04-03 00:00:00,0,59929,2016-04-05 15:46:01
48209,2016-03-12 13:57:07,Ford_fiesta_**1_HAND_**,privat,Angebot,3250,control,kleinwagen,2006,manuell,69,fiesta,90000,4,benzin,ford,nein,2016-03-12 00:00:00,0,49082,2016-03-17 15:46:11
46312,2016-03-26 18:49:44,Mazda_MX_5_1.8_MZR_Roadster_Coupe,privat,Angebot,13500,test,cabrio,2011,manuell,126,mx_reihe,40000,5,benzin,mazda,nein,2016-03-26 00:00:00,0,39110,2016-04-06 08:17:18
308398,2016-03-26 10:56:37,Renault_Modus_1.2_16V_Authentique,privat,Angebot,3100,test,bus,2006,manuell,75,modus,90000,6,benzin,renault,nein,2016-03-26 00:00:00,0,54411,2016-04-02 00:19:26
263214,2016-03-13 08:48:41,Fiat_Grande_Punto_1.4_8V_Dynamic___2006___77_PS___TÜV_bis_03/2017,privat,Angebot,3050,control,kleinwagen,2006,manuell,77,punto,150000,3,benzin,fiat,nein,2016-03-13 00:00:00,0,88326,2016-03-19 12:15:34
116176,2016-03-07 14:39:11,BMW_318d_DPF,privat,Angebot,7800,control,limousine,2006,manuell,122,3er,150000,4,diesel,bmw,nein,2016-03-07 00:00:00,0,33607,2016-03-15 01:15:38
252306,2016-03-29 13:54:05,VW_Vento,privat,Angebot,550,control,andere,1998,manuell,75,,150000,0,benzin,volkswagen,ja,2016-03-29 00:00:00,0,45145,2016-03-29 14:41:31
106832,2016-03-23 15:49:08,Porsche_Cayman_S_Top_Zustand_Scheckheftgepflegt,privat,Angebot,24950,test,coupe,2006,manuell,295,andere,90000,7,benzin,porsche,nein,2016-03-23 00:00:00,0,73650,2016-03-31 02:17:35
39537,2016-03-08 13:57:43,BMW_320i_M_Paket,privat,Angebot,2700,control,coupe,1997,manuell,150,3er,150000,6,benzin,bmw,nein,2016-03-08 00:00:00,0,64732,2016-03-17 06:17:48
327441,2016-03-19 19:51:10,Volkswagen_Golf_Plus_1.6_Goal__RNS_510__Klima,privat,Angebot,4755,control,bus,2006,manuell,102,golf,150000,5,benzin,volkswagen,nein,2016-03-19 00:00:00,0,91413,2016-03-24 16:18:17
367999,2016-03-31 22:40:54,Audi_A3___1.8L,privat,Angebot,500,test,,2005,,0,,150000,0,,audi,,2016-03-31 00:00:00,0,92637,2016-04-06 18:17:47
64007,2016-03-16 19:58:09,Peugeot_206_cc,privat,Angebot,3200,test,cabrio,2004,manuell,110,2_reihe,125000,11,benzin,peugeot,nein,2016-03-16 00:00:00,0,31515,2016-03-17 18:46:15
20757,2016-04-02 05:03:49,Audi_A3_2.0_TDI_mit_TÜV,privat,Angebot,8500,control,limousine,2007,automatik,170,a3,150000,4,diesel,audi,nein,2016-04-02 00:00:00,0,45309,2016-04-06 06:44:38
40099,2016-04-03 15:46:15,Ford_Fokus_C_Max,privat,Angebot,2500,test,bus,2004,manuell,125,c_max,150000,1,benzin,ford,nein,2016-04-03 00:00:00,0,1217,2016-04-03 15:46:15
165990,2016-03-17 22:53:52,Hyundai_Getz_Top_Auto_Tuev_Sport.Sonderausstattung._Viele_Neuteile,privat,Angebot,2150,test,kleinwagen,2004,manuell,82,getz,125000,5,benzin,hyundai,nein,2016-03-17 00:00:00,0,37075,2016-03-26 09:46:52
196747,2016-03-23 07:55:19,Twingo_mit_Maengeln,privat,Angebot,199,control,,2016,,0,twingo,125000,0,,renault,ja,2016-03-23 00:00:00,0,67280,2016-04-07 08:17:09
16690,2016-03-05 20:36:56,Audi_A6_S_line,privat,Angebot,3800,control,,2016,automatik,163,a6,150000,7,diesel,audi,nein,2016-03-05 00:00:00,0,27283,2016-03-06 04:45:45
212955,2016-03-11 22:56:28,VW_Polo_9n_1.2_12V_BITTE_RICHTIG_LESEN!!!,privat,Angebot,2800,control,kleinwagen,2003,manuell,64,polo,90000,9,benzin,volkswagen,nein,2016-03-11 00:00:00,0,12619,2016-03-14 09:17:13
335105,2016-03-26 12:25:20,BMW_320i,privat,Angebot,6800,control,limousine,2005,manuell,150,3er,150000,7,benzin,bmw,nein,2016-03-26 00:00:00,0,56332,2016-03-29 23:17:32
134366,2016-03-24 13:38:36,Hyundai_ix35_2.0__163_PS_Style+,privat,Angebot,13900,control,suv,2011,manuell,163,i_reihe,70000,11,benzin,hyundai,nein,2016-03-24 00:00:00,0,33100,2016-04-07 04:45:20
127332,2016-03-22 22:58:30,Opel_Vectra_Garagnewagen_wenig_KM_Automarik,privat,Angebot,1950,control,limousine,1998,automatik,115,vectra,60000,4,benzin,opel,nein,2016-03-22 00:00:00,0,44143,2016-03-24 12:45:16
79964,2016-03-08 21:48:40,Hyundai_Getz,privat,Angebot,2900,control,kleinwagen,2008,manuell,60,getz,125000,8,benzin,hyundai,nein,2016-03-08 00:00:00,0,91634,2016-03-20 09:16:43
112902,2016-03-17 09:37:18,Alfa_Romeo_147_twin_Spark_selespeed_2.0,privat,Angebot,2100,test,limousine,2002,automatik,150,,150000,9,benzin,alfa_romeo,nein,2016-03-17 00:00:00,0,32545,2016-04-06 07:46:48
190720,2016-03-17 15:54:58,Ford_Fiesta_1.4_mit_TÜV__12._2016_Klimaanlage,privat,Angebot,1700,test,kleinwagen,2003,manuell,80,fiesta,150000,2,benzin,ford,nein,2016-03-17 00:00:00,0,44339,2016-03-19 15:45:33
335953,2016-03-16 15:50:35,Porsche_Cayenne_S_LPG_120L__TURBOUMBAU_MANSURY_22FELGE,privat,Angebot,11990,test,suv,2004,automatik,340,cayenne,150000,2,benzin,porsche,nein,2016-03-16 00:00:00,0,42281,2016-04-06 18:44:39
347662,2016-03-12 08:55:32,Ford_Transit,privat,Angebot,1250,control,bus,1998,manuell,0,transit,90000,0,diesel,ford,,2016-03-12 00:00:00,0,47647,2016-03-17 06:17:36
117034,2016-04-03 11:53:54,Porsche_944_S_2_Cabriolet,privat,Angebot,23400,control,cabrio,1991,manuell,211,andere,125000,4,benzin,porsche,nein,2016-04-03 00:00:00,0,56424,2016-04-06 17:45:13
101178,2016-04-04 17:55:03,Mercedes_Benz_CLS_350_7G_TRONIC,privat,Angebot,12499,test,limousine,2005,automatik,272,cl,150000,5,benzin,mercedes_benz,,2016-04-04 00:00:00,0,49477,2016-04-06 19:48:33
57634,2016-03-05 15:54:21,Volkswagen_Polo_1.2_Comfortline,privat,Angebot,2000,control,kleinwagen,2002,manuell,54,polo,150000,8,benzin,volkswagen,nein,2016-03-05 00:00:00,0,24361,2016-04-05 17:46:16
233904,2016-03-27 19:53:19,Chevrolet_Spark_1.2_LS+,privat,Angebot,550,control,kleinwagen,2011,manuell,82,spark,70000,2,benzin,chevrolet,ja,2016-03-27 00:00:00,0,72393,2016-03-29 10:17:58
306722,2016-03-14 12:58:11,Audi_A1_1.2_TFSI_Sportback_Attraction,privat,Angebot,16599,test,kleinwagen,2014,manuell,86,a1,20000,9,benzin,audi,nein,2016-03-14 00:00:00,0,85049,2016-04-05 13:47:26
329425,2016-03-25 17:59:13,Mercedes_Benz_E_220_CDI_DPF_BlueEFFICIENCY_Automatik,privat,Angebot,13900,test,limousine,2009,automatik,170,e_klasse,150000,6,diesel,mercedes_benz,nein,2016-03-25 00:00:00,0,81479,2016-03-27 06:16:25
97068,2016-03-10 20:55:47,Volkswagen_Polo_1.2,privat,Angebot,1600,test,kleinwagen,2002,manuell,64,polo,150000,7,benzin,volkswagen,nein,2016-03-10 00:00:00,0,79110,2016-03-11 22:46:48
141730,2016-03-17 19:43:08,A8_4.2_TDI,privat,Angebot,10800,control,limousine,2005,automatik,326,a8,150000,12,diesel,audi,nein,2016-03-17 00:00:00,0,67304,2016-03-19 19:45:30
143824,2016-03-29 11:51:22,BMW_330_Ci,privat,Angebot,2500,test,coupe,2001,manuell,231,3er,150000,3,benzin,bmw,ja,2016-03-29 00:00:00,0,93437,2016-03-29 11:51:22
108110,2016-04-03 12:51:32,Peugeot_207_VTi_Urban_Move,privat,Angebot,5800,control,kleinwagen,2009,manuell,95,2_reihe,90000,5,benzin,peugeot,nein,2016-04-03 00:00:00,0,32547,2016-04-05 11:18:40
231394,2016-03-29 17:47:11,Renault_Grand_Espace_2.2_dT,privat,Angebot,1900,control,bus,1999,manuell,113,espace,150000,6,diesel,renault,nein,2016-03-29 00:00:00,0,87544,2016-04-06 03:44:22
151066,2016-04-03 15:50:18,Mercedes_Viano_Trend,privat,Angebot,7850,test,bus,2004,automatik,109,viano,150000,6,diesel,mercedes_benz,nein,2016-04-03 00:00:00,0,64331,2016-04-05 15:16:15
345125,2016-03-31 22:51:22,Volkswagen_Touran_2.0_TDI_DPF_DSG_Highline,privat,Angebot,5150,test,bus,2008,automatik,140,touran,150000,1,diesel,volkswagen,nein,2016-03-31 00:00:00,0,78052,2016-04-06 20:16:08
200222,2016-03-22 07:54:34,BMW_320d_Kombi,privat,Angebot,3200,control,kombi,2004,manuell,150,3er,150000,7,diesel,bmw,ja,2016-03-22 00:00:00,0,33699,2016-04-05 20:16:31
275015,2016-03-25 17:54:51,Opel_Corsa_C,privat,Angebot,750,test,coupe,2002,manuell,58,corsa,150000,8,benzin,opel,,2016-03-25 00:00:00,0,58739,2016-03-25 17:54:51
298134,2016-03-26 10:49:08,Audi_A6_Avant_2.5_TDI,privat,Angebot,2999,test,kombi,2001,automatik,179,a6,150000,3,diesel,audi,nein,2016-03-26 00:00:00,0,81375,2016-03-26 10:49:08
155900,2016-03-05 21:54:30,Tausche_Passat_2.5_TDI_Kombi_AUT_gegen_gegen_Pick_up_auch_Ami,privat,Angebot,3500,test,kombi,2003,automatik,0,passat,150000,5,diesel,volkswagen,nein,2016-03-05 00:00:00,0,29525,2016-03-14 07:17:50
3479,2016-03-25 19:38:20,Renault_Kangoo,privat,Angebot,1100,test,bus,2001,manuell,80,kangoo,150000,8,diesel,renault,nein,2016-03-25 00:00:00,0,6667,2016-03-30 10:47:51
172764,2016-04-03 22:36:57,Renault_Clio___Kleinwagen__guenstig__TÜV_August_2017,privat,Angebot,600,control,kleinwagen,1998,manuell,64,clio,150000,12,benzin,renault,nein,2016-04-03 00:00:00,0,88696,2016-04-04 00:40:36
13216,2016-03-27 23:53:14,Golf_3___Bastlerfahrzeug,privat,Angebot,190,test,kleinwagen,1994,manuell,75,golf,150000,4,benzin,volkswagen,ja,2016-03-27 00:00:00,0,25774,2016-04-06 07:45:07
347597,2016-03-22 12:48:43,Opel_Meriva_1.7_Diesel_Euro_4_Gruene_Plakette,privat,Angebot,1999,control,bus,2004,manuell,101,meriva,150000,3,diesel,opel,nein,2016-03-22 00:00:00,0,38228,2016-03-22 12:48:43
281234,2016-04-01 14:47:54,Mercedes_Benz_C_180_Elegance,privat,Angebot,2500,test,limousine,1998,automatik,122,c_klasse,150000,2,benzin,mercedes_benz,nein,2016-04-01 00:00:00,0,45661,2016-04-07 11:46:44
169986,2016-03-10 22:55:40,Volkswagen_Sharan_1.9_TDI,privat,Angebot,4350,control,bus,2001,manuell,116,sharan,150000,2,diesel,volkswagen,nein,2016-03-10 00:00:00,0,70439,2016-04-05 21:16:26
17983,2016-03-31 22:38:40,Mazda_323_Sport,privat,Angebot,1900,test,limousine,1999,automatik,125,,150000,10,benzin,mazda,nein,2016-03-31 00:00:00,0,72406,2016-04-06 19:45:49
297804,2016-03-26 23:37:33,Hyundai_i20_1.2_Classic,privat,Angebot,6950,test,kleinwagen,2012,manuell,77,i_reihe,40000,9,benzin,hyundai,nein,2016-03-26 00:00:00,0,73553,2016-03-30 12:19:20
234877,2016-03-16 20:54:40,Mitsubishi_L200_Pick_Up_4x4_Magnum,privat,Angebot,3800,control,suv,1999,manuell,99,andere,150000,3,diesel,mitsubishi,ja,2016-03-16 00:00:00,0,64853,2016-03-16 20:54:40
65698,2016-04-04 14:56:59,Audi_A3_1.8_T,privat,Angebot,3650,test,limousine,1997,manuell,150,a3,150000,4,benzin,audi,nein,2016-04-04 00:00:00,0,93346,2016-04-06 16:17:51
219359,2016-03-16 00:58:36,Mercedes_C220_CDI,privat,Angebot,3900,test,kombi,2002,manuell,143,c_klasse,150000,5,diesel,mercedes_benz,nein,2016-03-15 00:00:00,0,45138,2016-03-26 13:16:19
225124,2016-03-09 19:39:36,Volkswagen_Bora_Variant_1.9_TDI_Highline__Klimaautomatik!!,privat,Angebot,2290,test,kombi,1999,manuell,116,bora,150000,12,diesel,volkswagen,nein,2016-03-09 00:00:00,0,45891,2016-03-17 23:44:54
132990,2016-03-20 13:59:43,Mercedes_Benz_E_350_T_4Matic_Automatik_Avantgarde,privat,Angebot,10990,test,kombi,2005,automatik,272,e_klasse,150000,12,benzin,mercedes_benz,nein,2016-03-20 00:00:00,0,85640,2016-04-06 15:45:48
67610,2016-03-29 10:51:48,BMW_320i_touring,privat,Angebot,5499,control,kombi,2001,manuell,170,3er,150000,11,benzin,bmw,nein,2016-03-29 00:00:00,0,66500,2016-04-05 19:46:37
127509,2016-03-20 20:46:22,Bmw_520_tuev_bis_11.2016_sehr_sauber_und_alles_1a,privat,Angebot,1300,test,limousine,2000,manuell,150,5er,5000,11,benzin,bmw,,2016-03-20 00:00:00,0,59269,2016-03-20 20:46:22
271800,2016-03-08 22:50:16,Opel_Combo_1.6,privat,Angebot,2500,test,kombi,2002,manuell,87,combo,125000,3,benzin,opel,nein,2016-03-08 00:00:00,0,45661,2016-03-17 18:18:55
55899,2016-03-17 07:57:04,Alfa_Romeo_GT_2.0_JTS_Progression_Motorschaden_Standheizung,privat,Angebot,1500,control,coupe,2004,manuell,166,andere,150000,12,benzin,alfa_romeo,ja,2016-03-17 00:00:00,0,19370,2016-03-17 09:41:06
369100,2016-04-04 08:50:54,Volkswagen_Polo_Comfortline_ZV_Funk_Klima_5Tuerig,privat,Angebot,2250,test,kleinwagen,2001,manuell,60,polo,125000,7,benzin,volkswagen,nein,2016-04-04 00:00:00,0,60388,2016-04-05 12:14:58
249013,2016-03-26 12:57:12,Sehr_gepflegte_Bmw_320i,privat,Angebot,6150,control,,2018,manuell,0,3er,125000,5,benzin,bmw,nein,2016-03-26 00:00:00,0,95615,2016-04-06 00:45:27
201050,2016-03-11 23:51:45,Opel_Corsa_1.0_TÜV_NEU,privat,Angebot,2999,test,kleinwagen,2005,manuell,55,corsa,60000,2,benzin,opel,nein,2016-03-11 00:00:00,0,95145,2016-04-05 17:22:34
45546,2016-03-08 09:53:12,Verkaufe_Renault_Megane_1.6_16v,privat,Angebot,600,control,coupe,2002,manuell,107,megane,150000,5,benzin,renault,ja,2016-03-08 00:00:00,0,67269,2016-03-10 22:45:01
288934,2016-03-05 15:58:39,Vw_Polo_6n_GTI__6n1__16v__1.6,privat,Angebot,3350,control,kleinwagen,1999,manuell,120,polo,100000,0,benzin,volkswagen,,2016-03-05 00:00:00,0,24113,2016-04-05 15:17:30
91758,2016-03-24 16:52:13,Audi_A6_2.0_TDI_Leder_Navigation_Gruene_Plakette,privat,Angebot,5990,control,limousine,2006,manuell,140,a6,150000,5,diesel,audi,nein,2016-03-24 00:00:00,0,22159,2016-03-24 16:52:13
57510,2016-03-17 16:46:17,Volkswagen_Multivan_T4_TDI_7DC_UY2,privat,Angebot,4000,test,bus,1997,manuell,102,transporter,150000,12,diesel,volkswagen,nein,2016-03-17 00:00:00,0,15537,2016-03-19 16:19:06
322289,2016-03-18 01:58:25,Opel_Movano_1.9_DTI_L1H1_Neu_Kupplung,privat,Angebot,1570,control,bus,2000,manuell,82,vivaro,150000,9,diesel,opel,,2016-03-18 00:00:00,0,22087,2016-04-03 21:15:31
205562,2016-04-01 23:38:13,Rs4_B7_limousine_Tausch_gegen_B5,privat,Angebot,20000,control,limousine,2006,manuell,420,,150000,8,benzin,audi,nein,2016-04-01 00:00:00,0,31141,2016-04-06 04:16:24
244590,2016-04-02 21:37:31,Ford_Focus_Ghia,privat,Angebot,1150,test,limousine,2000,manuell,116,focus,150000,2,benzin,ford,nein,2016-04-02 00:00:00,0,51105,2016-04-04 21:15:41
259022,2016-03-30 23:54:37,Corsa_B_1.2__ohne_TÜV__kann_auch_schlachten_Sportsitze,privat,Angebot,180,control,,2000,manuell,60,corsa,150000,5,,opel,ja,2016-03-30 00:00:00,0,52531,2016-04-06 01:16:45
205525,2016-03-17 11:52:34,Mercedes_Benz_E_55_AMG_Automatik_Gasanlage_Prinz_VSI,privat,Angebot,14888,control,limousine,2003,automatik,476,e_klasse,150000,7,benzin,mercedes_benz,nein,2016-03-17 00:00:00,0,31134,2016-04-06 13:46:04
6916,2016-03-09 16:55:54,Ford_Focus_1_4,privat,Angebot,350,test,,2005,manuell,75,focus,150000,0,,ford,ja,2016-03-09 00:00:00,0,71106,2016-03-19 19:18:17
108208,2016-03-19 09:54:55,MINI_Mini_One_Minimalism,privat,Angebot,11990,test,kleinwagen,2013,manuell,75,one,30000,4,benzin,mini,nein,2016-03-19 00:00:00,0,45731,2016-03-25 10:45:52
119628,2016-03-23 15:54:07,Toyota_Avensis_2.4_VVT_i_Combi_Executive,privat,Angebot,4999,test,kombi,2005,automatik,163,avensis,150000,8,benzin,toyota,nein,2016-03-23 00:00:00,0,24145,2016-04-05 19:48:08
149854,2016-03-11 08:53:06,Fiat_Cinquecento_an_Bastler,privat,Angebot,300,test,kleinwagen,1997,,0,andere,150000,5,benzin,fiat,,2016-03-11 00:00:00,0,33758,2016-03-13 04:46:44
229508,2016-03-15 22:39:10,SEAT_IBIZA_sparsam__gepflegt__Technik_ok._Verbr._nur_6_ltr,privat,Angebot,1900,control,kleinwagen,2003,manuell,54,ibiza,150000,5,benzin,seat,nein,2016-03-15 00:00:00,0,40625,2016-04-07 07:17:31
183928,2016-03-15 21:50:45,BMW_325i,privat,Angebot,3999,control,limousine,2001,manuell,192,3er,150000,5,benzin,bmw,nein,2016-03-15 00:00:00,0,32676,2016-04-07 07:17:34
208036,2016-03-14 23:53:53,Verkaufe_treuen_Passat_!!!,privat,Angebot,1800,control,,2017,manuell,102,passat,150000,12,,volkswagen,nein,2016-03-14 00:00:00,0,89558,2016-03-21 02:45:45
317404,2016-03-11 13:47:42,Mercedes_Benz_B200__Benzin,privat,Angebot,8500,test,limousine,2008,manuell,136,b_klasse,60000,8,benzin,mercedes_benz,nein,2016-03-11 00:00:00,0,9603,2016-04-06 08:46:09
300782,2016-03-22 10:38:34,Mercedes_Benz_E_200_T_Classic,privat,Angebot,1800,control,kombi,1997,manuell,136,e_klasse,150000,6,benzin,mercedes_benz,nein,2016-03-22 00:00:00,0,71272,2016-03-27 22:45:20
165050,2016-03-15 22:52:01,Klein_wagen,privat,Angebot,1400,control,kleinwagen,2002,manuell,0,,150000,0,benzin,opel,,2016-03-15 00:00:00,0,53115,2016-03-17 22:46:19
178392,2016-03-28 20:39:56,"Ford_Fusion_Diesel_mit_neuem_TÜV_""sehr_sparsam_nur_5_l_verbrauch""",privat,Angebot,2900,control,limousine,2004,manuell,68,fusion,125000,5,diesel,ford,nein,2016-03-28 00:00:00,0,4668,2016-04-07 02:47:00
17566,2016-03-24 12:57:42,Mercedes_Benz_G_230,privat,Angebot,13500,test,suv,1981,manuell,102,g_klasse,90000,1,,mercedes_benz,nein,2016-03-24 00:00:00,0,71640,2016-04-07 04:45:21
323584,2016-03-17 13:54:05,Ford_Mondeo_1__Ghia_Kombi,privat,Angebot,300,control,kombi,1994,manuell,136,mondeo,150000,7,benzin,ford,nein,2016-03-17 00:00:00,0,82418,2016-04-06 18:45:44
216950,2016-04-04 17:44:20,Audi_A3_1.6,privat,Angebot,600,test,limousine,1997,manuell,101,a3,150000,9,benzin,audi,ja,2016-04-04 00:00:00,0,96253,2016-04-06 19:17:40
184800,2016-03-15 18:48:20,Seat_Ibiza_1.0_MPI_Vivo,privat,Angebot,650,control,kleinwagen,1997,manuell,50,ibiza,150000,2,benzin,seat,nein,2016-03-15 00:00:00,0,58675,2016-03-19 14:17:16
173774,2016-03-11 06:37:11,Opel_Astra_Caravan_1_9_l_Diesel_150_PS,privat,Angebot,0,test,kombi,2005,manuell,150,,5000,5,,opel,,2016-03-11 00:00:00,0,26419,2016-03-11 06:37:11
168062,2016-03-23 11:55:33,Porsche_911_Cabriolet,privat,Angebot,43900,test,cabrio,1983,manuell,179,911,150000,7,benzin,porsche,nein,2016-03-23 00:00:00,0,46147,2016-04-05 11:18:17
325838,2016-04-01 21:42:33,BMW_320i_Touring_M_Fahrwerk__Navi_Prof.__18_Zoll,privat,Angebot,9990,test,kombi,2007,manuell,150,3er,125000,6,benzin,bmw,nein,2016-04-01 00:00:00,0,46562,2016-04-05 19:16:12
419,2016-03-05 15:43:56,Opel_Zafira_1.7_CDT_AHK_Regen_Lichtsensor__unfallfrei,privat,Angebot,9650,control,bus,2011,manuell,110,zafira,100000,3,diesel,opel,nein,2016-03-05 00:00:00,0,49477,2016-03-06 03:44:26
24086,2016-04-07 09:06:23,Golf_zum_ausschlachten,privat,Angebot,500,control,,2000,,0,golf,150000,12,,volkswagen,,2016-04-07 00:00:00,0,35440,2016-04-07 09:25:20
209396,2016-04-05 10:40:48,Verkaufe_Ford_Escort_Kombi,privat,Angebot,300,control,kombi,1994,manuell,75,escort,150000,11,benzin,ford,,2016-04-05 00:00:00,0,45473,2016-04-05 10:40:48
54472,2016-03-14 18:30:51,Verkaufe_vw_golf3,privat,Angebot,150,control,kleinwagen,1996,manuell,75,golf,150000,3,,volkswagen,,2016-03-14 00:00:00,0,35719,2016-03-15 17:35:08
53935,2016-03-15 10:53:35,Ford_Fiesta_Bj._2002,privat,Angebot,400,control,kleinwagen,2002,manuell,50,fiesta,150000,3,benzin,ford,nein,2016-03-15 00:00:00,0,79346,2016-03-20 12:54:21
263033,2016-03-21 15:58:09,Citroen_Berlingo_Multispace_1_4__Tuev_02.2018__1_Hand_AHK,privat,Angebot,3450,control,,2018,manuell,75,berlingo,150000,10,benzin,citroen,nein,2016-03-21 00:00:00,0,27576,2016-04-06 15:44:57
176387,2016-03-16 09:51:32,Ford_Ka_1.3_TÜV_9/2017_KLIMA_Servo_,privat,Angebot,875,test,kleinwagen,1998,manuell,60,ka,125000,7,benzin,ford,nein,2016-03-16 00:00:00,0,39128,2016-04-06 02:44:34
144288,2016-03-21 15:41:13,Sehr_gepflegter_Golf_3_1.6liter,privat,Angebot,700,control,limousine,1995,manuell,0,golf,150000,5,benzin,volkswagen,nein,2016-03-21 00:00:00,0,45770,2016-03-21 15:41:13
98867,2016-03-21 21:56:14,Renault_Megane_Grandtour_1_6_sehr_gut_erhalten__TÜV_BIS_2018,privat,Angebot,2100,control,kombi,2005,manuell,113,megane,150000,3,benzin,renault,nein,2016-03-21 00:00:00,0,34576,2016-04-03 00:47:57
161410,2016-03-23 18:56:44,Volkswagen_Golf_1.9_TDI,privat,Angebot,4200,test,limousine,2003,automatik,101,golf,125000,3,diesel,volkswagen,nein,2016-03-23 00:00:00,0,48361,2016-03-31 06:46:41
115348,2016-03-09 18:47:29,Peugeot_406_Coupe_3.0_V6,privat,Angebot,550,test,coupe,1998,manuell,190,4_reihe,150000,4,benzin,peugeot,nein,2016-03-09 00:00:00,0,58097,2016-03-10 15:17:51
335767,2016-04-01 20:36:25,Schicker_Fiat_Stilo_1_9_JTD_zu_verkaufen,privat,Angebot,1500,test,kleinwagen,2003,manuell,115,stilo,150000,4,diesel,fiat,nein,2016-04-01 00:00:00,0,38315,2016-04-01 20:36:25
113644,2016-03-08 09:25:17,Skoda_Fabia_1.4_TDI_Extra,privat,Angebot,2850,test,kleinwagen,2004,manuell,75,fabia,150000,4,diesel,skoda,nein,2016-03-08 00:00:00,0,56075,2016-03-11 18:46:53
301125,2016-03-16 13:39:50,Renault_Twingo_1.2_Metropolis,privat,Angebot,550,control,kleinwagen,1998,manuell,58,twingo,150000,12,benzin,renault,,2016-03-16 00:00:00,0,70771,2016-03-31 16:44:35
274285,2016-03-12 17:55:25,"Opel_Astra_2.0_Turbo_Caravan_""Xenon_Klimaautomatik""",privat,Angebot,3150,test,kombi,2005,manuell,170,astra,150000,3,benzin,opel,nein,2016-03-12 00:00:00,0,44534,2016-03-17 21:15:58
29697,2016-03-25 17:49:35,Opel_omega_2_5liter,privat,Angebot,500,test,kombi,1998,manuell,170,omega,150000,1,benzin,opel,nein,2016-03-25 00:00:00,0,80807,2016-04-04 20:46:04
44911,2016-03-05 22:51:04,BMW__328ci_*Einzelstueck*_Sommer_wie_Winter_18_Zoll,privat,Angebot,6000,control,cabrio,2000,manuell,193,3er,150000,7,benzin,bmw,nein,2016-03-05 00:00:00,0,7422,2016-03-28 21:17:44
110841,2016-03-21 21:38:55,Opel_Corsa_1.4_16V_Innovation_110_Jahre,privat,Angebot,5700,control,kleinwagen,2009,manuell,90,corsa,100000,4,benzin,opel,nein,2016-03-21 00:00:00,0,17159,2016-04-07 01:17:22
158003,2016-03-09 17:53:15,Opel_Astra_F_Limousine_70PS,privat,Angebot,50,test,limousine,1995,manuell,70,astra,150000,3,benzin,opel,,2016-03-09 00:00:00,0,86316,2016-03-19 21:44:58
164448,2016-03-05 19:57:07,Opel_Astra_Cabrio_1.6i_Liebhaber_Edition_Elektr.Dach,privat,Angebot,1450,test,cabrio,1999,manuell,75,astra,125000,2,benzin,opel,nein,2016-03-05 00:00:00,0,60435,2016-03-06 14:19:04
276138,2016-03-14 21:53:05,Peugeot_107_70_Urban_Move,privat,Angebot,4250,test,kleinwagen,2009,manuell,68,1_reihe,60000,2,benzin,peugeot,nein,2016-03-14 00:00:00,0,59227,2016-04-06 14:46:49
35077,2016-03-19 10:50:48,Opel_Zafira_2.0_DTI_TÜV_sehr_gepflegt,privat,Angebot,2200,test,,2017,manuell,0,zafira,150000,2,diesel,opel,nein,2016-03-19 00:00:00,0,81375,2016-03-25 11:19:25
267592,2016-03-12 12:55:21,Mersedes_E_320_Avantgarde_mit_LPG_4_Jahre_Garantie,privat,Angebot,8900,test,limousine,2004,automatik,224,,150000,11,lpg,mercedes_benz,,2016-03-12 00:00:00,0,52223,2016-03-22 18:45:10
12931,2016-03-12 21:50:07,Subaru_Justy_1.3_4WD_GX,privat,Angebot,500,test,kleinwagen,2001,manuell,86,justy,150000,4,benzin,subaru,nein,2016-03-12 00:00:00,0,97645,2016-04-05 18:45:41
369642,2016-03-24 21:51:02,"Polo__6_N_2__""__SUPER_ANFÄNGERAUTO""",privat,Angebot,1150,test,kleinwagen,2000,manuell,55,polo,150000,7,benzin,volkswagen,nein,2016-03-24 00:00:00,0,58739,2016-04-05 15:45:30
95058,2016-03-22 16:57:35,Tausche_gegen_anderen_BMW,privat,Angebot,0,test,kombi,2000,automatik,150,3er,150000,7,benzin,bmw,nein,2016-03-22 00:00:00,0,16866,2016-04-06 07:17:58
128421,2016-04-05 01:47:01,VW_Polo_6n2_****_TÜV_NEU_****_Top_viele_Neuteile,privat,Angebot,2600,control,kleinwagen,2002,manuell,60,polo,150000,2,benzin,volkswagen,nein,2016-04-04 00:00:00,0,12629,2016-04-07 09:15:56
284774,2016-03-09 20:56:45,B&A_Automobile_Wir_kaufen_gerne_Autos_an_jeglicher_Art_,privat,Angebot,0,test,,2000,,0,,150000,0,,sonstige_autos,,2016-03-09 00:00:00,0,21079,2016-03-09 20:56:45
101021,2016-03-19 14:36:21,Vr6_Kompressor/1_3_bar!_Sonderanfertigung.!!_400_ps,privat,Angebot,16000,test,,2017,,400,golf,10000,0,,volkswagen,,2016-03-19 00:00:00,0,93413,2016-03-19 14:36:21
286855,2016-03-20 16:53:16,318_i_Cabrio__gute_Zustand__,privat,Angebot,2200,test,,2016,manuell,0,3er,150000,10,benzin,bmw,nein,2016-03-20 00:00:00,0,79115,2016-04-01 03:15:21
23806,2016-03-24 12:40:52,Schlachte_Celica_t23_1.8_173tkm,privat,Angebot,200,test,coupe,2001,manuell,14,andere,5000,3,benzin,toyota,ja,2016-03-24 00:00:00,0,76187,2016-04-07 03:16:51
134991,2016-03-18 10:38:12,MINI_Cooper_D,privat,Angebot,9980,control,kleinwagen,2010,manuell,111,cooper,125000,12,diesel,mini,nein,2016-03-18 00:00:00,0,97855,2016-03-26 11:15:28
326161,2016-03-30 15:56:44,Mercedes_Benz_SLK_200_mit_Dekra_Wertgutachten_7.500_€,privat,Angebot,7500,test,cabrio,1998,automatik,136,slk,150000,9,benzin,mercedes_benz,nein,2016-03-30 00:00:00,0,32699,2016-04-07 06:44:52
129106,2016-03-20 20:50:59,BMW_330_Ci_E46_LPG,privat,Angebot,7699,test,coupe,2001,manuell,231,3er,150000,5,benzin,bmw,,2016-03-20 00:00:00,0,86405,2016-04-03 04:48:33
309555,2016-03-17 21:49:06,MINI_Cooper_D,privat,Angebot,11950,test,kleinwagen,2011,manuell,111,cooper,50000,9,diesel,mini,nein,2016-03-17 00:00:00,0,85399,2016-04-07 12:17:11
350820,2016-03-12 18:50:50,BMW_320D_Touring_Motorschaden,privat,Angebot,950,test,kombi,2002,manuell,150,3er,150000,0,diesel,bmw,,2016-03-12 00:00:00,0,66482,2016-03-12 18:50:50
24925,2016-03-22 12:56:42,BMW_316ti_Scheckheft__technisch_top,privat,Angebot,1650,control,coupe,2002,manuell,116,3er,150000,12,benzin,bmw,nein,2016-03-22 00:00:00,0,38259,2016-03-22 12:56:42
82601,2016-04-04 18:52:16,Corvette_C4_LT1_Targa_5_7_V8_Original_Km.,privat,Angebot,10600,test,coupe,1992,automatik,306,,100000,6,benzin,sonstige_autos,nein,2016-04-04 00:00:00,0,75031,2016-04-06 21:16:05
230393,2016-03-19 16:39:48,Ford_Mondeo,privat,Angebot,1500,test,kombi,2001,manuell,115,,150000,7,diesel,ford,,2016-03-19 00:00:00,0,51515,2016-04-07 02:15:20
218970,2016-03-26 21:50:56,Audi_A3_2.0_TDI_Limousine_S_line_Sportpaket,privat,Angebot,26000,control,limousine,2013,manuell,150,a3,30000,10,diesel,audi,nein,2016-03-26 00:00:00,0,75175,2016-03-30 02:15:35
299784,2016-04-04 11:06:19,Opel_Astra_GTC_1.6_Sport,privat,Angebot,5890,control,limousine,2005,automatik,105,astra,100000,10,benzin,opel,nein,2016-04-04 00:00:00,0,65201,2016-04-04 17:42:25
226197,2016-04-01 10:37:20,Volkswagen_Golf,privat,Angebot,5350,control,kleinwagen,2007,manuell,80,golf,100000,8,benzin,volkswagen,nein,2016-04-01 00:00:00,0,90587,2016-04-07 06:46:12
350595,2016-03-22 09:51:00,Volkswagen_Golf_1.6_TDI_DPF_BlueMotion_Technology_DSG_Team,privat,Angebot,13999,test,limousine,2010,automatik,105,golf,60000,5,diesel,volkswagen,nein,2016-03-22 00:00:00,0,66539,2016-04-05 21:48:08
57100,2016-03-27 14:59:02,Mercedes_Benz_avangat,privat,Angebot,3450,control,limousine,2004,automatik,95,a_klasse,100000,3,diesel,mercedes_benz,nein,2016-03-27 00:00:00,0,56305,2016-04-03 19:17:34
178538,2016-04-01 19:52:00,BMW_320si,privat,Angebot,9500,control,limousine,2006,manuell,173,3er,150000,8,benzin,bmw,nein,2016-04-01 00:00:00,0,52074,2016-04-05 16:45:36
44266,2016-03-10 15:54:58,Opel_Zafira_Tourer_2.0_CDTI_Innov._FLEXFIX_Xenon_Navi,privat,Angebot,17000,test,bus,2012,automatik,165,andere,150000,1,diesel,opel,nein,2016-03-10 00:00:00,0,81737,2016-04-05 14:45:48
348674,2016-03-21 14:57:34,Opel_Astra_1.6_Caravan_/_gepflegtes_Fahrzeug,privat,Angebot,2049,control,kombi,2001,manuell,101,astra,150000,1,benzin,opel,nein,2016-03-21 00:00:00,0,56626,2016-04-06 13:16:45
26395,2016-04-05 11:53:59,Skoda_Fabia__1_4,privat,Angebot,3500,test,,2017,manuell,60,fabia,150000,10,benzin,skoda,,2016-04-05 00:00:00,0,7985,2016-04-05 12:44:10
204902,2016-03-16 19:58:11,Mercedes_S63_Amg_Original,privat,Angebot,79111,test,limousine,2012,automatik,455,s_klasse,10000,6,benzin,mercedes_benz,nein,2016-03-16 00:00:00,0,22869,2016-03-28 23:15:52
236853,2016-03-17 10:25:21,BMW_320d_DPF_Aut.,privat,Angebot,9350,control,limousine,2005,automatik,163,3er,150000,6,diesel,bmw,nein,2016-03-17 00:00:00,0,61118,2016-03-20 05:47:23
71860,2016-03-10 14:52:13,Mazda_Premacy_schwarz,privat,Angebot,1200,test,kombi,2001,manuell,100,andere,150000,10,benzin,mazda,nein,2016-03-10 00:00:00,0,59192,2016-03-17 00:16:30
71811,2016-04-03 10:53:33,Volkswagen_Passat,privat,Angebot,1600,control,kombi,1997,manuell,101,passat,150000,11,benzin,volkswagen,,2016-04-03 00:00:00,0,45888,2016-04-03 10:53:33
101399,2016-04-02 02:25:22,BMW_E60_Limousine,privat,Angebot,9900,control,limousine,2004,automatik,260,5er,150000,0,,bmw,nein,2016-04-02 00:00:00,0,65520,2016-04-05 16:46:47
290675,2016-03-06 16:37:37,Peugeot_206_Klima,privat,Angebot,1850,test,kleinwagen,2004,manuell,60,2_reihe,5000,8,benzin,peugeot,nein,2016-03-06 00:00:00,0,38524,2016-04-04 19:16:17
47702,2016-03-11 21:36:52,Opel_Agia_blau_mit_Tuev,privat,Angebot,399,test,kleinwagen,2001,manuell,75,agila,150000,12,benzin,opel,ja,2016-03-11 00:00:00,0,24582,2016-03-23 00:47:12
69350,2016-03-19 09:54:37,Mercedes_Benz_230_CE__124___evtl._Ersatzteiltraeger_???,privat,Angebot,699,test,coupe,1990,,0,andere,150000,10,benzin,mercedes_benz,,2016-03-19 00:00:00,0,46509,2016-03-29 23:16:08
300001,2016-03-21 21:44:08,VW_Volkswagen_Golf_4_1_8t_1_8_T_R32_R_32_TÜV_2017_5_Tuerer,privat,Angebot,5900,control,,2017,manuell,220,golf,150000,0,,volkswagen,nein,2016-03-21 00:00:00,0,30853,2016-04-01 04:17:29
192650,2016-03-06 12:41:59,BMW_316i._TUV/6/2017,privat,Angebot,800,test,limousine,1996,manuell,105,3er,150000,2,benzin,bmw,nein,2016-03-06 00:00:00,0,22117,2016-03-11 21:17:44
270507,2016-04-01 21:55:19,Volkswagen_Multivan_Highline,privat,Angebot,33500,test,bus,2012,manuell,179,transporter,80000,3,diesel,volkswagen,nein,2016-04-01 00:00:00,0,31275,2016-04-05 20:18:33
6943,2016-03-31 22:51:02,Audi_Audi_S1_Sportback_ABT__Navi__Xenon__top_gepflegt,privat,Angebot,25400,test,kleinwagen,2014,manuell,310,andere,30000,7,benzin,audi,nein,2016-03-31 00:00:00,0,53797,2016-04-06 19:47:11
44521,2016-03-15 17:38:37,Opel_Astra_zu_verkaufen,privat,Angebot,250,control,,1995,,0,astra,150000,0,,opel,,2016-03-15 00:00:00,0,32339,2016-04-06 14:16:58
30659,2016-03-08 14:50:37,Mercedes_Benz_113_cdi,privat,Angebot,12900,test,bus,2011,manuell,136,vito,80000,9,diesel,mercedes_benz,nein,2016-03-08 00:00:00,0,91352,2016-04-06 03:17:20
80918,2016-03-30 22:53:58,Suche_auto_mit_tuev_mind_1_jahr,privat,Angebot,0,control,,2017,manuell,0,swift,100000,0,benzin,suzuki,nein,2016-03-30 00:00:00,0,2625,2016-04-05 19:15:28
308316,2016-04-05 09:38:11,verkaufe_peugot_307__bj_2003_tuev_abgelaufen_!!,privat,Angebot,1500,control,limousine,2003,manuell,135,3_reihe,150000,9,benzin,peugeot,ja,2016-04-05 00:00:00,0,89134,2016-04-07 12:15:41
95902,2016-03-24 13:52:09,Volkswagen_Golf_2.0_GTI,privat,Angebot,12999,control,limousine,2005,manuell,241,golf,150000,5,benzin,volkswagen,nein,2016-03-24 00:00:00,0,91550,2016-04-07 05:17:28
316504,2016-04-01 11:57:00,Audi_A4_B6,privat,Angebot,4200,test,kombi,2002,manuell,150,a4,150000,9,benzin,audi,nein,2016-04-01 00:00:00,0,29229,2016-04-06 11:45:06
71870,2016-03-21 01:58:06,Renault_Grand_Scenic_1.9_dCi_7_Sitzer_Xenon_Leder,privat,Angebot,2700,test,bus,2004,manuell,120,andere,150000,9,diesel,renault,nein,2016-03-21 00:00:00,0,52078,2016-04-05 23:16:40
24469,2016-03-05 17:50:20,Mercedes_Benz_E_200_T_Kompressor_Automatik_Avantgarde,privat,Angebot,5000,test,kombi,2004,automatik,163,e_klasse,150000,10,benzin,mercedes_benz,nein,2016-03-05 00:00:00,0,10315,2016-04-05 13:46:21
5651,2016-03-22 19:49:38,Volkswagen_Vw_Polo,privat,Angebot,300,test,kleinwagen,1997,manuell,54,polo,125000,4,benzin,volkswagen,,2016-03-22 00:00:00,0,91443,2016-04-02 14:46:22
80187,2016-03-06 12:48:30,Smart_Smart_fortwo_Cabrio,privat,Angebot,4666,test,cabrio,2008,automatik,71,fortwo,100000,10,benzin,smart,nein,2016-03-06 00:00:00,0,96049,2016-04-06 05:45:29
306101,2016-03-28 19:47:23,BMW_318i_TÜV_neu_Alu_Sitzheizung__Klimaauto_Sch.Dach,privat,Angebot,5200,control,limousine,2004,manuell,143,3er,150000,12,benzin,bmw,nein,2016-03-28 00:00:00,0,21031,2016-04-07 02:16:30
266880,2016-03-16 12:50:28,Mercedes_Benz_C_200_Kompressor_Sportcoupe,privat,Angebot,3650,test,coupe,2001,manuell,163,c_klasse,150000,5,benzin,mercedes_benz,nein,2016-03-16 00:00:00,0,90443,2016-04-06 07:46:40
20315,2016-03-17 21:57:46,Mitsubishi_Eclipse,privat,Angebot,999,test,coupe,2003,,213,andere,150000,11,benzin,mitsubishi,nein,2016-03-17 00:00:00,0,77876,2016-03-17 22:44:29
221169,2016-03-12 12:48:26,Suche_Privat_ein_guenstiges_Auto_mit_TÜV_fahrtuechtig_fuer_200€_VB,privat,Angebot,200,test,,2015,,0,,5000,0,,sonstige_autos,,2016-03-12 00:00:00,0,25335,2016-04-06 09:44:54
103552,2016-04-04 14:44:07,Audi_A3,privat,Angebot,11500,test,kombi,2009,automatik,105,a3,125000,4,diesel,audi,nein,2016-04-04 00:00:00,0,6116,2016-04-06 15:46:20
35269,2016-03-15 20:52:40,Opel_astra_g,privat,Angebot,800,test,limousine,2000,manuell,116,astra,150000,1,benzin,opel,ja,2016-03-15 00:00:00,0,14473,2016-03-16 19:17:17
222704,2016-04-01 18:58:22,Peugeot_307_16HDI_2Liter_Maschine_136ps,privat,Angebot,1800,control,,2016,manuell,136,,150000,0,diesel,peugeot,,2016-04-01 00:00:00,0,53332,2016-04-05 14:47:22
253132,2016-03-11 15:49:15,Audi_a6__zuverlaessig,privat,Angebot,2399,test,kombi,2002,automatik,155,a6,150000,4,diesel,audi,nein,2016-03-11 00:00:00,0,24768,2016-03-14 12:47:07
303217,2016-03-12 19:56:43,BMW_320_Diesel,privat,Angebot,2900,test,limousine,2003,manuell,150,3er,150000,6,diesel,bmw,nein,2016-03-12 00:00:00,0,92224,2016-03-12 20:41:30
149806,2016-03-10 19:51:27,Volkswagen_Tiguan_1.4_TSI_BlueMotion_Technology_Trend_&_Fun,privat,Angebot,17100,control,suv,2014,manuell,122,tiguan,30000,4,benzin,volkswagen,nein,2016-03-10 00:00:00,0,82377,2016-04-02 06:15:25
202455,2016-03-12 00:56:12,Mercedes_Benz_CLK_Coupe_200,privat,Angebot,3499,test,coupe,2000,manuell,136,clk,150000,3,benzin,mercedes_benz,nein,2016-03-12 00:00:00,0,73033,2016-03-20 03:44:32
246833,2016-04-01 15:46:17,VW_Passat_1.9_TDI_Variant___169.000km___1.Hand,privat,Angebot,2690,test,kombi,2001,manuell,131,passat,150000,4,diesel,volkswagen,nein,2016-04-01 00:00:00,0,84478,2016-04-01 15:46:17
60774,2016-03-23 23:54:27,Volkswagen_Passat_Variant_2.0_TDI_DPF_DSG_R_Line_Edition,privat,Angebot,8700,control,kombi,2009,automatik,140,passat,125000,9,diesel,volkswagen,nein,2016-03-23 00:00:00,0,22089,2016-03-28 14:17:30
76953,2016-03-29 17:47:46,Mercedes_Benz_vito,privat,Angebot,5999,control,,2016,manuell,116,vito,150000,6,,mercedes_benz,ja,2016-03-29 00:00:00,0,94419,2016-03-29 17:47:46
304798,2016-03-22 21:58:59,Ford_Fiesta_12/2004_grau_5_Tuerer,privat,Angebot,1650,control,kleinwagen,2004,manuell,68,fiesta,150000,12,diesel,ford,ja,2016-03-22 00:00:00,0,48149,2016-03-22 21:58:59
300018,2016-03-23 15:38:05,Mercedes_Benz_313_CDI_Sprinter_903.661,privat,Angebot,3000,test,bus,2000,manuell,129,sprinter,150000,2,diesel,mercedes_benz,nein,2016-03-23 00:00:00,0,45145,2016-04-05 18:17:02
151143,2016-03-22 17:56:42,Citroën_C5_Tourer_V6_HDi_205_Biturbo_FAP_Exclusive,privat,Angebot,6666,control,kombi,2008,automatik,204,c5,150000,6,diesel,citroen,nein,2016-03-22 00:00:00,0,44534,2016-03-25 10:46:28
242623,2016-03-24 12:48:12,Mercedes_Benz_E_320_CDI_7G_TRONIC,privat,Angebot,10500,test,limousine,2006,automatik,224,e_klasse,150000,9,diesel,mercedes_benz,nein,2016-03-24 00:00:00,0,58791,2016-04-03 02:45:50
369888,2016-03-25 22:51:31,Ford_Fiesta_1.25_Trend,privat,Angebot,4900,control,kleinwagen,2009,manuell,60,fiesta,125000,9,benzin,ford,nein,2016-03-25 00:00:00,0,30161,2016-04-05 12:44:53
50559,2016-03-23 22:46:58,BMW_320d,privat,Angebot,4300,test,limousine,2002,manuell,150,3er,150000,3,diesel,bmw,nein,2016-03-23 00:00:00,0,66271,2016-03-31 12:15:25
236512,2016-03-12 11:39:13,Mercedes_Benz_SLK_200__BlueEFFICIENCY__7G_TRONIC,privat,Angebot,29800,test,cabrio,2014,automatik,184,slk,30000,2,benzin,mercedes_benz,nein,2016-03-12 00:00:00,0,97292,2016-03-14 19:17:23
258052,2016-03-13 19:23:20,VW_Lupo_1_4l,privat,Angebot,799,test,kleinwagen,2001,manuell,60,lupo,150000,0,benzin,volkswagen,nein,2016-03-13 00:00:00,0,35444,2016-03-23 13:49:01
70930,2016-04-03 12:44:24,Golf_Trendline_Blue_Motion,privat,Angebot,14750,control,kleinwagen,2014,manuell,85,golf,20000,4,benzin,volkswagen,ja,2016-04-03 00:00:00,0,38440,2016-04-07 14:57:19
190974,2016-03-09 12:59:26,Fiat_Punto_176,privat,Angebot,200,control,kleinwagen,1999,manuell,0,punto,150000,2,benzin,fiat,nein,2016-03-09 00:00:00,0,31177,2016-03-13 01:44:15
117292,2016-03-26 23:54:19,Verschenke_fuer_Bastler_oder_Teile_Spender,privat,Angebot,0,test,,2005,manuell,0,ka,150000,0,benzin,ford,ja,2016-03-26 00:00:00,0,66787,2016-03-27 09:42:27
175577,2016-03-26 12:59:20,Audi_A4_allroad_2.0_TDI_S_tronic_Navi_Leder_ACC_AHK___MWST.,privat,Angebot,37950,control,kombi,2015,automatik,190,a4,20000,7,diesel,audi,nein,2016-03-26 00:00:00,0,82291,2016-04-06 01:16:20
94891,2016-04-04 21:39:37,Verkaufe_caddy_LKW_diesel_mit_tuev,privat,Angebot,850,test,bus,1999,manuell,64,caddy,150000,7,diesel,volkswagen,,2016-04-04 00:00:00,0,6667,2016-04-07 00:15:33
249878,2016-03-26 08:54:37,Mercedes_Benz_W_169,privat,Angebot,3000,test,limousine,2004,manuell,140,a_klasse,150000,10,diesel,mercedes_benz,ja,2016-03-26 00:00:00,0,38159,2016-03-27 21:45:34
244758,2016-03-26 13:57:50,BMW_525d_touring,privat,Angebot,3200,control,kombi,2002,manuell,163,5er,150000,5,diesel,bmw,nein,2016-03-26 00:00:00,0,69168,2016-03-28 02:46:28
122084,2016-03-06 17:47:04,Polo_6n_1_4l_60_ps,privat,Angebot,1500,control,,2017,manuell,60,polo,150000,6,,volkswagen,,2016-03-06 00:00:00,0,1796,2016-03-07 14:16:24
202867,2016-04-03 12:06:20,Alt_aber_funktioniert_alles,privat,Angebot,699,control,suv,1997,manuell,55,astra,150000,0,,opel,,2016-04-03 00:00:00,0,64546,2016-04-06 18:47:09
142173,2016-03-25 18:47:46,Mazda_Pickup_B_Series_2500_4x4,privat,Angebot,4999,test,suv,2000,manuell,78,andere,100000,5,diesel,mazda,nein,2016-03-25 00:00:00,0,24848,2016-04-01 03:45:10
178593,2016-04-01 23:47:25,Mercedes_Benz_A_200_CDI_Urban__Xenon__Garantie__Navi,privat,Angebot,23490,control,kleinwagen,2014,manuell,136,a_klasse,30000,5,diesel,mercedes_benz,nein,2016-04-01 00:00:00,0,47055,2016-04-05 22:45:52
245132,2016-03-22 20:47:35,Volkswagen_Golf1.9TDI_Champ_Klimatronic_Schiebedach_Euro_4.,privat,Angebot,2800,control,limousine,2002,manuell,101,golf,150000,4,diesel,volkswagen,nein,2016-03-22 00:00:00,0,52066,2016-03-22 20:47:35
333669,2016-03-31 20:57:26,Audi_S4_Cabriolet_tiptronic,privat,Angebot,19000,test,cabrio,2007,automatik,344,andere,150000,4,benzin,audi,nein,2016-03-31 00:00:00,0,31234,2016-04-06 15:47:05
15506,2016-03-21 17:54:18,Fiat_Punto_1.2_16V_TÜV_NEU,privat,Angebot,1700,control,kleinwagen,2004,manuell,80,punto,125000,12,benzin,fiat,nein,2016-03-21 00:00:00,0,53844,2016-03-30 05:45:02
5471,2016-03-29 11:37:00,Seat_Toledo_1.6_TDI_DPF__Ecomotive__Start_&_Stop_...,privat,Angebot,8900,test,limousine,2014,manuell,105,toledo,40000,3,diesel,seat,nein,2016-03-29 00:00:00,0,31224,2016-03-29 11:37:00
109107,2016-04-01 14:47:01,Smart_Fortwo_Coupe_CDI,privat,Angebot,1300,test,coupe,2005,automatik,40,fortwo,150000,0,diesel,smart,,2016-04-01 00:00:00,0,28215,2016-04-01 14:47:01
54188,2016-03-29 00:55:27,Verkaufe_ein__Top,privat,Angebot,1700,test,kleinwagen,2003,automatik,125,zafira,150000,5,benzin,opel,nein,2016-03-28 00:00:00,0,25462,2016-03-29 07:48:40
33037,2016-03-11 14:57:29,Audi_A4_Avant_1.9_TDI,privat,Angebot,1890,control,kombi,2001,manuell,116,a4,150000,4,diesel,audi,nein,2016-03-11 00:00:00,0,82024,2016-04-07 13:15:28
337598,2016-04-04 16:52:40,Mercedes_Benz_A_180_AMG_Line_Night_Paket_Rueckfahrkamera,privat,Angebot,21500,test,limousine,2013,manuell,122,a_klasse,30000,10,benzin,mercedes_benz,nein,2016-04-04 00:00:00,0,26160,2016-04-06 18:46:37
138464,2016-03-07 08:55:48,Qashqai_2.0_dCi_4_×_4_Tekna_Voll!_Leder__Panor__Keyless_,privat,Angebot,11400,control,suv,2007,automatik,150,qashqai,150000,9,diesel,nissan,,2016-03-07 00:00:00,0,71394,2016-03-17 06:46:10
20790,2016-03-07 16:45:04,Der_Sommer_steht_vor_der_tuer.,privat,Angebot,3500,control,cabrio,2004,manuell,108,2_reihe,150000,9,benzin,peugeot,nein,2016-03-07 00:00:00,0,88161,2016-04-05 17:46:20
108062,2016-03-07 15:56:15,Verkaufe_mein_VW_Polo_6n_1.0L_Tuev_Neu_!!!!,privat,Angebot,999,control,,2018,manuell,50,polo,150000,1,,volkswagen,nein,2016-03-07 00:00:00,0,12249,2016-03-10 15:45:42
345954,2016-03-27 21:54:41,BMW_320d,privat,Angebot,20000,test,limousine,2010,manuell,184,3er,70000,11,diesel,bmw,nein,2016-03-27 00:00:00,0,80639,2016-04-05 21:15:40
295798,2016-03-09 12:57:47,VW_POLO_mit_TÜV_2017,privat,Angebot,2700,control,kleinwagen,2002,,64,polo,150000,8,benzin,volkswagen,nein,2016-03-09 00:00:00,0,59227,2016-04-06 01:48:48
311530,2016-04-06 16:06:33,BMW_528i_touring,privat,Angebot,2500,control,kombi,1997,automatik,193,5er,150000,8,benzin,bmw,nein,2016-04-06 00:00:00,0,35516,2016-04-06 16:25:16
199993,2016-03-31 13:58:33,Hyundai_Tucson_2.0i_2WD_Gruene_Plakette_Tausch_moeglich,privat,Angebot,4500,control,,2018,manuell,141,tucson,125000,11,,hyundai,nein,2016-03-31 00:00:00,0,38226,2016-04-06 06:44:59
322619,2016-04-02 08:55:03,Ford_Escort_1.4i_MK7,privat,Angebot,225,control,limousine,1997,manuell,75,escort,150000,3,,ford,ja,2016-04-02 00:00:00,0,54550,2016-04-06 06:44:43
144306,2016-03-21 17:56:46,VW_Tiguan__Diesel__140PS,privat,Angebot,16495,control,,2018,manuell,140,tiguan,100000,2,diesel,volkswagen,,2016-03-21 00:00:00,0,34355,2016-04-06 19:15:34
37700,2016-03-05 18:55:50,Verkaufe_VW_T4_Caravelle_2_5_l_TDI,privat,Angebot,4750,test,bus,1997,manuell,102,transporter,150000,8,,volkswagen,ja,2016-03-05 00:00:00,0,16816,2016-03-25 03:47:05
172394,2016-03-24 07:55:17,Volkswagen_Passat,privat,Angebot,15200,control,kombi,2012,manuell,140,passat,125000,3,diesel,volkswagen,nein,2016-03-24 00:00:00,0,82269,2016-04-02 21:18:17
43243,2016-04-01 13:54:46,Ford_Galaxy_TDI,privat,Angebot,2599,test,bus,2002,automatik,116,galaxy,150000,3,diesel,ford,nein,2016-04-01 00:00:00,0,92263,2016-04-07 10:45:59
311099,2016-03-24 19:36:16,Opel_Opel_Astra_2.2_Kombi_/_Caravan_147_PS_Standheiz.,privat,Angebot,2300,control,kombi,2000,manuell,147,astra,150000,11,benzin,opel,nein,2016-03-24 00:00:00,0,59846,2016-04-03 14:19:57
284516,2016-03-20 21:24:13,Volkswagen_Caddy_2.0_TDI__7_Si.__4MOTION_Maxi_Navi__Klima,privat,Angebot,14900,control,kombi,2010,manuell,110,caddy,150000,10,diesel,volkswagen,nein,2016-03-20 00:00:00,0,35745,2016-04-07 02:16:41
110792,2016-03-20 09:52:54,BMW_116i_TOP_GEPFLEGT,privat,Angebot,11000,control,limousine,2012,manuell,136,1er,80000,8,benzin,bmw,,2016-03-20 00:00:00,0,23556,2016-04-06 06:17:39
73774,2016-03-26 11:41:57,Opel_Astra_1.8_16V_Coupe_Linea_Blu,privat,Angebot,1750,control,coupe,2002,manuell,125,astra,150000,5,benzin,opel,nein,2016-03-26 00:00:00,0,6925,2016-04-05 22:45:17
237038,2016-04-03 13:41:25,"Porsche_991_Carrera_Cabrio_PDK_schwarz/schwarz_20""",privat,Angebot,88900,control,cabrio,2012,automatik,349,911,20000,7,benzin,porsche,nein,2016-04-03 00:00:00,0,64287,2016-04-05 12:18:54
155886,2016-04-02 22:51:19,Daihatsu_Terios_4WD,privat,Angebot,5999,test,limousine,2007,,105,terios,125000,8,benzin,daihatsu,ja,2016-04-02 00:00:00,0,86476,2016-04-07 00:45:48
153739,2016-03-29 13:46:45,Fiat_Punto_1.2_16V,privat,Angebot,1500,control,kleinwagen,2002,manuell,80,punto,125000,7,benzin,fiat,nein,2016-03-29 00:00:00,0,70839,2016-04-05 23:16:34
53295,2016-03-28 16:46:09,BMW_116i_Advantage,privat,Angebot,9000,test,limousine,2010,manuell,122,1er,80000,5,benzin,bmw,nein,2016-03-28 00:00:00,0,12309,2016-04-06 21:46:58
57236,2016-03-23 08:56:09,Smart_smart_fortwo_coupe_softouch_passion,privat,Angebot,4250,control,kleinwagen,2007,automatik,84,fortwo,80000,1,benzin,smart,nein,2016-03-23 00:00:00,0,53332,2016-04-07 08:44:29
355435,2016-03-08 10:57:50,Audi_A6_Avant_3.0_TDI_DPF_quattro_tiptronic,privat,Angebot,12800,test,kombi,2008,automatik,232,a6,150000,6,diesel,audi,nein,2016-03-08 00:00:00,0,69207,2016-04-07 07:45:27
214655,2016-04-01 16:36:58,Opel_Omega_Caravan_3.0_V6,privat,Angebot,900,control,kombi,1999,manuell,211,omega,150000,9,benzin,opel,ja,2016-04-01 00:00:00,0,25575,2016-04-05 11:18:40
189274,2016-04-02 13:46:19,Seat_Ibiza_1.9TDI_Partikfl./DPF/EURO4_Klimatronic_viele_neue_Teil,privat,Angebot,1199,test,kleinwagen,2001,manuell,90,ibiza,150000,11,diesel,seat,nein,2016-04-02 00:00:00,0,13158,2016-04-06 11:47:08
172780,2016-04-02 16:30:53,Audi_A4_1.9_TDI_TÜV_NEU_12/2017,privat,Angebot,5200,control,limousine,2004,manuell,131,a4,150000,8,diesel,audi,nein,2016-04-02 00:00:00,0,53577,2016-04-05 23:44:35
218025,2016-04-02 17:00:21,Mercedes_Benz_E_220_T_CDI_Automatik_Classic_DPF,privat,Angebot,8200,control,kombi,2006,automatik,150,e_klasse,150000,5,diesel,mercedes_benz,nein,2016-04-02 00:00:00,0,83569,2016-04-06 16:45:59
116057,2016-03-19 13:56:29,Yongtimer_Tuev_bis_09.2017_Sportline,privat,Angebot,1000,test,limousine,1990,manuell,108,e_klasse,150000,6,benzin,mercedes_benz,nein,2016-03-19 00:00:00,0,53947,2016-03-21 18:45:33
314362,2016-03-30 06:36:18,BMW_318ti_compact_HU_neu__NAVI_a.W.__ATM__angemeldet,privat,Angebot,1200,test,limousine,1995,manuell,140,3er,150000,7,benzin,bmw,nein,2016-03-30 00:00:00,0,90461,2016-03-30 09:45:12
159260,2016-03-26 02:36:19,BMW_E61_525D_Tuev_09.2017,privat,Angebot,6500,test,,2017,manuell,177,,150000,7,diesel,bmw,nein,2016-03-26 00:00:00,0,28857,2016-03-29 10:18:21
165283,2016-03-14 13:46:31,Fiat_Ducato_Maxi_3.0_JTD_L2_H2_500km_!!!_160PS_Lagerfahrzeug,privat,Angebot,9999,test,bus,2013,manuell,160,ducato,5000,4,diesel,fiat,,2016-03-14 00:00:00,0,4105,2016-03-16 03:44:22
31693,2016-04-02 11:37:01,Fiat_Seicento__BJ_1999__83000km!_FÜR_EXPORT_o._Teiletraeger!!,privat,Angebot,400,test,kleinwagen,1999,manuell,0,seicento,90000,0,benzin,fiat,nein,2016-04-02 00:00:00,0,66333,2016-04-06 10:17:44
101180,2016-04-02 15:39:12,VW_Passat_1_9_TDI,privat,Angebot,5500,control,limousine,2003,automatik,131,passat,125000,9,diesel,volkswagen,nein,2016-04-02 00:00:00,0,10315,2016-04-06 14:16:34
255624,2016-03-05 19:44:58,Ford_Focus_Finesse,privat,Angebot,1400,test,kleinwagen,2001,manuell,115,focus,125000,11,,ford,nein,2016-03-05 00:00:00,0,14772,2016-03-05 20:46:51
105970,2016-03-21 18:51:59,BMW_525tds,privat,Angebot,1250,test,limousine,1999,manuell,143,5er,150000,1,diesel,bmw,nein,2016-03-21 00:00:00,0,32049,2016-04-06 21:16:39
275114,2016-04-04 22:37:53,Renault_Megane_Cabriolet_2.0_Evidence,privat,Angebot,3600,test,cabrio,2000,manuell,140,megane,60000,5,benzin,renault,nein,2016-04-04 00:00:00,0,25576,2016-04-07 01:16:22
299716,2016-03-16 00:58:55,Volkswagen_Passat_CC_1.8_TSI_R_Line_Navi,privat,Angebot,11800,test,coupe,2010,manuell,160,passat,150000,11,benzin,volkswagen,nein,2016-03-15 00:00:00,0,26789,2016-04-02 02:45:35
4843,2016-03-23 10:38:56,Nissan_Note_1.4_visia,privat,Angebot,2900,control,bus,2007,manuell,88,note,125000,10,benzin,nissan,nein,2016-03-23 00:00:00,0,7545,2016-03-23 10:38:56
300833,2016-03-19 18:36:35,Volkswagen__VW_Golf_2_1.3_l_Zum_schlachen,privat,Angebot,190,test,,1995,,0,golf,5000,0,benzin,volkswagen,,2016-03-19 00:00:00,0,17034,2016-04-07 07:15:21
201406,2016-03-17 19:54:33,Mercedes_Benz_W203_220_CDI_Mopf_Rentner_Fahrzeug_124460_km.,privat,Angebot,7999,control,kombi,2004,automatik,150,c_klasse,20000,8,diesel,mercedes_benz,nein,2016-03-17 00:00:00,0,32758,2016-03-19 20:18:13
252269,2016-03-08 11:50:36,Audi_Coupe_Quattro,privat,Angebot,1900,control,coupe,1993,manuell,174,80,150000,7,benzin,audi,,2016-03-08 00:00:00,0,94239,2016-03-08 18:19:29
281673,2016-03-18 12:48:45,Opel_Astra_H_GTC,privat,Angebot,4700,control,,2009,,0,astra,150000,7,benzin,opel,nein,2016-03-18 00:00:00,0,26723,2016-04-06 20:46:50
236291,2016-03-05 22:51:08,Ford_Mondeo_2.0_Turnier_TDCi_Trend,privat,Angebot,1600,control,kombi,2002,manuell,131,mondeo,150000,6,diesel,ford,nein,2016-03-05 00:00:00,0,45475,2016-04-05 11:50:18
273020,2016-04-01 20:44:18,Citroën_Berlingo_800_2.0_HDi_CD_Paket,privat,Angebot,4200,test,bus,2006,manuell,90,berlingo,100000,1,diesel,citroen,nein,2016-04-01 00:00:00,0,31832,2016-04-05 17:44:38
324936,2016-03-24 07:56:52,Ford_Fiesta_16V,privat,Angebot,1400,control,kleinwagen,1992,manuell,131,fiesta,30000,7,benzin,ford,ja,2016-03-24 00:00:00,0,33332,2016-04-06 22:45:32
80612,2016-03-20 15:57:54,Suche_E_Klasse_W124er,privat,Angebot,1000,control,,1985,,0,e_klasse,150000,1,,mercedes_benz,,2016-03-20 00:00:00,0,52249,2016-04-06 20:45:37
328629,2016-03-31 11:50:01,Mercedes_C_200_Kompressor.,privat,Angebot,5000,test,limousine,2001,manuell,0,c_klasse,125000,12,benzin,mercedes_benz,,2016-03-31 00:00:00,0,65201,2016-04-05 20:18:10
39129,2016-03-11 16:45:32,Abschleppwagen_3.5_t,privat,Angebot,11300,test,andere,2001,manuell,120,transit,150000,8,diesel,ford,nein,2016-03-11 00:00:00,0,85221,2016-04-03 15:44:56
322495,2016-04-02 21:37:51,Suzuki_Swift_1.3__****Ohne_Tuev.****,privat,Angebot,120,test,kleinwagen,1995,manuell,50,swift,150000,12,benzin,suzuki,nein,2016-04-02 00:00:00,0,63456,2016-04-06 23:44:48
231847,2016-03-14 19:49:07,Nissan_Terrano_II_2.7_TD_Intercooler_7_Sitzer,privat,Angebot,1900,control,suv,2000,manuell,125,andere,150000,6,diesel,nissan,nein,2016-03-14 00:00:00,0,17179,2016-03-14 19:49:07
297755,2016-03-19 19:55:35,Opel_Kadett_C_Limousine_1.2_zweituerig_mit_H_Zulassung,privat,Angebot,1800,control,limousine,1978,manuell,54,kadett,150000,7,benzin,opel,nein,2016-03-19 00:00:00,0,92559,2016-03-19 20:42:34
157766,2016-03-30 07:37:01,Renault_Twingo,privat,Angebot,222,control,kleinwagen,1996,manuell,54,twingo,125000,3,benzin,renault,nein,2016-03-30 00:00:00,0,6917,2016-03-30 09:42:51
28192,2016-03-05 22:43:56,Renault_Espace_2.0_dCi_FAP_Edition_25th,privat,Angebot,13500,control,bus,2011,manuell,173,espace,150000,6,diesel,renault,nein,2016-03-05 00:00:00,0,83737,2016-04-07 08:44:52
360062,2016-03-29 11:36:37,Volkswagen_Polo_60_Servo,privat,Angebot,650,test,kleinwagen,1996,manuell,60,polo,150000,4,benzin,volkswagen,nein,2016-03-29 00:00:00,0,27749,2016-04-03 20:47:16
66185,2016-03-25 22:47:57,Verkaufe_3_er_BMW_Cabrio_in_guten_zustand,privat,Angebot,5600,control,cabrio,2000,manuell,170,3er,150000,0,benzin,bmw,nein,2016-03-25 00:00:00,0,26969,2016-03-25 23:42:33
303194,2016-03-25 13:42:32,Audi_A6_Avant_1.8T_NAVIPLUS_BOSE_AHK_KLIMA_PTS_AHK_MTM_19Zoll_H&R,privat,Angebot,4444,test,kombi,2000,automatik,190,a6,150000,4,benzin,audi,nein,2016-03-25 00:00:00,0,46282,2016-03-25 13:42:32
120085,2016-03-29 20:49:25,Toyota_Verso_1.6_D,privat,Angebot,19000,test,bus,2014,manuell,112,verso,20000,4,diesel,toyota,nein,2016-03-29 00:00:00,0,50226,2016-04-06 07:17:09
265904,2016-03-19 17:47:36,Peugeot_206,privat,Angebot,400,control,kleinwagen,1999,manuell,0,,20000,12,,peugeot,ja,2016-03-19 00:00:00,0,31542,2016-03-25 21:46:52
68272,2016-03-19 11:56:27,BMW_330i_Coupe,privat,Angebot,22900,test,coupe,2010,manuell,272,3er,70000,3,benzin,bmw,nein,2016-03-19 00:00:00,0,81479,2016-04-06 14:46:37
318704,2016-03-07 07:55:29,TOP_AUDI_A6_2.4_AUTOMATIK_VOLLAUSSTATTUNG!_MUSS_AM_07.03.16_WEG,privat,Angebot,999,test,limousine,2001,automatik,165,a6,150000,1,benzin,audi,ja,2016-03-07 00:00:00,0,28355,2016-03-07 19:47:42
113503,2016-03-17 20:51:38,Mercedes_Benz_A_160_Elegance_Vollleder_Ausstattung,privat,Angebot,2395,control,limousine,1999,manuell,102,a_klasse,125000,2,benzin,mercedes_benz,nein,2016-03-17 00:00:00,0,45525,2016-04-07 09:46:37
261672,2016-03-24 17:50:38,Auto_mit_Tuev_Schnaeppchen,privat,Angebot,250,control,,2016,manuell,75,astra,150000,2,benzin,opel,nein,2016-03-24 00:00:00,0,48282,2016-03-30 19:45:07
175488,2016-04-01 22:56:13,Audi_A6_Avant_2.5_TDI,privat,Angebot,2880,test,kombi,1999,automatik,150,a6,150000,8,diesel,audi,nein,2016-04-01 00:00:00,0,1796,2016-04-05 22:47:06
364535,2016-03-21 16:38:55,verkaufen_sofort,privat,Angebot,5200,control,limousine,2007,automatik,150,vectra,150000,4,diesel,opel,nein,2016-03-21 00:00:00,0,52525,2016-04-06 15:44:56
236111,2016-03-21 10:57:27,TT_Coupé_zu_verkaufen,privat,Angebot,5500,test,cabrio,2003,automatik,55,tt,150000,4,benzin,audi,nein,2016-03-21 00:00:00,0,3253,2016-03-21 11:46:27
312720,2016-03-14 16:49:24,Mazda_6_Sport_Kombi_2.0_CD_DPF_Dynamik,privat,Angebot,6850,test,kombi,2008,manuell,143,6_reihe,150000,3,diesel,mazda,,2016-03-14 00:00:00,0,94107,2016-04-05 21:18:03
230797,2016-04-01 19:51:24,Fiat_500_Cabrio_1.2_8V_Lounge,privat,Angebot,11500,control,cabrio,2013,manuell,69,500,20000,4,benzin,fiat,nein,2016-04-01 00:00:00,0,94262,2016-04-03 16:47:30
161734,2016-03-26 20:38:47,Renault_Clio_1.2_16V_75_Dynamique_top_Zustand,privat,Angebot,6500,control,kleinwagen,2009,manuell,75,clio,30000,8,benzin,renault,nein,2016-03-26 00:00:00,0,67354,2016-04-06 10:45:18
4068,2016-03-18 16:47:50,Audi_A4_B6_8E_Schlachtfest,privat,Angebot,500,test,limousine,2001,manuell,220,,150000,8,benzin,audi,ja,2016-03-18 00:00:00,0,1774,2016-03-20 05:44:24
253598,2016-03-05 14:56:40,Opel_Zafira_2.2_DTI_Elegance,privat,Angebot,1500,control,bus,2002,manuell,125,zafira,150000,3,diesel,opel,ja,2016-03-05 00:00:00,0,85077,2016-03-14 12:16:53
197593,2016-03-20 16:38:02,VW_Polo_blau__Bj._2000__nur_47_Tkm__unfallfrei__Klima_TÜV_12/16,privat,Angebot,1990,test,kleinwagen,2000,manuell,60,polo,50000,1,benzin,volkswagen,nein,2016-03-20 00:00:00,0,4416,2016-03-25 16:52:16
257892,2016-03-27 14:43:11,Volkswagen_1.9_TDI_T5,privat,Angebot,4150,control,bus,2005,manuell,105,transporter,150000,4,diesel,volkswagen,,2016-03-27 00:00:00,0,44791,2016-03-28 00:49:03
84457,2016-03-16 14:58:43,BMW_523i_touring,privat,Angebot,1600,test,kombi,1999,manuell,170,5er,150000,7,benzin,bmw,nein,2016-03-16 00:00:00,0,76530,2016-03-20 14:18:19
297851,2016-03-25 11:44:55,BMW_316i_voll_fahrbereit,privat,Angebot,1100,test,andere,1995,manuell,0,3er,150000,4,benzin,bmw,,2016-03-25 00:00:00,0,66125,2016-04-06 11:46:03
230828,2016-03-07 19:39:36,Mercedes_Benz_CL_500_7G_TRONIC,privat,Angebot,30000,control,coupe,2008,automatik,387,cl,150000,3,benzin,mercedes_benz,nein,2016-03-07 00:00:00,0,63739,2016-04-05 06:47:08
245899,2016-03-23 20:51:47,Bmw_e36_318i_touring,privat,Angebot,1099,test,kombi,1997,manuell,118,3er,150000,0,benzin,bmw,nein,2016-03-23 00:00:00,0,45899,2016-03-23 20:51:47
315397,2016-03-19 15:50:08,Mercedes_Benz_B180_CDI,privat,Angebot,6499,control,,2008,manuell,0,b_klasse,150000,0,diesel,mercedes_benz,,2016-03-19 00:00:00,0,73770,2016-04-07 00:45:47
7524,2016-04-02 20:46:21,Seat_Toledo_140_Ps__Diesel,privat,Angebot,4800,test,limousine,2004,,140,toledo,150000,7,diesel,seat,nein,2016-04-02 00:00:00,0,73033,2016-04-06 21:17:05
104478,2016-04-01 02:51:18,Renault_Kangoo_1.4_komplett_oder_in_Teile,privat,Angebot,10,control,kombi,1998,manuell,75,kangoo,150000,12,benzin,renault,ja,2016-03-31 00:00:00,0,24941,2016-04-07 04:16:35
155481,2016-03-18 15:41:23,Subaru_Impreza_WRX_STI_Sport,privat,Angebot,17700,control,limousine,2008,manuell,300,impreza,125000,4,benzin,subaru,nein,2016-03-18 00:00:00,0,93170,2016-04-05 22:17:38
353279,2016-03-07 23:57:37,Volkswagen_Golf_1.6_Family______Wenige_Kilometer_____,privat,Angebot,1950,test,limousine,1997,manuell,75,golf,60000,6,benzin,volkswagen,nein,2016-03-07 00:00:00,0,99625,2016-04-07 11:46:09
288442,2016-03-10 00:57:59,Alfa_Romeo_166_3.0_V6_24V,privat,Angebot,1450,control,limousine,1998,automatik,226,andere,150000,12,benzin,alfa_romeo,nein,2016-03-09 00:00:00,0,12157,2016-03-11 05:16:18
29572,2016-03-17 19:52:20,Ford_Focus_Turnier_1.6_Ti_VCT_Ghia,privat,Angebot,3500,control,kombi,2005,manuell,116,focus,150000,8,benzin,ford,nein,2016-03-17 00:00:00,0,79761,2016-04-07 08:15:30
303017,2016-04-03 19:59:10,VW_Golf_6_1.6L_Diesel,privat,Angebot,8400,test,,2017,manuell,105,golf,150000,6,diesel,volkswagen,nein,2016-04-03 00:00:00,0,38108,2016-04-05 20:45:46
173929,2016-03-24 13:25:23,Citroën_Xantia_Kombi_1.8_16V_Exclusive,privat,Angebot,850,control,kombi,1999,manuell,110,andere,150000,2,benzin,citroen,ja,2016-03-24 00:00:00,0,56283,2016-04-05 23:46:42
147167,2016-03-14 08:54:54,Audi_A3_1.6_Ambition,privat,Angebot,5999,test,limousine,2004,manuell,102,a3,125000,2,benzin,audi,nein,2016-03-14 00:00:00,0,46147,2016-04-07 07:15:26
197130,2016-03-08 16:45:24,BMW_318D_Super_Zustand,privat,Angebot,5999,test,limousine,2006,manuell,122,3er,150000,8,diesel,bmw,nein,2016-03-08 00:00:00,0,46236,2016-04-02 23:51:17
77486,2016-03-05 23:37:22,Peugeot_206_1_4,privat,Angebot,1950,control,kleinwagen,2004,manuell,75,2_reihe,100000,1,benzin,peugeot,nein,2016-03-05 00:00:00,0,41462,2016-03-29 11:45:55
225271,2016-03-07 13:48:22,Twingo_blau,privat,Angebot,100,control,,2016,manuell,43,twingo,150000,11,,renault,nein,2016-03-07 00:00:00,0,32791,2016-04-06 11:46:14
348338,2016-03-20 08:54:13,Ford_Galaxy_2.0_TDCI_DPF_Titanium,privat,Angebot,14990,test,bus,2009,manuell,140,galaxy,70000,10,diesel,ford,nein,2016-03-20 00:00:00,0,86637,2016-03-21 11:45:53
113357,2016-03-29 20:38:15,Renault_Trafic_2.0_dCi__L1H1___9_Sitzer__Standhzg__AHK,privat,Angebot,8500,test,kombi,2007,manuell,114,andere,150000,11,diesel,renault,ja,2016-03-29 00:00:00,0,1665,2016-03-29 20:38:15
104237,2016-03-07 07:36:17,Suzuki_Splash._Klima.Unfallfrei._HU_07/17._Wie_Opel_Agila._WR,privat,Angebot,4200,test,kleinwagen,2008,manuell,0,andere,70000,5,benzin,suzuki,nein,2016-03-07 00:00:00,0,21335,2016-03-31 07:47:26
292666,2016-03-15 12:52:33,Mercedes_Benz_E_200_T_CDI_DPF_BlueEFFICIENCY_Automatik_Ele...,privat,Angebot,22950,control,kombi,2010,automatik,136,e_klasse,50000,9,diesel,mercedes_benz,nein,2016-03-15 00:00:00,0,10627,2016-04-06 02:16:01
318773,2016-03-19 15:56:26,Golf_III_fuer_Bastler,privat,Angebot,250,control,limousine,1995,manuell,75,golf,150000,3,benzin,volkswagen,,2016-03-19 00:00:00,0,26127,2016-03-20 18:18:27
246705,2016-03-06 00:56:47,Volkswagen_Golf_Plus_1.9_TDI_Tour,privat,Angebot,8350,control,bus,2007,manuell,105,golf,150000,4,diesel,volkswagen,nein,2016-03-06 00:00:00,0,24109,2016-03-18 03:45:59
192297,2016-03-07 15:52:44,Volkswagen_Special_Edition,privat,Angebot,2550,control,coupe,2002,manuell,101,golf,150000,10,diesel,volkswagen,nein,2016-03-07 00:00:00,0,74078,2016-03-09 11:46:26
227729,2016-04-05 10:50:26,Corsa_b_Guten_zustand_und_zuverlaessig,privat,Angebot,0,control,kleinwagen,1997,manuell,65,corsa,150000,1,benzin,opel,nein,2016-04-05 00:00:00,0,44145,2016-04-07 14:56:15
122728,2016-03-11 22:52:09,VW_Touran_1_6_fsi_TÜV9/2017,privat,Angebot,5000,control,,2017,manuell,116,touran,150000,9,benzin,volkswagen,nein,2016-03-11 00:00:00,0,45665,2016-03-28 19:19:07
264520,2016-04-03 14:48:03,Opel_Vectra_GL___GLS___CD,privat,Angebot,1500,test,limousine,1995,manuell,116,vectra,20000,5,benzin,opel,nein,2016-04-03 00:00:00,0,76703,2016-04-05 13:47:34
72854,2016-04-01 20:44:53,Volkswagen_Golf_Plus_1.9_TDI_Trendline,privat,Angebot,6300,test,bus,2005,manuell,105,golf,125000,5,diesel,volkswagen,nein,2016-04-01 00:00:00,0,21075,2016-04-05 17:45:21
158800,2016-03-17 19:57:48,Toyota_Corolla_1.4,privat,Angebot,3700,control,limousine,2003,manuell,97,corolla,125000,6,benzin,toyota,nein,2016-03-17 00:00:00,0,48455,2016-03-29 02:15:29
313576,2016-03-19 02:42:41,Volkswagen_Golf_Variant_2.0_TDI_DPF_DSG_Comfortline,privat,Angebot,14900,test,kombi,2010,automatik,140,golf,100000,6,diesel,volkswagen,nein,2016-03-18 00:00:00,0,36205,2016-04-02 03:47:09
46008,2016-03-26 18:52:18,VW_Passat_sehr_zuverlaessig_!!,privat,Angebot,850,test,limousine,1988,manuell,72,passat,125000,4,benzin,volkswagen,,2016-03-26 00:00:00,0,78056,2016-04-06 08:17:24
244659,2016-03-05 18:56:09,A160_Classic,privat,Angebot,2300,test,,2017,manuell,102,a_klasse,150000,1,,mercedes_benz,,2016-03-05 00:00:00,0,49565,2016-03-16 19:47:51
46830,2016-03-20 23:57:59,Fiat_Grande_Punto_1_3jtd_90ps,privat,Angebot,2100,control,,2008,manuell,90,,150000,6,,fiat,,2016-03-20 00:00:00,0,84367,2016-03-22 09:16:10
219954,2016-03-09 10:52:51,Peugeot_Partner_1.9D_TÜV_10.16_LKW,privat,Angebot,1150,control,andere,1997,,0,andere,150000,0,diesel,peugeot,,2016-03-09 00:00:00,0,6774,2016-03-20 00:18:15
313657,2016-03-14 07:58:53,__Reserviert_bis_19:00_Uhr_Fahrbereit__Motor_und_Getriebe_sind_OK,privat,Angebot,300,control,coupe,1996,automatik,101,astra,150000,0,benzin,opel,nein,2016-03-14 00:00:00,0,45772,2016-03-15 02:15:36
115948,2016-03-31 20:47:26,Mercedes_Benz_A_180_Autotronic_Avantgarde,privat,Angebot,12500,test,limousine,2009,automatik,116,a_klasse,100000,6,benzin,mercedes_benz,nein,2016-03-31 00:00:00,0,40476,2016-04-06 15:45:40
233989,2016-03-25 03:02:49,BMW_318i,privat,Angebot,3400,control,limousine,2003,manuell,143,3er,150000,9,benzin,bmw,nein,2016-03-25 00:00:00,0,26127,2016-04-06 06:46:28
320962,2016-03-15 12:57:18,320d_edition_sport,privat,Angebot,2300,control,limousine,2003,,0,3er,150000,11,diesel,bmw,nein,2016-03-15 00:00:00,0,35274,2016-03-15 12:57:18
131358,2016-04-03 17:41:02,BMW_320i_touring,privat,Angebot,7500,test,kombi,2002,manuell,170,3er,150000,3,benzin,bmw,nein,2016-04-03 00:00:00,0,82166,2016-04-05 17:26:41
38080,2016-03-09 16:52:14,VW_T4_Pritsche_Dreiseiten___Kipper,privat,Angebot,4950,test,andere,1992,manuell,77,andere,150000,6,diesel,volkswagen,nein,2016-03-09 00:00:00,0,9599,2016-04-07 06:17:10
64386,2016-03-15 17:42:45,VW_Polo_1_4_FSI__Highline__5trg__Klima__GSD__schwarz__gepfl_Zust.,privat,Angebot,2650,control,kleinwagen,2003,manuell,86,polo,150000,7,benzin,volkswagen,nein,2016-03-15 00:00:00,0,21037,2016-03-15 17:42:45
192236,2016-03-09 12:51:56,Audi_A4_Avant_1.8,privat,Angebot,555,control,kombi,1996,manuell,125,a4,150000,3,benzin,audi,nein,2016-03-09 00:00:00,0,78591,2016-03-09 12:51:56
40680,2016-03-21 21:59:50,Opel_Zafira_CNG,privat,Angebot,4850,control,bus,2008,manuell,85,zafira,150000,5,cng,opel,nein,2016-03-21 00:00:00,0,31840,2016-03-25 17:45:11
120051,2016-03-08 15:54:05,BMW_E36_Coupé__BJ:_1997_!!_Motor_&_Getriebe___TOP!!_TÜV_faellig...,privat,Angebot,700,test,coupe,1997,manuell,102,3er,150000,0,benzin,bmw,,2016-03-08 00:00:00,0,53111,2016-03-14 06:18:11
16031,2016-03-28 17:50:08,Hyundai_ATOS,privat,Angebot,2250,test,,2018,manuell,62,,70000,1,benzin,hyundai,nein,2016-03-28 00:00:00,0,23566,2016-04-04 21:17:16
12280,2016-03-31 11:37:55,Opel_Vectra_1.6_CD,privat,Angebot,1499,control,limousine,1997,manuell,101,vectra,20000,11,benzin,opel,nein,2016-03-31 00:00:00,0,6905,2016-04-06 04:46:41
210820,2016-03-08 20:37:06,Mitsubishi_Galant,privat,Angebot,150,control,limousine,1994,manuell,115,galant,150000,8,benzin,mitsubishi,,2016-03-08 00:00:00,0,49377,2016-03-16 08:46:21
236634,2016-03-20 08:37:14,Vw_Passat_1.9_TDI_131_ps_3bg,privat,Angebot,3530,test,kombi,2005,manuell,131,passat,150000,2,diesel,volkswagen,nein,2016-03-20 00:00:00,0,38100,2016-03-25 06:15:19
298440,2016-03-14 09:53:01,Audi_A4_Avant_1.9_TDI,privat,Angebot,1750,control,kombi,1999,manuell,110,a4,150000,8,diesel,audi,nein,2016-03-14 00:00:00,0,27616,2016-03-17 21:44:37
171688,2016-04-05 06:59:49,Mercedes_Benz_C_250_CDI_Coupe_7G_TRONIC__TAUSCH_moeglich,privat,Angebot,26400,test,coupe,2013,automatik,204,c_klasse,60000,11,diesel,mercedes_benz,nein,2016-04-01 00:00:00,0,97447,2016-04-07 09:44:20
90929,2016-03-21 14:44:27,Volkswagen_Polo_1.4_Trendline___TOP_ZUSTAND,privat,Angebot,5500,control,limousine,2006,manuell,80,polo,125000,11,benzin,volkswagen,nein,2016-03-21 00:00:00,0,22589,2016-04-06 11:15:56
233893,2016-03-16 19:40:24,Bmw_____Karosserie_zu_verschenken_!!,privat,Angebot,0,test,coupe,1996,,0,3er,5000,5,benzin,bmw,,2016-03-16 00:00:00,0,32423,2016-03-16 19:40:24
224053,2016-03-13 15:52:17,Audi_A4_Avant_2.0_TDI,privat,Angebot,4500,test,kombi,2005,manuell,140,,150000,0,diesel,audi,,2016-03-13 00:00:00,0,39343,2016-03-13 15:52:17
280116,2016-03-22 09:52:16,Peugeot_307_HDi_110_Neue_Zahnriemen,privat,Angebot,3400,test,limousine,2005,manuell,109,3_reihe,150000,8,diesel,peugeot,nein,2016-03-22 00:00:00,0,78727,2016-04-05 22:15:32
131636,2016-03-07 18:45:25,Volkswagen_Touran_1.9_TDI,privat,Angebot,4550,control,bus,2005,manuell,105,touran,150000,7,diesel,volkswagen,nein,2016-03-07 00:00:00,0,93053,2016-03-19 16:49:04
344140,2016-04-04 14:53:42,Peugeot_206_60__Tuev_2018__8fach_bereift__Schiebedach,privat,Angebot,1899,test,kleinwagen,2001,manuell,60,2_reihe,90000,1,benzin,peugeot,nein,2016-04-04 00:00:00,0,52428,2016-04-04 14:53:42
15673,2016-03-11 04:36:24,Audi_A4_Avant_2.7_TDI_DPF__Sline_Sportpaket_plus,privat,Angebot,13000,control,kombi,2010,manuell,190,a4,150000,5,diesel,audi,nein,2016-03-11 00:00:00,0,68723,2016-04-06 09:16:08
175806,2016-03-18 00:55:49,Fiat_500_F_Rundtacho_unverbastelt_fachmaennische_Rest,privat,Angebot,9200,test,cabrio,1969,manuell,18,500,100000,6,benzin,fiat,nein,2016-03-17 00:00:00,0,38100,2016-04-05 21:18:28
159253,2016-04-04 01:36:22,Bmw_e36_compact_316i_schwarz_?,privat,Angebot,1550,control,,2017,manuell,0,,150000,0,benzin,bmw,nein,2016-04-04 00:00:00,0,24837,2016-04-06 09:44:34
66361,2016-04-03 21:06:23,Tausche_oder_verkaufe_BMW_320TD_Compakt,privat,Angebot,3200,test,coupe,2002,manuell,150,3er,150000,3,diesel,bmw,nein,2016-04-03 00:00:00,0,63303,2016-04-05 12:10:51
128845,2016-04-04 18:44:08,unfall__astra__g_cupe__fahrbereit,privat,Angebot,1000,test,coupe,2001,,0,astra,150000,2,benzin,opel,,2016-04-04 00:00:00,0,46117,2016-04-06 20:44:53
97523,2016-03-24 13:51:18,Verkaufe_meine_Erna!!!_Silber/_grau_!!!,privat,Angebot,450,control,limousine,1998,manuell,60,ka,150000,2,benzin,ford,ja,2016-03-24 00:00:00,0,42699,2016-03-24 14:41:07
292252,2016-03-20 11:53:14,Mercedes_Benz_CLS_350_CDI_7G_TRONIC,privat,Angebot,23900,test,coupe,2010,automatik,224,andere,150000,7,diesel,mercedes_benz,nein,2016-03-20 00:00:00,0,82054,2016-04-06 10:16:29
158300,2016-04-04 18:47:27,BMW_325i_Touring_Aut.,privat,Angebot,14990,test,kombi,2007,automatik,218,3er,125000,6,benzin,bmw,nein,2016-04-04 00:00:00,0,74366,2016-04-06 20:48:26
99211,2016-03-26 18:49:43,Alfa_147_1_6_Liter,privat,Angebot,490,test,kleinwagen,2001,manuell,88,147,150000,6,benzin,alfa_romeo,,2016-03-26 00:00:00,0,65520,2016-04-02 19:18:14
127257,2016-03-15 23:41:30,Audi_A3_2.0_TDI_S_Line_Sportpaket_plus,privat,Angebot,2989,control,limousine,2004,manuell,140,a3,150000,12,diesel,audi,nein,2016-03-15 00:00:00,0,41464,2016-03-15 23:41:30
1393,2016-03-12 11:54:25,Opel_Astra_1.4_Turbo_Sports_Tourer_ecoFLEX_Start/Stop,privat,Angebot,16990,test,kombi,2012,manuell,140,astra,40000,7,benzin,opel,nein,2016-03-12 00:00:00,0,1217,2016-04-06 05:45:07
265423,2016-03-17 17:44:34,A3_1.9TDI_Leder,privat,Angebot,2400,control,limousine,2004,manuell,0,a3,150000,9,diesel,audi,,2016-03-17 00:00:00,0,40210,2016-03-17 17:44:34
18938,2016-03-07 19:52:46,Kia_Ceed_1.4_CVVT_EX,privat,Angebot,2800,control,limousine,2008,manuell,109,ceed,70000,4,benzin,kia,nein,2016-03-07 00:00:00,0,10625,2016-03-07 19:52:46
165105,2016-03-21 15:36:57,Mercedes_Benz_A_170_CDI_mit_neue_TÜV/AU,privat,Angebot,1499,control,limousine,2001,,0,a_klasse,150000,7,diesel,mercedes_benz,nein,2016-03-21 00:00:00,0,9120,2016-03-21 15:36:57
267159,2016-04-01 20:48:50,Volkswagen_up!_BlueMotion_Technology_high_up!,privat,Angebot,8000,test,kleinwagen,2012,manuell,60,up,20000,8,benzin,volkswagen,nein,2016-04-01 00:00:00,0,31623,2016-04-03 18:15:50
194097,2016-03-25 18:36:43,Golf_2_Kombi,privat,Angebot,0,test,,1995,,0,golf,5000,0,,volkswagen,,2016-03-25 00:00:00,0,97453,2016-04-07 00:16:03
97593,2016-04-02 23:36:55,Subaru_Legacy_2.0_4WD,privat,Angebot,700,test,kombi,1995,manuell,116,legacy,150000,10,benzin,subaru,nein,2016-04-02 00:00:00,0,38822,2016-04-07 09:15:37
92456,2016-03-09 11:55:35,Audi_A4_B5_1.8_125_PS__Benziner,privat,Angebot,0,test,limousine,1996,manuell,125,a4,150000,0,benzin,audi,nein,2016-03-09 00:00:00,0,97791,2016-03-09 12:40:57
174002,2016-03-20 11:30:13,Pfleges_Auto_in_sehr_gutem_zustand.,privat,Angebot,2500,test,limousine,2008,manuell,60,ka,70000,6,benzin,ford,nein,2016-03-20 00:00:00,0,65199,2016-03-27 10:47:20
208770,2016-03-28 21:25:32,Volkswagen_Golf_2.0_GTI_DSG,privat,Angebot,7800,test,limousine,2006,automatik,200,golf,150000,5,benzin,volkswagen,nein,2016-03-28 00:00:00,0,57627,2016-04-03 16:46:05
66970,2016-03-14 17:52:45,Renault_Clio_1.2_16V_Campus_Klima__scheckheft,privat,Angebot,2900,test,kleinwagen,2007,manuell,75,clio,125000,5,benzin,renault,nein,2016-03-14 00:00:00,0,60439,2016-03-14 18:44:42
156269,2016-03-24 10:49:56,Verkaufe_Renault,privat,Angebot,400,test,kleinwagen,1997,,90,megane,150000,3,benzin,renault,nein,2016-03-24 00:00:00,0,29525,2016-04-04 23:16:15
341892,2016-04-04 17:36:23,Volkswagen_Golf_Cabrio_1.8,privat,Angebot,1950,test,cabrio,1995,manuell,75,golf,150000,12,benzin,volkswagen,nein,2016-04-04 00:00:00,0,35274,2016-04-06 19:17:08
298991,2016-04-02 20:44:44,Audi_90_2_3_quattro,privat,Angebot,3000,test,,2017,manuell,136,90,150000,0,,audi,,2016-04-02 00:00:00,0,54649,2016-04-04 18:47:07
19756,2016-04-03 14:39:56,MINI_One_Cabrio,privat,Angebot,14990,test,cabrio,2014,manuell,98,one,70000,4,benzin,mini,nein,2016-04-03 00:00:00,0,28832,2016-04-05 13:18:16
363975,2016-03-12 22:50:57,RENAULT_TWINGO_FALTEDACH__BJ_2003_TÜV_04_2017,privat,Angebot,1699,control,kleinwagen,2003,manuell,60,twingo,125000,4,benzin,renault,,2016-03-12 00:00:00,0,24109,2016-03-18 03:19:32
136367,2016-03-23 18:46:22,Seat_Arosa_1.0,privat,Angebot,2199,test,kleinwagen,2004,manuell,50,arosa,150000,10,benzin,seat,nein,2016-03-23 00:00:00,0,25557,2016-04-05 23:18:17
114894,2016-04-01 13:50:16,BMW_316ti_compact,privat,Angebot,2250,test,limousine,2001,automatik,116,3er,150000,9,benzin,bmw,nein,2016-04-01 00:00:00,0,90431,2016-04-01 13:50:16
271525,2016-03-27 16:42:47,Skoda_Octavia_Combi_2.0_TDI_DPF_Scout_4x4,privat,Angebot,9500,test,kombi,2008,manuell,140,octavia,150000,11,diesel,skoda,nein,2016-03-27 00:00:00,0,51580,2016-04-05 11:47:55
264148,2016-04-03 19:42:13,Audi_R8_4.2_FSI_quattro_R_tronic,privat,Angebot,64950,test,coupe,2010,automatik,420,andere,50000,6,benzin,audi,nein,2016-04-03 00:00:00,0,10711,2016-04-05 20:15:59
213640,2016-03-07 15:57:54,Rover_214_si,privat,Angebot,700,control,kleinwagen,1998,manuell,103,andere,150000,0,benzin,rover,,2016-03-07 00:00:00,0,52477,2016-04-05 12:16:23
194647,2016-03-09 16:39:14,Opel_Vectra_1.8_Caravan_CD,privat,Angebot,900,test,kombi,1997,manuell,116,vectra,150000,4,benzin,opel,ja,2016-03-09 00:00:00,0,15232,2016-03-17 17:46:51
52798,2016-03-09 12:59:44,BMW_523i_touring__TÜV_bis_06/2017__Leder_schwarz,privat,Angebot,2550,control,kombi,1999,manuell,170,5er,150000,8,benzin,bmw,nein,2016-03-09 00:00:00,0,94447,2016-03-25 04:47:16
83842,2016-03-05 18:43:10,Fiat_Panda_1.2_Dynamic,privat,Angebot,3299,test,kleinwagen,2008,manuell,60,panda,90000,4,benzin,fiat,nein,2016-03-05 00:00:00,0,44866,2016-04-07 05:16:56
183052,2016-04-04 22:49:44,Volkswagen_Touran_1.6_TDI_DPF_BlueMotion_Technology_STYLE,privat,Angebot,17950,test,bus,2012,manuell,105,touran,60000,2,diesel,volkswagen,nein,2016-04-04 00:00:00,0,41849,2016-04-07 01:46:01
55587,2016-03-20 22:56:25,Mercedes_Benz_E_200__Cabrio,privat,Angebot,22500,test,cabrio,1996,manuell,136,e_klasse,70000,4,benzin,mercedes_benz,nein,2016-03-20 00:00:00,0,66111,2016-04-07 11:44:39
246977,2016-03-21 21:57:06,Mazda_6__wenig_KM,privat,Angebot,2200,control,limousine,2003,automatik,141,6_reihe,125000,4,,mazda,nein,2016-03-21 00:00:00,0,78078,2016-03-28 20:45:17
170586,2016-03-27 15:50:56,Polo_tuning_1.0_Liter_5_Tueren_mit_TÜV,privat,Angebot,799,control,kleinwagen,1996,manuell,60,polo,5000,7,,volkswagen,nein,2016-03-27 00:00:00,0,61250,2016-03-29 12:29:21
238761,2016-03-10 16:49:44,Audi_A8_4.2_quattro_LPG/Benzin,privat,Angebot,1800,control,limousine,1999,automatik,310,a8,150000,3,benzin,audi,nein,2016-03-10 00:00:00,0,78532,2016-03-10 16:49:44
287898,2016-03-23 12:58:11,Lupo_1.2_16v,privat,Angebot,500,control,kleinwagen,1999,manuell,75,lupo,150000,11,benzin,volkswagen,nein,2016-03-23 00:00:00,0,87724,2016-03-23 12:58:11
208164,2016-03-26 23:44:38,Verkaufe_Twingo_C06_1.2_Panoramadach_Sparsamer_Cooler_Flitzer,privat,Angebot,1200,test,kleinwagen,2000,manuell,60,twingo,150000,8,benzin,renault,nein,2016-03-26 00:00:00,0,6917,2016-04-06 15:45:38
21368,2016-03-23 10:48:41,Mercedes_200D_im_Paket_mit_3x_C180,privat,Angebot,1950,control,,1995,,0,andere,150000,0,,mercedes_benz,,2016-03-23 00:00:00,0,24392,2016-04-07 11:15:53
18337,2016-03-17 15:36:47,Ford_Focus_Benzin_und_LPG_GAS_Student_tuning,privat,Angebot,0,test,limousine,2001,manuell,101,focus,150000,6,lpg,ford,nein,2016-03-17 00:00:00,0,66636,2016-04-07 01:16:58
170016,2016-03-31 22:45:16,Porsche_964_Carrera_4,privat,Angebot,65900,test,coupe,1990,manuell,250,911,150000,11,benzin,porsche,nein,2016-03-31 00:00:00,0,25421,2016-03-31 22:45:16
204709,2016-03-30 09:55:40,2_0_diesel_gut_zustand,privat,Angebot,5000,control,kombi,2006,automatik,174,passat,150000,10,diesel,volkswagen,nein,2016-03-30 00:00:00,0,10967,2016-04-07 01:16:47
12561,2016-03-23 20:53:29,Volvo_850___Innen_Super__Aussen_gut_in_Schuss__Motor_laeuft,privat,Angebot,4800,test,kombi,1996,manuell,126,850,150000,7,benzin,volvo,nein,2016-03-23 00:00:00,0,22303,2016-04-06 02:16:44
135541,2016-04-04 11:50:37,Volkswagen_Passat_2.0_TDI_DPF_DSG,privat,Angebot,8999,control,limousine,2007,automatik,170,passat,150000,10,diesel,volkswagen,nein,2016-04-04 00:00:00,0,33106,2016-04-06 12:46:58
289940,2016-04-02 18:45:31,VW_Polo_1.2_Bj._2002_TÜV_12/17_5Tuerer_El_Fenster,privat,Angebot,2000,control,kleinwagen,2002,manuell,65,polo,150000,10,benzin,volkswagen,,2016-04-02 00:00:00,0,12109,2016-04-04 16:45:49
123750,2016-03-05 14:38:30,Audi_A4_Avant_2.0_TDI_DPF,privat,Angebot,5890,control,kombi,2006,manuell,140,a4,150000,11,diesel,audi,nein,2016-03-05 00:00:00,0,47829,2016-04-06 09:44:51
261965,2016-03-17 15:49:52,Mercedes_Benz_208_D__Flach_Halb_Lang,privat,Angebot,2980,test,bus,1997,manuell,79,sprinter,150000,8,diesel,mercedes_benz,nein,2016-03-17 00:00:00,0,13587,2016-03-19 15:45:03
197169,2016-04-03 23:53:56,Volkswagen_Multivan_DPF_mit_Standheizung,privat,Angebot,13750,control,bus,2006,manuell,131,transporter,150000,3,diesel,volkswagen,nein,2016-04-03 00:00:00,0,27607,2016-04-06 08:16:26
268533,2016-04-03 19:47:27,Vw_Passat_1_6,privat,Angebot,0,test,limousine,1999,manuell,0,passat,150000,10,,volkswagen,,2016-04-03 00:00:00,0,24534,2016-04-05 20:44:24
366489,2016-03-15 20:55:06,Fiat_Punto_188_1_2L_Gasumbau_Bastler_oder_Ersatzteilautoca,privat,Angebot,222,test,kleinwagen,2003,manuell,60,punto,150000,5,lpg,fiat,ja,2016-03-15 00:00:00,0,91629,2016-03-17 17:45:29
171613,2016-03-06 16:43:08,Volkswagen_The_Beetle_Cabriolet_1.2_TSI_DSG_Design,privat,Angebot,19500,test,cabrio,2014,automatik,105,beetle,5000,7,benzin,volkswagen,nein,2016-03-06 00:00:00,0,14532,2016-03-24 08:46:58
371413,2016-03-22 15:53:41,Verkaufe_Ford_Focus_Diesel__Automatik,privat,Angebot,15000,control,limousine,2013,automatik,115,focus,60000,10,diesel,ford,nein,2016-03-22 00:00:00,0,24340,2016-03-31 13:47:54
278033,2016-04-03 20:59:17,RENAULT_MEGANE_COUPE*_NAVI*_KLIMA*_1_9_dCi__131_PS*,privat,Angebot,8490,test,coupe,2010,manuell,131,megane,125000,7,diesel,renault,nein,2016-04-03 00:00:00,0,27389,2016-04-05 21:47:38
184967,2016-03-12 01:57:54,Schoenes_Audi_Cabrio_2_6_mit_Hardtop_und_Lederausstattung_u._Sitzh,privat,Angebot,4460,test,cabrio,1996,manuell,150,andere,150000,5,benzin,audi,nein,2016-03-12 00:00:00,0,78359,2016-04-01 21:47:29
100399,2016-04-01 09:50:19,Opel_1.7_CDTI__Standheizung,privat,Angebot,1990,test,bus,2004,manuell,101,meriva,150000,5,diesel,opel,nein,2016-04-01 00:00:00,0,64380,2016-04-01 10:42:36
344837,2016-03-11 00:58:50,Ford_ka_als_bastlerauto_oder_ersatzteilspender,privat,Angebot,150,test,,2000,manuell,50,ka,150000,4,,ford,ja,2016-03-10 00:00:00,0,14797,2016-04-06 05:15:49
251293,2016-03-10 23:52:53,BMW_523i,privat,Angebot,2100,test,limousine,1998,manuell,170,5er,150000,8,benzin,bmw,nein,2016-03-10 00:00:00,0,23968,2016-04-06 01:17:19
55218,2016-03-16 17:39:13,Renault_Twingo_1.2_Liberty_TÜV_AU_NEU,privat,Angebot,1799,control,kleinwagen,2003,manuell,58,twingo,125000,3,benzin,renault,nein,2016-03-16 00:00:00,0,26931,2016-03-24 09:46:48
55706,2016-03-12 10:37:42,Audi_A3_1.6_Ambiente,privat,Angebot,5999,control,limousine,2003,manuell,102,a3,80000,6,benzin,audi,nein,2016-03-12 00:00:00,0,48431,2016-03-15 13:16:35
39307,2016-03-21 12:37:37,Audi_A6_Avant_2.0_TDI_DPF,privat,Angebot,9700,control,kombi,2008,manuell,140,a6,125000,2,diesel,audi,nein,2016-03-21 00:00:00,0,51645,2016-03-26 17:46:55
121631,2016-03-25 17:59:29,Tausche_2_Fahrzeuge_gegen_1_Fahrzeug,privat,Angebot,1,test,,2005,,0,,125000,10,,audi,,2016-03-25 00:00:00,0,99894,2016-04-06 23:17:25
147845,2016-03-30 23:44:25,Mini_Cooper__Vollleder__Panoramadach__Navi_und_vieles_mehr!!!,privat,Angebot,6300,control,kleinwagen,2007,manuell,120,cooper,125000,6,benzin,mini,nein,2016-03-30 00:00:00,0,25899,2016-04-05 14:18:31
9083,2016-03-27 20:46:45,BMW_530d,privat,Angebot,6300,control,limousine,2004,manuell,218,5er,150000,4,diesel,bmw,nein,2016-03-27 00:00:00,0,13439,2016-03-29 10:45:46
326060,2016-04-04 20:50:29,Mercedes_C_220_CDI_Blueefficience,privat,Angebot,22400,control,limousine,2012,automatik,0,c_klasse,50000,5,diesel,mercedes_benz,nein,2016-04-04 00:00:00,0,41236,2016-04-06 23:17:52
32521,2016-03-10 00:36:57,Toyota_IQ_1.0_Multidrive_+,privat,Angebot,6400,control,kleinwagen,2010,automatik,68,andere,50000,10,benzin,toyota,nein,2016-03-09 00:00:00,0,78056,2016-03-17 06:18:07
135421,2016-03-23 17:39:18,Mercedes_Benz_E_270_CDI,privat,Angebot,2000,control,kombi,2001,automatik,0,e_klasse,150000,11,diesel,mercedes_benz,nein,2016-03-23 00:00:00,0,16341,2016-03-23 17:39:18
96951,2016-03-30 18:52:28,BMW_320i,privat,Angebot,4600,test,limousine,2004,automatik,170,3er,150000,4,benzin,bmw,nein,2016-03-30 00:00:00,0,41460,2016-04-07 10:17:01
354174,2016-03-26 17:38:02,Ford_Galaxy_Diesel_Gruene_Plakate,privat,Angebot,1500,control,,2016,automatik,0,galaxy,150000,9,,ford,nein,2016-03-26 00:00:00,0,38444,2016-03-26 17:38:02
225799,2016-03-21 23:58:10,FORD_FOCUS_MK1_Benziner_BHJ_1998_253266_KM_BASTLERFAHRZEUG,privat,Angebot,400,test,limousine,1998,manuell,75,focus,150000,4,benzin,ford,ja,2016-03-21 00:00:00,0,48565,2016-03-31 00:16:53
83143,2016-03-21 07:56:17,Vw_Golf_5_gt_TD?,privat,Angebot,6000,control,,2006,manuell,170,golf,150000,5,diesel,volkswagen,nein,2016-03-21 00:00:00,0,83278,2016-04-06 00:17:01
298265,2016-03-22 21:49:49,Dodge_Caliber_1_8_SE_top_gepflegt,privat,Angebot,6000,control,suv,2009,,150,,125000,10,benzin,sonstige_autos,nein,2016-03-22 00:00:00,0,87452,2016-03-30 04:16:21
362766,2016-03-28 09:52:22,DB_E___Klasse_Limo,privat,Angebot,1150,control,limousine,2000,manuell,116,e_klasse,150000,6,diesel,mercedes_benz,ja,2016-03-28 00:00:00,0,93164,2016-03-28 09:52:22
98733,2016-03-26 16:37:04,Peugeot_207_2.Hand_Unfall,privat,Angebot,2000,control,kleinwagen,2007,manuell,95,2_reihe,90000,10,benzin,peugeot,ja,2016-03-26 00:00:00,0,13585,2016-04-04 03:45:59
136198,2016-03-10 07:36:22,VW_Golf_V_2.0_TDI_DPF_STANDHEIZ_PDC_AHK_TEMP_SITZH_2010_MODELL,privat,Angebot,6600,control,kombi,2010,manuell,140,golf,150000,1,diesel,volkswagen,nein,2016-03-10 00:00:00,0,31246,2016-03-11 07:15:35
137976,2016-03-17 00:58:41,Lupo_zu_verkaufen,privat,Angebot,0,test,kleinwagen,2001,manuell,50,lupo,150000,7,benzin,volkswagen,nein,2016-03-16 00:00:00,0,12679,2016-03-21 09:45:28
36756,2016-03-20 15:53:26,Kia_clarus_7_sitzer_und_eine_Anhaengerkupplung,privat,Angebot,1000,control,kombi,1999,manuell,0,andere,90000,0,benzin,kia,,2016-03-20 00:00:00,0,28219,2016-04-06 20:45:30
180513,2016-03-21 19:38:24,Volkswagen_Lupo_1.4_Colour_Concept,privat,Angebot,990,test,kleinwagen,2000,manuell,75,lupo,150000,3,benzin,volkswagen,nein,2016-03-21 00:00:00,0,89542,2016-04-06 21:47:11
212415,2016-04-01 22:47:38,Smart_smart_&_pulse_Sonderlackierung__Generalueberholt,privat,Angebot,2899,test,cabrio,2001,automatik,61,fortwo,100000,2,benzin,smart,nein,2016-04-01 00:00:00,0,70329,2016-04-05 20:46:48
296453,2016-04-04 20:52:49,Verkaufe_hier_ein_VW_Passat_35i_fuer_900€_VB,privat,Angebot,700,control,,2000,automatik,116,passat,125000,0,,volkswagen,nein,2016-04-04 00:00:00,0,22589,2016-04-06 23:17:59
132012,2016-04-03 22:51:06,Audi_A6_Avant_3.0_TDI_quattro,privat,Angebot,10900,control,kombi,2005,manuell,224,a6,150000,11,diesel,audi,nein,2016-04-03 00:00:00,0,45141,2016-04-06 00:16:04
21214,2016-03-14 21:49:38,Verkaufe_Opel_Astra_an_Bastler,privat,Angebot,180,test,limousine,1996,manuell,0,astra,150000,0,benzin,opel,,2016-03-14 00:00:00,0,38259,2016-03-17 12:45:23
339916,2016-04-04 15:57:53,Volkswagen_Style_Tempomat*Teilleder*_Schiebedach_uvm.,privat,Angebot,9950,test,limousine,2011,manuell,105,golf,90000,9,diesel,volkswagen,nein,2016-04-04 00:00:00,0,37520,2016-04-06 17:45:04
246755,2016-03-30 20:25:22,Golf_IV_1_4_16V__mit_neuem_TÜV,privat,Angebot,1750,control,limousine,2001,manuell,75,golf,150000,3,benzin,volkswagen,nein,2016-03-30 00:00:00,0,57234,2016-04-01 17:31:33
110728,2016-03-15 23:37:12,BMW_320d_Coupe,privat,Angebot,15500,control,coupe,2009,manuell,177,3er,150000,3,diesel,bmw,nein,2016-03-15 00:00:00,0,47803,2016-04-06 00:46:09
10974,2016-03-25 14:38:14,Mercedes_W110_Heckflosse_Leichenwagen_Pollmann_Stolle_Rappold,privat,Angebot,450,control,kombi,1965,automatik,0,andere,100000,0,benzin,mercedes_benz,ja,2016-03-25 00:00:00,0,27243,2016-04-06 17:17:07
49252,2016-03-20 16:36:17,Opel_Astra_1.6_Edition_100,privat,Angebot,1100,test,limousine,1999,manuell,101,astra,150000,9,benzin,opel,nein,2016-03-20 00:00:00,0,45356,2016-03-24 10:17:00
220895,2016-03-31 22:46:02,Peugeot_206_Automatik,privat,Angebot,2300,test,,2016,automatik,75,,100000,7,,peugeot,nein,2016-03-31 00:00:00,0,90441,2016-04-06 18:44:55
146910,2016-04-03 11:38:41,Renault_Clio__braun_metallic__07/06__3_Tuerer,privat,Angebot,3500,control,kleinwagen,2006,manuell,75,clio,125000,7,benzin,renault,ja,2016-04-03 00:00:00,0,17033,2016-04-07 12:44:44
182086,2016-03-10 07:54:28,Suche_7_sitzer_auf_raten,privat,Angebot,100,control,andere,2001,manuell,100,,150000,1,diesel,sonstige_autos,,2016-03-10 00:00:00,0,99955,2016-04-06 04:44:31
186394,2016-03-27 21:40:17,Bmw_e63_m6_v10_21_zoll,privat,Angebot,29900,test,coupe,2005,automatik,507,m_reihe,150000,4,benzin,bmw,,2016-03-27 00:00:00,0,46147,2016-04-05 20:17:32
242008,2016-03-31 13:51:07,Volkswagen_Polo_Joker,privat,Angebot,700,control,limousine,1999,manuell,75,polo,150000,6,benzin,volkswagen,nein,2016-03-31 00:00:00,0,61276,2016-04-02 09:15:45
339572,2016-03-20 11:57:06,Peugeot_407_SW_HDi_110*Leder*Panoramadach*Gruene_Plakete!,privat,Angebot,2990,test,kombi,2005,manuell,109,4_reihe,150000,10,diesel,peugeot,nein,2016-03-20 00:00:00,0,69126,2016-03-20 11:57:06
233827,2016-03-20 12:43:29,Toyota_Avensis_Klimanlage_OZ_Alufelgen,privat,Angebot,1790,test,limousine,1998,manuell,128,avensis,150000,11,benzin,toyota,nein,2016-03-20 00:00:00,0,22143,2016-04-06 11:45:44
340890,2016-04-03 11:53:30,Peugeot_Partner_Tepee_HDi_FAP_110,privat,Angebot,8500,control,bus,2011,manuell,111,andere,100000,6,diesel,peugeot,nein,2016-04-03 00:00:00,0,86875,2016-04-07 13:15:32
8077,2016-03-05 19:55:30,Volkswagen_Golf_1.8,privat,Angebot,750,test,limousine,1993,automatik,75,golf,125000,10,benzin,volkswagen,ja,2016-03-05 00:00:00,0,75179,2016-04-05 18:45:15
199150,2016-03-26 18:25:22,Dodge_RAM_1500_4_7,privat,Angebot,5800,test,suv,2002,automatik,227,,150000,9,lpg,sonstige_autos,ja,2016-03-26 00:00:00,0,60385,2016-04-06 18:19:03
190629,2016-03-22 09:53:55,Lada_2103_Garagenfund,privat,Angebot,0,test,limousine,1976,manuell,0,andere,100000,0,,lada,,2016-03-22 00:00:00,0,98574,2016-04-05 21:15:47
355521,2016-03-19 10:58:27,Mercedes_A140,privat,Angebot,1050,test,kleinwagen,1999,manuell,0,a_klasse,150000,0,,mercedes_benz,,2016-03-19 00:00:00,0,57076,2016-03-25 12:17:22
270676,2016-03-21 23:53:50,MINI_Cooper_Cabrio,privat,Angebot,15750,test,cabrio,2009,manuell,120,cooper,40000,7,benzin,mini,nein,2016-03-21 00:00:00,0,73760,2016-04-05 14:17:57
134130,2016-03-20 17:56:27,Suche_Nissan_Qashqai_bis_6500EUR,privat,Angebot,6500,test,,2007,,0,,150000,0,,nissan,,2016-03-20 00:00:00,0,10369,2016-04-07 00:46:32
165275,2016-04-03 13:46:02,Kia_Picanto,privat,Angebot,2280,control,kleinwagen,2005,manuell,65,picanto,150000,11,lpg,kia,ja,2016-04-03 00:00:00,0,51674,2016-04-05 12:21:24
239068,2016-03-12 12:52:57,SUCHE_AUTO_OHNE_TÜV_ODER_UNFALL,privat,Angebot,0,test,,2005,,0,,100000,0,,sonstige_autos,ja,2016-03-12 00:00:00,0,30890,2016-03-25 12:18:45
52531,2016-03-23 12:52:26,Cadillac_Sehenswertes_Coupe_DeVille,privat,Angebot,19999,control,coupe,1972,automatik,220,,90000,4,benzin,sonstige_autos,nein,2016-03-23 00:00:00,0,12167,2016-04-05 12:45:06
341533,2016-04-01 21:46:34,Opel_Adam_1.4_ecoFLEX_Start/Stop_Slam,privat,Angebot,12850,test,kleinwagen,2013,manuell,87,andere,20000,11,benzin,opel,nein,2016-04-01 00:00:00,0,90427,2016-04-05 19:18:40
225929,2016-03-27 11:40:32,Opel_corsa_tuev_bis_1_/_18,privat,Angebot,1099,test,kleinwagen,1999,manuell,65,corsa,150000,4,benzin,opel,nein,2016-03-27 00:00:00,0,50677,2016-04-07 06:44:31
227485,2016-03-10 23:54:28,OPEL_Vectra,privat,Angebot,2500,test,limousine,2005,manuell,0,vectra,150000,10,diesel,opel,,2016-03-10 00:00:00,0,14947,2016-03-11 01:54:11
157039,2016-04-01 22:57:12,Golf_2_Euro_2_Schwarz_1_3_L_14_Jahre_meiner__Tuev_12.17._Faehrt_gut,privat,Angebot,950,test,kleinwagen,1991,manuell,54,golf,150000,3,benzin,volkswagen,nein,2016-04-01 00:00:00,0,12249,2016-04-05 22:45:57
32608,2016-03-28 11:49:41,Audi_A4,privat,Angebot,12800,control,kombi,2009,manuell,170,a4,150000,4,diesel,audi,nein,2016-03-28 00:00:00,0,85055,2016-04-06 14:17:21
291332,2016-03-20 18:43:47,Opel_Corsa_1.0_12V,privat,Angebot,2350,test,kleinwagen,2003,manuell,58,corsa,90000,9,benzin,opel,nein,2016-03-20 00:00:00,0,59427,2016-04-03 00:44:44
101888,2016-03-20 23:44:37,BMW_318i_in_einem_sehr_guten_Zustand,privat,Angebot,4000,control,limousine,2000,manuell,118,3er,150000,2,benzin,bmw,nein,2016-03-20 00:00:00,0,78549,2016-04-07 09:45:28
21676,2016-03-29 21:57:03,Fiat_Stilo_1.9_JTD_Sport__116_ps__187tkm_gelaufen__fahrbereit,privat,Angebot,1300,test,,2016,manuell,116,stilo,150000,6,diesel,fiat,,2016-03-29 00:00:00,0,33604,2016-04-06 09:46:18
329820,2016-03-10 08:53:31,Neuwertiger_top_gepflegter_Honda_Jazz,privat,Angebot,8200,test,bus,2012,manuell,90,,60000,11,benzin,honda,nein,2016-03-10 00:00:00,0,44225,2016-03-11 09:46:01
144721,2016-03-30 15:52:28,Volkswagen_Golf_1.8_GL,privat,Angebot,949,test,limousine,1991,manuell,90,golf,150000,12,benzin,volkswagen,nein,2016-03-30 00:00:00,0,44147,2016-04-07 06:44:49
278054,2016-04-01 21:50:42,Seat_Alhambra_tdi,privat,Angebot,4300,test,bus,2004,manuell,116,alhambra,150000,3,diesel,seat,ja,2016-04-01 00:00:00,0,12309,2016-04-05 19:46:22
218116,2016-03-13 22:42:43,VW_Golf_V_1.6,privat,Angebot,4000,control,limousine,2004,manuell,102,golf,150000,0,benzin,volkswagen,,2016-03-13 00:00:00,0,65824,2016-03-19 10:18:39
59621,2016-03-12 20:56:09,Volkswagen_Golf_Variant_2.0_TDI_DPF_DSG_Comfortline,privat,Angebot,5700,test,kombi,2008,automatik,140,golf,150000,6,diesel,volkswagen,nein,2016-03-12 00:00:00,0,56828,2016-03-15 08:46:18
288360,2016-03-27 15:40:24,Renault_twingo_teile,privat,Angebot,0,control,,2000,,0,twingo,5000,0,,renault,,2016-03-27 00:00:00,0,47119,2016-04-07 12:18:03
147724,2016-04-05 07:55:56,Audi_A4_Avant_2.0_TDI_DPF_multitronic,privat,Angebot,7500,test,kombi,2006,automatik,140,a4,150000,9,diesel,audi,nein,2016-04-05 00:00:00,0,34582,2016-04-07 12:15:56
351748,2016-04-05 11:56:59,Opel_Corsa_1.2_16V_Edition_Twinport___Klimaanlage,privat,Angebot,3949,test,kleinwagen,2005,manuell,80,corsa,90000,7,benzin,opel,nein,2016-04-05 00:00:00,0,69514,2016-04-05 12:39:41
93158,2016-03-07 13:52:58,Volkswagen_Touran_2.0_TDI_Trendline,privat,Angebot,8600,control,bus,2007,manuell,140,touran,150000,9,diesel,volkswagen,nein,2016-03-07 00:00:00,0,40789,2016-03-12 00:44:53
361351,2016-03-05 18:25:37,Golf_3_GT_Spezial_90PS_schwarz,privat,Angebot,600,control,kleinwagen,1994,manuell,90,golf,150000,4,benzin,volkswagen,ja,2016-03-05 00:00:00,0,35415,2016-03-06 16:14:15
193151,2016-03-07 09:58:01,TT_Coupé_180_PS,privat,Angebot,4200,control,coupe,1999,manuell,180,tt,150000,0,benzin,audi,,2016-03-07 00:00:00,0,53125,2016-03-08 09:44:31
240903,2016-04-04 08:57:13,Alukomplettraeder_original_BMW_2_Saetze,privat,Angebot,300,control,,2006,,0,3er,5000,0,,bmw,,2016-04-04 00:00:00,0,49324,2016-04-06 10:16:40
51909,2016-03-31 14:25:19,Cabrio_Ford_Escort,privat,Angebot,1150,test,cabrio,1997,manuell,90,escort,150000,4,benzin,ford,nein,2016-03-31 00:00:00,0,65428,2016-04-02 08:29:35
258213,2016-03-30 17:55:10,Skoda_Fabia_1.4_MPI,privat,Angebot,700,control,kleinwagen,2000,manuell,68,fabia,100000,0,benzin,skoda,,2016-03-30 00:00:00,0,38350,2016-03-30 17:55:10
140211,2016-03-09 18:47:09,BMW_320d_M_Sportpaket,privat,Angebot,27999,test,limousine,2012,manuell,184,3er,30000,11,diesel,bmw,nein,2016-03-09 00:00:00,0,37671,2016-04-07 14:32:59
304148,2016-03-26 17:47:46,Mercedes_Benz_SLK_200__BlueEFFICIENCY__7G_TRONIC_PLUS,privat,Angebot,24500,control,cabrio,2011,automatik,184,slk,80000,9,benzin,mercedes_benz,nein,2016-03-26 00:00:00,0,71729,2016-03-29 20:44:56
245929,2016-03-28 18:06:27,Toyota_Yaris,privat,Angebot,1200,control,kleinwagen,2003,manuell,0,yaris,150000,0,benzin,toyota,,2016-03-28 00:00:00,0,35753,2016-04-01 06:16:14
322618,2016-03-08 21:53:05,BMW_740i,privat,Angebot,10400,control,limousine,1998,automatik,286,7er,150000,11,benzin,bmw,nein,2016-03-08 00:00:00,0,57072,2016-03-25 09:46:48
75814,2016-03-17 12:37:19,Ford_Fusion_1.25_Ambiente_2.Hand__Zahnriemen_&_Inspektion_neu,privat,Angebot,2700,test,kleinwagen,2006,manuell,75,fusion,150000,3,benzin,ford,nein,2016-03-17 00:00:00,0,28777,2016-03-17 13:42:19
274723,2016-04-02 12:55:55,VW_Golf_Plus_Cross,privat,Angebot,5999,test,bus,2007,manuell,105,golf,150000,8,diesel,volkswagen,nein,2016-04-02 00:00:00,0,38124,2016-04-06 11:15:24
272812,2016-03-20 10:36:59,2014_Fiat_500sport_Twinair_Turbo,privat,Angebot,13500,control,kleinwagen,2014,manuell,86,500,30000,7,benzin,fiat,,2016-03-20 00:00:00,0,88368,2016-04-06 06:17:42
34472,2016-03-28 12:42:14,VW_Lupo_1.0,privat,Angebot,1100,test,kleinwagen,1999,manuell,50,lupo,150000,4,benzin,volkswagen,,2016-03-28 00:00:00,0,59302,2016-03-28 12:42:14
155508,2016-03-23 09:52:07,Biete_meinen_zuverlaessigen_nissan_micra,privat,Angebot,650,test,kleinwagen,1999,,0,micra,150000,0,benzin,nissan,,2016-03-23 00:00:00,0,30559,2016-03-24 17:18:54
101113,2016-03-19 15:53:59,Audi_Q7_4.2_TDI_DPF_Quattro_S_Line_Plus,privat,Angebot,15500,control,limousine,2008,automatik,326,q7,150000,10,diesel,audi,nein,2016-03-19 00:00:00,0,65929,2016-04-03 09:46:22
244359,2016-04-04 16:53:50,Toyota_Avensis_T25_2.2_D_Cat_Kombi_Executive,privat,Angebot,4200,test,kombi,2005,manuell,177,avensis,150000,12,diesel,toyota,nein,2016-04-04 00:00:00,0,9380,2016-04-06 18:46:41
79511,2016-03-07 17:52:30,Seat_Inca_SDI_TÜV_06/2017,privat,Angebot,350,test,,2017,manuell,64,andere,150000,4,diesel,seat,,2016-03-07 00:00:00,0,38543,2016-03-11 22:47:24
338721,2016-04-05 11:43:26,Lancia_Lybra_Station_Wagon_1.9_jtd_LX,privat,Angebot,1150,test,kombi,2000,manuell,105,lybra,150000,3,diesel,lancia,nein,2016-04-05 00:00:00,0,69469,2016-04-05 11:43:26
299185,2016-03-20 12:40:57,Mazda_6__Sport_Kombi_2.0_Exclusive_Erstbesitz,privat,Angebot,9299,test,kombi,2009,manuell,147,6_reihe,150000,4,benzin,mazda,nein,2016-03-20 00:00:00,0,14776,2016-04-06 11:17:47
83577,2016-03-08 11:39:54,Ford_Mondeo_Turnier__Ghia__Autogas__Leder__216000_km__Bj_2002,privat,Angebot,1300,control,kombi,2002,manuell,146,mondeo,150000,6,benzin,ford,nein,2016-03-08 00:00:00,0,18461,2016-03-22 01:47:31
219836,2016-03-26 18:50:45,Citroën_C3_1.4__scheckheftgepflegt_km060000,privat,Angebot,4000,test,kleinwagen,2006,manuell,73,c3,60000,8,benzin,citroen,nein,2016-03-26 00:00:00,0,63654,2016-03-26 18:50:45
38947,2016-03-20 09:46:33,Hammer_Cabrio_Smart_Brabus_style_mit_Mega_Ausstattung,privat,Angebot,5999,control,cabrio,2008,automatik,100,fortwo,90000,6,benzin,smart,nein,2016-03-20 00:00:00,0,63683,2016-03-21 11:44:48
352852,2016-03-16 18:54:16,Audi_A4_Cabrio_TDI_mit_DPF__Vollleder__Bi_Xenon,privat,Angebot,10500,control,cabrio,2006,manuell,140,a4,150000,6,diesel,audi,nein,2016-03-16 00:00:00,0,23568,2016-04-07 03:17:35
60893,2016-03-09 12:47:57,Ford_Thunderbird,privat,Angebot,6000,control,coupe,1978,automatik,170,andere,5000,7,benzin,ford,nein,2016-03-09 00:00:00,0,4895,2016-03-14 17:17:12
299207,2016-03-09 22:46:49,Seat_Ibiza_SC_1.4_16V,privat,Angebot,6900,test,kleinwagen,2009,manuell,86,ibiza,70000,10,benzin,seat,nein,2016-03-09 00:00:00,0,72393,2016-04-02 06:15:22
344885,2016-03-09 23:55:09,Opel_Astra_1_6_Caravan_Edition_TÜV_NEU!,privat,Angebot,5850,test,kombi,2009,manuell,116,astra,125000,5,benzin,opel,nein,2016-03-09 00:00:00,0,25845,2016-03-18 02:47:00
294871,2016-03-23 12:57:29,Smart_450_Klima_Diesel_Automatik__Neue_TÜV,privat,Angebot,1999,control,,2018,automatik,0,,150000,7,diesel,smart,nein,2016-03-23 00:00:00,0,21509,2016-03-27 17:16:01
326845,2016-03-25 01:36:22,Mercedes_280_SE_Kollektion_1979,privat,Angebot,0,test,limousine,1979,,0,andere,150000,0,benzin,mercedes_benz,,2016-03-25 00:00:00,0,42105,2016-04-06 04:46:17
69996,2016-03-27 22:56:43,Skoda_Superb_Combi_TDI_4x4_Outdoor_Standheizung_Voll,privat,Angebot,19990,test,kombi,2013,manuell,170,superb,125000,1,diesel,skoda,nein,2016-03-27 00:00:00,0,38173,2016-04-06 04:15:30
229959,2016-03-15 11:55:20,T4_bus_business,privat,Angebot,10200,test,,2000,manuell,180,transporter,150000,4,diesel,volkswagen,,2016-03-15 00:00:00,0,64807,2016-03-16 08:16:03
358125,2016-03-16 15:54:18,Renault_Espace_2_Liter_140_PS,privat,Angebot,1500,test,bus,2000,manuell,140,espace,150000,2,benzin,renault,nein,2016-03-16 00:00:00,0,38259,2016-03-19 13:50:14
152812,2016-04-02 19:38:25,Mercedes_Benz_E_220_CDI_Avantgarde_DPF,privat,Angebot,7799,control,limousine,2004,manuell,150,e_klasse,150000,11,diesel,mercedes_benz,nein,2016-04-02 00:00:00,0,40764,2016-04-06 19:44:38
281149,2016-03-08 10:57:04,Skoda_Fabia_guenstig_abzugeben,privat,Angebot,1500,test,kombi,2003,manuell,100,fabia,150000,0,benzin,skoda,,2016-03-08 00:00:00,0,17166,2016-03-08 11:46:22
125481,2016-03-31 14:54:19,Mitsubishi_Colt_1.3_Invite,privat,Angebot,5200,control,limousine,2008,manuell,95,colt,70000,2,benzin,mitsubishi,nein,2016-03-31 00:00:00,0,47647,2016-03-31 15:44:07
306983,2016-03-13 13:47:28,Audi_A6_4F_3.0_TDI_*keyless/LED_Tfl/AAS/quattro/Solar/sthzg*,privat,Angebot,10350,test,kombi,2005,automatik,224,a6,150000,7,diesel,audi,,2016-03-13 00:00:00,0,47906,2016-04-04 14:46:47
148074,2016-03-23 21:49:06,Fiat_Kleinwagen!!!!,privat,Angebot,850,test,kleinwagen,1996,manuell,45,seicento,90000,0,benzin,fiat,,2016-03-23 00:00:00,0,53757,2016-03-29 18:17:29
5739,2016-03-22 07:56:12,VW_Touren_Highline,privat,Angebot,9800,control,bus,2007,automatik,140,touran,150000,10,benzin,volkswagen,nein,2016-03-22 00:00:00,0,14656,2016-03-23 15:49:31
98601,2016-03-20 14:47:42,Golf_4_Variant,privat,Angebot,1500,test,kombi,1999,manuell,101,golf,150000,9,benzin,volkswagen,nein,2016-03-20 00:00:00,0,47279,2016-03-28 14:17:02
155883,2016-03-06 14:52:46,VW._T4_Transporter_LKW__AHK_und_TÜV__02_2018,privat,Angebot,2200,control,bus,1995,manuell,78,transporter,150000,7,diesel,volkswagen,nein,2016-03-06 00:00:00,0,39576,2016-04-07 05:17:25
302947,2016-03-25 11:37:32,Smart_Fortwo_Cabrio_Softtouch_Passion_Micro_Hybrid_Auto_PKW,privat,Angebot,5800,test,cabrio,2009,automatik,71,fortwo,70000,9,benzin,smart,nein,2016-03-25 00:00:00,0,92274,2016-04-06 11:45:27
339437,2016-03-07 16:47:17,Mazda_MX_5_1.6i_16V,privat,Angebot,3090,control,cabrio,1998,manuell,110,mx_reihe,125000,7,benzin,mazda,nein,2016-03-07 00:00:00,0,83024,2016-04-05 20:19:25
220662,2016-03-10 23:55:24,Citroen_C5_Carlsson,privat,Angebot,21000,test,kombi,2010,automatik,163,c5,80000,8,diesel,citroen,nein,2016-03-10 00:00:00,0,38239,2016-03-17 07:45:59
205942,2016-03-28 22:50:25,Volkswagen_Turan,privat,Angebot,8250,control,bus,2007,manuell,170,touran,150000,6,diesel,volkswagen,nein,2016-03-28 00:00:00,0,63450,2016-04-07 07:16:47
203401,2016-04-02 12:58:35,Verkaufe_mein_Twingo_mit_Tuev_oder_tausche,privat,Angebot,300,test,kleinwagen,1997,manuell,50,twingo,150000,0,,renault,,2016-04-02 00:00:00,0,28239,2016-04-02 12:58:35
112267,2016-04-05 09:53:31,SUCHE_GOLF_3_mit_1.8_Maschinen,privat,Angebot,0,control,andere,1995,,75,golf,150000,5,benzin,volkswagen,,2016-04-05 00:00:00,0,46414,2016-04-07 13:16:31
237277,2016-04-02 05:36:36,Peugeot_206_JBL_Edition,privat,Angebot,3199,control,,2018,automatik,109,2_reihe,150000,8,lpg,peugeot,,2016-04-02 00:00:00,0,86356,2016-04-06 07:15:31
132136,2016-03-26 15:37:59,Ford_Focus_Style_1.6,privat,Angebot,7895,test,limousine,2008,manuell,101,focus,80000,10,benzin,ford,nein,2016-03-26 00:00:00,0,72175,2016-04-06 03:17:38
152385,2016-03-21 22:38:33,Mercedes_Benz_E_280_T,privat,Angebot,2000,control,kombi,1995,manuell,193,e_klasse,150000,6,benzin,mercedes_benz,nein,2016-03-21 00:00:00,0,1219,2016-04-07 04:17:31
120324,2016-03-27 15:57:57,VW_181__Kuebel__Kurierwagen,privat,Angebot,6999,control,cabrio,1975,manuell,40,andere,125000,5,benzin,volkswagen,nein,2016-03-27 00:00:00,0,31848,2016-04-07 14:56:09
353113,2016-03-12 15:39:29,Passat_Variant_Highline_2_0_TDI__Diesel__Automatik__top_gepflegt,privat,Angebot,9100,control,kombi,2008,automatik,140,passat,150000,3,diesel,volkswagen,nein,2016-03-12 00:00:00,0,16278,2016-03-14 09:45:45
115622,2016-03-14 04:52:53,Golf_IV_101PS_Euro_4_Zentralverriegelung_Klima_4x_Reifen_TOP!,privat,Angebot,1799,control,limousine,2000,manuell,101,golf,150000,3,benzin,volkswagen,nein,2016-03-14 00:00:00,0,59590,2016-04-07 03:16:24
303777,2016-03-17 15:45:59,Biete_Ford_Ka_zum_Ausschlachten_oder_wieder_Aufbauen,privat,Angebot,125,test,kleinwagen,1998,,0,ka,150000,0,benzin,ford,ja,2016-03-17 00:00:00,0,32699,2016-04-01 02:18:13
18026,2016-04-01 20:50:13,Polo__4_tuerig__guenstig_!,privat,Angebot,350,test,kleinwagen,1995,manuell,75,polo,150000,9,benzin,volkswagen,,2016-04-01 00:00:00,0,71717,2016-04-05 18:18:44
14904,2016-04-01 17:58:34,Corsa_Sondermodell_1_0_Faltdach,privat,Angebot,1390,test,kleinwagen,2000,manuell,56,corsa,150000,6,benzin,opel,nein,2016-04-01 00:00:00,0,52372,2016-04-06 17:17:47
11066,2016-03-23 18:53:31,BMW___E36___Compact___316i___Automatik,privat,Angebot,950,test,,2017,automatik,0,3er,150000,0,benzin,bmw,,2016-03-23 00:00:00,0,33334,2016-04-05 23:45:46
73511,2016-04-01 09:53:12,Volkswagen_Golf_Cabrio_1.8,privat,Angebot,2500,test,cabrio,1995,manuell,90,golf,150000,5,benzin,volkswagen,nein,2016-04-01 00:00:00,0,36251,2016-04-07 07:15:46
14533,2016-03-05 15:49:28,Skoda_Octavia_1.9TDI_DSG_TÜVneu,privat,Angebot,3599,control,,2018,automatik,105,octavia,150000,4,,skoda,,2016-03-05 00:00:00,0,21423,2016-03-05 17:17:17
75970,2016-03-11 18:40:33,Suche_Ford_Mondeo_oder_Renault_Laguna,privat,Angebot,0,test,,2000,,0,,150000,0,,ford,,2016-03-11 00:00:00,0,38518,2016-03-20 03:46:53
152572,2016-03-12 10:25:21,Ford_Ka,privat,Angebot,800,control,kleinwagen,2004,,60,,150000,0,,ford,,2016-03-12 00:00:00,0,65201,2016-03-27 00:18:08
171594,2016-03-14 22:41:14,BMW_316i__E36_coupe_Tuev_12/16,privat,Angebot,1200,control,coupe,1994,manuell,0,3er,150000,12,benzin,bmw,,2016-03-14 00:00:00,0,59425,2016-03-17 13:17:25
36854,2016-03-05 18:53:34,Opel_Vectra,privat,Angebot,4900,test,,2016,automatik,150,vectra,150000,5,diesel,opel,nein,2016-02-27 00:00:00,0,42389,2016-04-03 04:17:03
57735,2016-03-31 18:58:40,VW_Golf_IV_1.6_Benzin_EZ:1999,privat,Angebot,2400,control,kleinwagen,1999,manuell,101,golf,150000,0,benzin,volkswagen,nein,2016-03-31 00:00:00,0,99706,2016-04-06 13:45:29
67915,2016-04-01 16:37:54,Mercedes_Benz_E_200_T_Kompressor_Automatik_Avantgarde,privat,Angebot,19750,control,kombi,2009,automatik,184,e_klasse,70000,4,benzin,mercedes_benz,nein,2016-04-01 00:00:00,0,34128,2016-04-05 11:18:46
127121,2016-03-28 12:41:45,Mercedes_CLA_220_Diesel_Automatik_7_Gtronic_AMG,privat,Angebot,27900,test,limousine,2015,automatik,177,c_klasse,20000,3,diesel,mercedes_benz,,2016-03-28 00:00:00,0,47059,2016-04-06 15:15:45
315243,2016-03-16 08:56:10,Vw_Bora_Golf__Passat_variant__Cabrio,privat,Angebot,900,test,limousine,1999,manuell,101,bora,150000,6,benzin,volkswagen,,2016-03-16 00:00:00,0,19370,2016-03-17 07:47:39
136833,2016-03-09 12:59:40,Polo_6n_guenstiger_Stadtwagen,privat,Angebot,899,control,kleinwagen,1994,manuell,60,polo,125000,5,benzin,volkswagen,nein,2016-03-09 00:00:00,0,39122,2016-03-15 13:47:34
363606,2016-03-27 14:48:42,Honda_CRX,privat,Angebot,0,control,coupe,1996,manuell,125,civic,150000,11,benzin,honda,ja,2016-03-27 00:00:00,0,48683,2016-04-07 11:45:03
86676,2016-03-30 23:36:22,Polo__6n,privat,Angebot,400,control,,2016,manuell,50,polo,150000,7,,volkswagen,,2016-03-30 00:00:00,0,71409,2016-03-30 23:36:22
194147,2016-03-21 17:46:32,Mercedes_180_C___kombi,privat,Angebot,300,control,kombi,1997,manuell,125,,150000,6,benzin,mercedes_benz,,2016-03-21 00:00:00,0,31311,2016-03-21 17:46:32
27160,2016-04-03 13:47:16,Passat_1.6_Comfortline_3._Hand/Klima/8_fach_bereift,privat,Angebot,2200,control,limousine,1997,manuell,101,passat,150000,8,benzin,volkswagen,nein,2016-04-03 00:00:00,0,31718,2016-04-05 12:45:26
263939,2016-03-20 00:36:44,Audi_A3_2.0_TDI,privat,Angebot,4950,control,limousine,2004,automatik,140,a3,60000,6,diesel,audi,nein,2016-03-20 00:00:00,0,90409,2016-04-06 02:17:23
235285,2016-03-19 17:44:12,Renault_Scenic_1.9_dCi_Dynamique,privat,Angebot,2200,control,bus,2005,manuell,120,scenic,150000,3,diesel,renault,nein,2016-03-19 00:00:00,0,31275,2016-04-07 03:45:59
143610,2016-03-11 14:46:24,BMW_e36_316_i__Compact,privat,Angebot,985,control,coupe,2000,manuell,105,3er,150000,7,benzin,bmw,nein,2016-03-11 00:00:00,0,34225,2016-03-30 20:15:49
209709,2016-03-21 17:46:06,Audi_A6_2.8_quattro,privat,Angebot,850,control,limousine,1995,manuell,174,a6,150000,1,benzin,audi,nein,2016-03-21 00:00:00,0,8297,2016-04-06 17:46:58
339072,2016-03-27 13:53:36,E36_mit_TÜV_03/2018,privat,Angebot,1750,test,andere,1997,manuell,102,3er,150000,3,benzin,bmw,nein,2016-03-27 00:00:00,0,36148,2016-03-27 13:53:36
332858,2016-03-18 17:41:53,Chrysler_PT_Cruiser_2.0_Limited_Edition_**Navi**Klima**Leder**TOP,privat,Angebot,999,test,limousine,2001,manuell,141,ptcruiser,150000,2,benzin,chrysler,nein,2016-03-18 00:00:00,0,89584,2016-03-28 11:51:23
217970,2016-03-19 19:47:42,Volkswagen_T5_Multivan,privat,Angebot,16800,control,bus,2005,automatik,174,transporter,150000,10,diesel,volkswagen,nein,2016-03-19 00:00:00,0,74072,2016-04-07 07:44:55
164467,2016-03-26 14:39:14,X5_3.0sd_Sport_Paket_PANO_BI_XENON_Standheiz_Navi,privat,Angebot,12200,control,suv,2008,automatik,286,x_reihe,100000,12,diesel,bmw,nein,2016-03-26 00:00:00,0,10115,2016-03-26 14:39:14
280661,2016-03-26 12:53:45,Ford_Fiesta_Titanium_Limousine_5_tuerig_1.25_l_Duratec,privat,Angebot,9200,control,limousine,2012,manuell,82,fiesta,60000,3,benzin,ford,nein,2016-03-26 00:00:00,0,54296,2016-04-06 01:16:22
25476,2016-04-03 19:36:43,Mercedes_Benz_C_200_CDI_Sportcoupe,privat,Angebot,7100,test,coupe,2006,manuell,122,c_klasse,150000,3,diesel,mercedes_benz,nein,2016-04-03 00:00:00,0,65760,2016-04-07 14:55:58
93609,2016-03-16 20:51:28,Schoene_rodster_Mazda_MX_5,privat,Angebot,7000,control,cabrio,2006,manuell,126,mx_reihe,100000,4,,mazda,nein,2016-03-16 00:00:00,0,88326,2016-04-03 07:16:19
172557,2016-03-21 18:51:54,Toyota_RAV_4_D_4D_4x4_Special_Black_Edition..,privat,Angebot,4800,test,suv,2002,manuell,116,rav,150000,8,diesel,toyota,nein,2016-03-21 00:00:00,0,54689,2016-04-06 21:16:37
3860,2016-03-08 20:48:12,Nissan_Navara__Automatik__Diesel__Bj.2004_tuev._6.2017,privat,Angebot,5500,control,suv,2004,automatik,173,navara,150000,6,diesel,nissan,nein,2016-03-08 00:00:00,0,19053,2016-03-10 07:45:29
66073,2016-04-03 19:49:03,Volkswagen_Golf_2.0_TDI_DPF_Comfortline,privat,Angebot,7899,test,limousine,2009,manuell,140,golf,150000,9,diesel,volkswagen,nein,2016-04-03 00:00:00,0,63303,2016-04-07 11:44:58
209101,2016-03-25 19:38:40,Citroen_2009,privat,Angebot,3399,test,,2016,manuell,0,c2,100000,9,benzin,citroen,nein,2016-03-25 00:00:00,0,33689,2016-04-07 01:17:53
143460,2016-03-08 16:37:41,Renault_Clio,privat,Angebot,5000,test,kleinwagen,2009,manuell,75,clio,50000,7,benzin,renault,nein,2016-03-08 00:00:00,0,48529,2016-04-07 00:16:25
35657,2016-03-27 15:45:42,Renault_Scenic__Tuev_3/17__sauberes_Auto,privat,Angebot,750,control,kombi,1999,manuell,0,scenic,150000,5,benzin,renault,nein,2016-03-27 00:00:00,0,98553,2016-04-07 12:48:36
257101,2016-03-26 17:46:44,Renault_megane_TÜV_bis_Maerz_2018,privat,Angebot,1580,control,kombi,2005,manuell,0,megane,150000,0,benzin,renault,,2016-03-26 00:00:00,0,66424,2016-04-04 05:51:41
148758,2016-03-05 14:49:36,Renault_Laguna_Grandtour_2.0_16V_Concorde,privat,Angebot,500,control,kombi,2000,manuell,139,laguna,150000,3,benzin,renault,nein,2016-03-05 00:00:00,0,1936,2016-03-15 23:45:42
246235,2016-03-28 17:45:02,Audi_A6_2.0_TFSI,privat,Angebot,22950,test,limousine,2010,manuell,170,a6,60000,10,benzin,audi,nein,2016-03-28 00:00:00,0,48683,2016-03-28 17:45:02
43568,2016-03-12 23:37:33,VW_Golf_Cabrio,privat,Angebot,550,control,,2000,manuell,0,golf,150000,9,benzin,volkswagen,,2016-03-12 00:00:00,0,30179,2016-03-30 01:46:12
176393,2016-03-10 00:36:40,zafira_blau_automatik_diesel_7_sitzer_tuev_7/17,privat,Angebot,3000,control,bus,2006,automatik,150,zafira,150000,11,diesel,opel,nein,2016-03-10 00:00:00,0,41366,2016-03-10 08:45:27
334369,2016-04-05 00:57:54,Verkaufe_Audi_A4_Avant_2.0,privat,Angebot,4700,control,kombi,2004,manuell,130,a4,150000,1,benzin,audi,nein,2016-04-04 00:00:00,0,71720,2016-04-07 11:15:34
144747,2016-03-10 20:59:33,Volkswagen_T2_Westfalia_Komplett_und_Originalausstattung,privat,Angebot,14850,test,bus,1972,manuell,63,transporter,30000,6,benzin,volkswagen,nein,2016-03-10 00:00:00,0,38350,2016-04-06 09:17:45
45045,2016-04-02 10:57:14,Polo_9n3_Goal_Edition_PDC_TÜV_Alufelgen_Volkswagen,privat,Angebot,3450,test,kleinwagen,2006,manuell,55,polo,100000,4,benzin,volkswagen,nein,2016-04-02 00:00:00,0,23795,2016-04-04 08:18:20
94121,2016-03-28 23:57:38,Elektroauto_City_El,privat,Angebot,750,test,andere,1991,automatik,0,,90000,2,,sonstige_autos,,2016-03-28 00:00:00,0,87700,2016-04-05 15:47:00
231605,2016-03-27 19:58:06,BMW_318ti_compact_NAVI_DVD_LEDER_PDC_Automatic_Top,privat,Angebot,4100,control,coupe,2003,automatik,143,3er,150000,4,benzin,bmw,nein,2016-03-27 00:00:00,0,10319,2016-04-01 21:18:31
311645,2016-03-14 12:25:25,E46_320d_MPaket_Xenon_Alcantara,privat,Angebot,2399,control,limousine,2002,manuell,150,3er,150000,3,diesel,bmw,,2016-03-14 00:00:00,0,63303,2016-03-14 12:38:17
208207,2016-03-19 15:42:19,Jeep_Willys_Traveller_Station_Wagon,privat,Angebot,11750,control,suv,1963,manuell,143,andere,40000,7,benzin,jeep,nein,2016-03-19 00:00:00,0,88348,2016-03-24 10:16:28
214778,2016-03-29 10:54:31,3er_Golf__dunkelgruen,privat,Angebot,1000,control,,2016,automatik,90,golf,150000,0,benzin,volkswagen,nein,2016-03-29 00:00:00,0,75378,2016-04-05 19:46:38
38393,2016-03-20 17:56:59,Fiat_Punto,privat,Angebot,4490,test,kleinwagen,2009,manuell,77,,50000,9,benzin,fiat,,2016-03-20 00:00:00,0,84036,2016-04-07 00:46:30
297175,2016-03-20 16:57:40,Audi_A4_Avant_2.0TDI_BIXENON_LEDY_S_LINE_MEGA_FULL,privat,Angebot,8800,test,kombi,2009,automatik,143,a4,150000,7,diesel,audi,nein,2016-03-20 00:00:00,0,91281,2016-03-20 17:44:09
3241,2016-03-31 08:53:13,BMW_116i_/_Top_Zustand,privat,Angebot,5500,control,,2018,manuell,116,1er,150000,12,benzin,bmw,,2016-03-31 00:00:00,0,90451,2016-04-06 03:15:42
84033,2016-03-24 19:36:55,Volkswagen_Golf_2.0_BlueTDI_Cup,privat,Angebot,19999,control,limousine,2014,manuell,150,golf,20000,5,diesel,volkswagen,nein,2016-03-24 00:00:00,0,72270,2016-04-01 16:17:44
186027,2016-03-05 17:39:34,Renault_Scenic_2.0_16V,privat,Angebot,2990,test,bus,2004,manuell,135,scenic,125000,3,benzin,renault,nein,2016-03-05 00:00:00,0,42853,2016-04-07 03:45:21
314812,2016-03-15 09:49:48,BMW_525i_M_Paket_Individual,privat,Angebot,5300,control,limousine,2003,automatik,192,5er,150000,3,benzin,bmw,nein,2016-03-15 00:00:00,0,98666,2016-04-05 18:44:35
199860,2016-03-28 00:55:26,Golf_4_mit_TÜV,privat,Angebot,2100,control,,2016,manuell,75,golf,125000,0,benzin,volkswagen,nein,2016-03-28 00:00:00,0,26817,2016-04-04 08:46:34
186150,2016-03-10 11:57:22,Opel_Corsa_1.2_16V_Sport,privat,Angebot,2300,test,kleinwagen,2002,manuell,75,corsa,150000,4,benzin,opel,nein,2016-03-10 00:00:00,0,49356,2016-03-15 21:44:53
319397,2016-03-16 15:36:44,MINI_Mini_One,privat,Angebot,3199,test,kleinwagen,2002,manuell,90,one,150000,1,benzin,mini,nein,2016-03-16 00:00:00,0,65205,2016-03-23 17:49:15
59675,2016-04-02 19:53:00,BMW_e39_528i,privat,Angebot,3200,control,limousine,1999,manuell,194,5er,150000,11,benzin,bmw,nein,2016-04-02 00:00:00,0,6366,2016-04-02 19:53:00
63771,2016-03-17 10:56:09,Volkswagen_Touran_1.6_FSI_/_Klima_/_Alufelgen/_6_Gang,privat,Angebot,3890,test,bus,2004,manuell,116,touran,150000,1,benzin,volkswagen,nein,2016-03-17 00:00:00,0,30171,2016-03-31 17:17:28
142652,2016-03-14 10:39:39,Mercedes_Benz_E_200_CDI_DPF_BlueEFFICIENCY_7G_TRONIC_Avantgard,privat,Angebot,26850,control,limousine,2013,automatik,136,e_klasse,30000,3,diesel,mercedes_benz,nein,2016-03-14 00:00:00,0,10243,2016-03-27 14:18:00
361266,2016-04-01 15:51:55,Mercedes_Benz_C_220_CDI_DPF_Automatik_BlueEFFICIENCY_Elegance,privat,Angebot,13750,test,limousine,2010,automatik,170,c_klasse,150000,11,diesel,mercedes_benz,nein,2016-04-01 00:00:00,0,22043,2016-04-05 10:48:34
341349,2016-03-21 12:54:09,Renault_Espace,privat,Angebot,600,control,,2016,,140,espace,150000,3,benzin,renault,,2016-03-21 00:00:00,0,13127,2016-03-22 17:16:12
195737,2016-04-05 08:51:13,Stadt_Flitzer_Renault_Twingo_mit_TÜV,privat,Angebot,0,test,,2017,manuell,0,twingo,150000,0,benzin,renault,,2016-04-05 00:00:00,0,65582,2016-04-05 12:27:28
77253,2016-04-03 16:58:08,Skoda_Fabia_60PS_Schaltgetriebe_Candy_Weiss,privat,Angebot,3700,control,kleinwagen,2009,manuell,60,fabia,80000,6,benzin,skoda,nein,2016-04-03 00:00:00,0,38176,2016-04-05 16:46:40
205632,2016-03-20 17:51:35,Audi_A4_Avant_2.0_TDI_DPF_Ambition,privat,Angebot,8500,test,kombi,2009,automatik,143,a4,150000,4,diesel,audi,nein,2016-03-20 00:00:00,0,49762,2016-04-07 00:46:21
34621,2016-04-02 13:50:28,Bastlerfahrzeug_noch_fahrtuechtig,privat,Angebot,250,test,limousine,1998,manuell,60,ibiza,150000,8,,seat,ja,2016-04-02 00:00:00,0,38364,2016-04-02 13:50:28
310089,2016-04-02 09:56:07,Mercedes_Benz_C_230_Kompressor,privat,Angebot,2500,control,coupe,2001,manuell,192,c_klasse,150000,11,benzin,mercedes_benz,nein,2016-04-02 00:00:00,0,25746,2016-04-06 08:15:30
158367,2016-03-17 12:57:39,Honda_Civic_1.4i_KLIMA_SCHIEBEDACH,privat,Angebot,800,test,limousine,1997,manuell,75,civic,150000,7,benzin,honda,nein,2016-03-17 00:00:00,0,42897,2016-03-17 12:57:39
135768,2016-03-15 17:58:41,Opel_Astra_Cabrio_1.6i,privat,Angebot,1500,control,cabrio,1996,manuell,71,astra,150000,3,benzin,opel,nein,2016-03-15 00:00:00,0,23843,2016-03-16 15:45:14
42207,2016-03-21 10:52:45,Audi_a6_4b_Kombi,privat,Angebot,2800,test,kombi,2000,manuell,150,,150000,3,diesel,audi,,2016-03-21 00:00:00,0,32549,2016-04-02 06:18:12
294763,2016-03-30 17:48:55,VW_Polo_Fox_Coupé__Youngtimer,privat,Angebot,1600,control,coupe,1992,manuell,54,polo,90000,1,benzin,volkswagen,nein,2016-03-15 00:00:00,0,45525,2016-04-07 14:32:59
75289,2016-03-11 18:36:37,Mitsubishi_Galant_Kombi__AHK__Klimaautomatik,privat,Angebot,600,test,kombi,2000,manuell,136,galant,150000,11,benzin,mitsubishi,,2016-03-11 00:00:00,0,97318,2016-04-05 19:46:55
124582,2016-03-14 18:49:00,Schoener_gepflegter_mit_wenig_Kilometern,privat,Angebot,200,test,coupe,1998,,0,lanos,125000,0,benzin,daewoo,ja,2016-03-14 00:00:00,0,71263,2016-03-20 08:46:16
344267,2016-03-15 13:36:42,VW_Passat_1_6_Kombi_Klima_Anhaengerkupplung_Voll_Fahrbereit!!,privat,Angebot,699,control,kombi,1999,manuell,101,passat,150000,9,benzin,volkswagen,nein,2016-03-15 00:00:00,0,14979,2016-03-15 14:43:17
53431,2016-03-26 10:38:35,Smart_smart_forfour_pure,privat,Angebot,1590,test,kleinwagen,2005,manuell,64,forfour,150000,12,benzin,smart,nein,2016-03-26 00:00:00,0,53111,2016-04-05 21:17:20
22134,2016-04-01 10:53:39,Mercedes_Benz_CLK_200_Kompressor_Avantgarde_Navi_Sitzheizung,privat,Angebot,6000,control,coupe,2006,automatik,163,clk,150000,8,benzin,mercedes_benz,nein,2016-04-01 00:00:00,0,39288,2016-04-03 07:16:34
326033,2016-03-29 22:48:15,Biete_Volvo_V40_T4,privat,Angebot,555,test,kombi,1998,manuell,200,v40,150000,4,benzin,volvo,nein,2016-03-29 00:00:00,0,12161,2016-04-02 12:45:32
212920,2016-03-24 19:00:07,??Fiat_Punto_Typ_188_Sporting??,privat,Angebot,0,test,kleinwagen,2000,manuell,80,punto,150000,7,benzin,fiat,nein,2016-03-24 00:00:00,0,72458,2016-04-01 16:17:54
160354,2016-03-27 13:39:35,Mitsubishi_Space_RUNNER__TÜV_NEU__ANHÄNGERKUPLUNG,privat,Angebot,1200,test,kombi,1995,manuell,0,,150000,4,benzin,mitsubishi,nein,2016-03-27 00:00:00,0,33154,2016-04-07 09:16:13
112864,2016-03-19 16:56:17,Mercedes_Benz_A_150,privat,Angebot,4800,test,limousine,2005,manuell,95,a_klasse,150000,3,benzin,mercedes_benz,nein,2016-03-19 00:00:00,0,44536,2016-04-07 03:45:51
266321,2016-03-27 08:37:03,Nissan_Micra_Europe,privat,Angebot,3500,test,limousine,2006,manuell,82,micra,150000,7,diesel,nissan,nein,2016-03-27 00:00:00,0,24534,2016-04-07 05:45:13
172461,2016-03-10 18:38:30,Alfa_Romeo_Selespeed_156_Vorleser_grau_beige,privat,Angebot,1999,test,kombi,2004,automatik,161,,150000,3,,alfa_romeo,,2016-03-10 00:00:00,0,63683,2016-03-18 04:15:44
79748,2016-03-07 10:40:49,BMW_116i__BLACK_EDITION_HARTGE,privat,Angebot,8900,test,limousine,2010,manuell,122,1er,125000,9,benzin,bmw,nein,2016-03-07 00:00:00,0,30159,2016-04-06 07:16:03
82356,2016-04-01 17:37:42,Daewoo_Kalos_1.4_SE,privat,Angebot,2450,test,kleinwagen,2003,manuell,83,kalos,80000,3,benzin,daewoo,nein,2016-04-01 00:00:00,0,95447,2016-04-05 12:46:08
133826,2016-03-14 18:40:00,Renault_Twingo_Tuev_10/2016_Vollgetankt_fuer_37_Euro_Klima_AHK,privat,Angebot,650,test,kleinwagen,1996,manuell,58,twingo,150000,10,benzin,renault,,2016-03-14 00:00:00,0,33729,2016-03-16 09:17:05
292149,2016-04-04 14:39:13,Smart_Fortue,privat,Angebot,1700,test,kleinwagen,2000,automatik,55,fortwo,150000,8,benzin,smart,nein,2016-04-04 00:00:00,0,53757,2016-04-06 15:46:04
293008,2016-03-19 12:51:35,Opel_Corsa_Eco_Swing,privat,Angebot,500,test,kleinwagen,1998,manuell,60,corsa,150000,2,benzin,opel,nein,2016-03-19 00:00:00,0,45721,2016-03-24 06:45:32
94446,2016-03-10 13:57:23,Mercedes_Benz_ML_270_CDI_Aut._Scheckheft_Tempomat_Top!!,privat,Angebot,3950,test,suv,2001,manuell,163,m_klasse,150000,10,diesel,mercedes_benz,nein,2016-03-10 00:00:00,0,46325,2016-03-12 18:46:42
180043,2016-04-03 13:46:24,Mercedes_ML_320_CDI_4Matic_7G_Tronic,privat,Angebot,20999,control,suv,2007,automatik,224,m_klasse,100000,11,diesel,mercedes_benz,,2016-04-03 00:00:00,0,40764,2016-04-05 12:44:38
53442,2016-03-08 20:42:17,Ford_Focus_1.6_Futura,privat,Angebot,2300,control,limousine,2003,manuell,101,focus,150000,1,benzin,ford,nein,2016-03-08 00:00:00,0,41540,2016-03-20 02:47:28
93826,2016-03-19 13:51:17,Opel_Corsa_1.0_12V,privat,Angebot,1500,test,kleinwagen,2000,manuell,58,corsa,150000,12,benzin,opel,nein,2016-03-19 00:00:00,0,53881,2016-04-06 20:18:33
212599,2016-03-28 15:48:01,BMW_318i_touring,privat,Angebot,2490,control,kombi,2000,manuell,118,3er,150000,11,benzin,bmw,nein,2016-03-28 00:00:00,0,82110,2016-03-30 06:46:57
172001,2016-03-15 18:39:01,Bmw_E39_525d__DPF_Euro_4__ATM_nur_200tsd_km,privat,Angebot,3200,control,kombi,2001,manuell,163,5er,150000,5,diesel,bmw,nein,2016-03-15 00:00:00,0,66265,2016-03-27 01:18:10
314816,2016-03-09 12:58:46,Toyota_RAV_4_4x4_Special,privat,Angebot,5799,control,suv,2003,manuell,150,rav,150000,5,benzin,toyota,nein,2016-03-09 00:00:00,0,94259,2016-03-28 03:17:22
230222,2016-03-24 21:57:34,Audi_A5_3.0_TDI_DPF_quattro_S_tronic__S_Line__Coupé,privat,Angebot,29950,test,coupe,2012,automatik,245,a5,125000,2,diesel,audi,nein,2016-03-24 00:00:00,0,63619,2016-04-05 18:46:48
347123,2016-03-19 10:48:06,Volkswagen_Golf_Plus1.6_TDI_BlueMotion_AHK_Alarmanlage,privat,Angebot,8899,test,bus,2009,manuell,105,golf,100000,12,diesel,volkswagen,nein,2016-03-19 00:00:00,0,38108,2016-04-06 11:16:08
15196,2016-03-23 21:48:24,Mercedes_CLK_500_W209_AMG_Paket_LPG_sehr_sauber,privat,Angebot,1,test,coupe,2003,automatik,307,clk,5000,3,benzin,mercedes_benz,,2016-03-23 00:00:00,0,46282,2016-03-23 22:41:31
239205,2016-03-17 00:49:34,Skoda_Octavia_Combi_1.9_TDI_Ambiente_Klima_Top_Zustand,privat,Angebot,3990,test,kombi,2005,manuell,105,octavia,150000,6,diesel,skoda,nein,2016-03-16 00:00:00,0,41747,2016-03-17 07:45:43
2880,2016-03-29 19:52:13,Citroen_Jumpy_2.0_HDI_LKW_Kastenwagen_Transporter_wie_Caddy_od_T4,privat,Angebot,3149,control,andere,2006,manuell,109,andere,150000,3,diesel,citroen,nein,2016-03-29 00:00:00,0,54534,2016-03-29 19:52:13
177484,2016-03-10 18:55:37,Mercedes_A170_Elegance,privat,Angebot,1200,test,andere,2001,automatik,95,a_klasse,150000,3,diesel,mercedes_benz,ja,2016-03-10 00:00:00,0,44805,2016-03-19 05:18:15
260499,2016-03-30 18:48:38,Verkaufe_Ford_Puma,privat,Angebot,400,test,coupe,1998,manuell,0,andere,150000,0,benzin,ford,ja,2016-03-30 00:00:00,0,17491,2016-03-30 18:48:38
132529,2016-03-18 00:38:01,Volvo_S40_2.0_D_Momentum__gut_erhalten__8_fach_bereift,privat,Angebot,4200,test,limousine,2005,manuell,136,andere,150000,9,diesel,volvo,nein,2016-03-17 00:00:00,0,70563,2016-04-05 21:47:47
329385,2016-03-30 03:50:21,Chrysler_PT_Cruiser_2.2_CRD,privat,Angebot,3500,test,kombi,2004,manuell,121,ptcruiser,150000,4,diesel,chrysler,nein,2016-03-29 00:00:00,0,73642,2016-04-04 20:17:54
285748,2016-03-26 12:38:39,Mercedes_Benz_SLK_230_Kompressor,privat,Angebot,9999,control,cabrio,1999,manuell,193,slk,80000,6,benzin,mercedes_benz,nein,2016-03-26 00:00:00,0,35083,2016-04-05 23:46:47
101942,2016-03-26 15:57:36,Mercedes_Benz_CLK_Cabrio_200_Kompressor_Avantgarde_final_ed...,privat,Angebot,10900,test,cabrio,2003,automatik,163,clk,80000,12,benzin,mercedes_benz,nein,2016-03-26 00:00:00,0,70736,2016-04-06 04:45:27
229170,2016-03-15 22:44:49,Volkswagen_Polo_86c_Coupé__Sondermodell_Bel_Ami,privat,Angebot,2750,control,kleinwagen,1988,manuell,54,polo,125000,11,benzin,volkswagen,nein,2016-03-15 00:00:00,0,78333,2016-03-27 12:17:52
263900,2016-03-10 16:39:00,Opel_Corsa,privat,Angebot,900,control,kleinwagen,1998,manuell,60,corsa,150000,10,benzin,opel,nein,2016-03-10 00:00:00,0,51643,2016-03-12 06:18:04
349472,2016-03-23 04:36:43,Zu_verkaufen,privat,Angebot,350,test,,2016,manuell,131,omega,150000,9,,opel,nein,2016-03-23 00:00:00,0,41849,2016-03-23 08:48:20
129499,2016-03-27 17:49:04,Polo_1.4_united_Klima_Sitzheizung__Einparkhilfe,privat,Angebot,5499,test,limousine,2008,manuell,80,polo,125000,2,benzin,volkswagen,nein,2016-03-27 00:00:00,0,63741,2016-04-05 14:16:01
156982,2016-04-07 01:36:17,BMW_316i,privat,Angebot,1350,control,limousine,1996,manuell,102,3er,150000,4,benzin,bmw,nein,2016-04-07 00:00:00,0,34497,2016-04-07 01:36:17
240732,2016-03-21 23:37:34,Opel_Vectra_2.2_Caravan_Elegance,privat,Angebot,3800,test,kombi,2004,automatik,155,vectra,150000,11,benzin,opel,nein,2016-03-21 00:00:00,0,16540,2016-04-05 14:17:55
183171,2016-03-23 16:52:00,A3_2.0_TDI_Sportback_DPF_quattro_S_Line,privat,Angebot,3000,test,kombi,2006,,0,a3,150000,11,diesel,audi,nein,2016-03-23 00:00:00,0,14476,2016-03-23 16:52:00
73346,2016-03-07 18:49:29,Audi_A4_Avant_2.5_TDI,privat,Angebot,9500,control,kombi,2005,manuell,163,a4,150000,1,diesel,audi,nein,2016-03-07 00:00:00,0,64372,2016-04-07 05:44:57
101110,2016-03-06 14:06:23,Vw_Polo_9N,privat,Angebot,3000,control,kleinwagen,2003,manuell,64,polo,150000,3,benzin,volkswagen,,2016-03-06 00:00:00,0,57290,2016-04-05 23:17:57
90126,2016-03-14 14:42:51,E36_Teiletraeger_*Schlachtfest*_oder_komplett,privat,Angebot,600,control,coupe,1997,manuell,140,3er,150000,7,,bmw,ja,2016-03-14 00:00:00,0,74076,2016-03-24 22:16:55
252059,2016-04-01 17:50:19,VW_Passat_2.0TDI_///_Standhzg__Sitzhzg_Vo+Hi__Xenon__Navi_uvm.,privat,Angebot,5990,test,kombi,2006,manuell,140,passat,150000,1,diesel,volkswagen,nein,2016-04-01 00:00:00,0,22529,2016-04-01 17:50:19
261437,2016-03-07 17:45:31,Audi_A4_1.6,privat,Angebot,2299,test,limousine,1996,manuell,101,a4,150000,3,benzin,audi,nein,2016-03-07 00:00:00,0,1069,2016-03-31 13:17:35
197849,2016-04-03 16:59:09,BMW_E36_Cabrio_320IA_M_Paket_mit_Hardtop_Vollederausstattung_Beig,privat,Angebot,3490,control,cabrio,1998,automatik,150,3er,150000,6,,bmw,,2016-04-03 00:00:00,0,23560,2016-04-05 16:46:48
311059,2016-03-09 12:36:59,Opel_Astra_1.6_Caravan_Comfort,privat,Angebot,999,control,kombi,1998,manuell,101,astra,150000,7,benzin,opel,nein,2016-03-09 00:00:00,0,48429,2016-03-09 12:36:59
296088,2016-04-07 11:06:34,Alfa_Romeo_147_1.9_JTD_16V_M_Jet_Progression,privat,Angebot,2100,test,limousine,2005,manuell,150,147,150000,5,diesel,alfa_romeo,nein,2016-04-07 00:00:00,0,65760,2016-04-07 11:25:21
214398,2016-03-12 18:39:40,Ford_C_MAX_2.0,privat,Angebot,4799,test,bus,2008,manuell,145,c_max,150000,6,benzin,ford,nein,2016-03-12 00:00:00,0,24884,2016-03-27 14:46:30
230247,2016-03-30 10:47:00,Mercedes_Benz_SL_320___Xenon__Navi__Leder__3__tlg._AMG_Felgen_,privat,Angebot,17800,test,cabrio,1999,automatik,225,sl,150000,6,benzin,mercedes_benz,,2016-03-30 00:00:00,0,85229,2016-04-06 01:36:37
367593,2016-03-17 17:51:32,Smart_smart_limited/1,privat,Angebot,1500,control,kleinwagen,1999,,45,fortwo,125000,5,benzin,smart,nein,2016-03-17 00:00:00,0,39606,2016-04-07 04:17:52
358561,2016-03-28 15:55:58,Volkswagen_Touran_2.0_TDI_DSG,privat,Angebot,10000,control,bus,2006,automatik,170,touran,150000,10,diesel,volkswagen,nein,2016-03-28 00:00:00,0,13355,2016-04-06 20:46:51
223104,2016-03-21 08:06:26,Bmw_e_36_320i_Touring_TÜV_NEU,privat,Angebot,1350,control,kombi,1996,manuell,150,3er,150000,7,benzin,bmw,nein,2016-03-21 00:00:00,0,35037,2016-03-28 09:17:30
229034,2016-04-04 15:41:06,Volkswagen_Touareg_3.0_V6_TDI_Blue_Motion_DPF_Automatik,privat,Angebot,28200,test,suv,2011,automatik,239,touareg,100000,3,diesel,volkswagen,nein,2016-04-04 00:00:00,0,85635,2016-04-06 16:47:30
293793,2016-04-01 10:41:32,Vw_Golf_3_golf3_mit_TÜV_Festpreis_Euro_Umruestung,privat,Angebot,350,control,kleinwagen,1994,manuell,75,golf,150000,0,benzin,volkswagen,ja,2016-04-01 00:00:00,0,33719,2016-04-07 06:46:19
261427,2016-04-01 02:50:24,C180_Kompressor_Facelift,privat,Angebot,5800,control,limousine,2004,manuell,143,c_klasse,150000,7,benzin,mercedes_benz,ja,2016-03-31 00:00:00,0,38350,2016-04-07 04:16:26
333121,2016-03-29 01:56:18,VW_PASSAT_Gelegenheit,privat,Angebot,230,control,kombi,1992,manuell,0,passat,150000,0,lpg,volkswagen,nein,2016-03-29 00:00:00,0,78098,2016-03-31 01:17:56
325881,2016-03-27 13:57:06,Golf_3_avenue_klima_tuev_5/17,privat,Angebot,550,test,limousine,1996,manuell,75,golf,150000,0,benzin,volkswagen,,2016-03-27 00:00:00,0,84371,2016-04-07 09:46:29
143067,2016-03-25 13:37:03,Toyota_Aygo,privat,Angebot,3750,test,kleinwagen,2008,manuell,68,aygo,125000,12,benzin,toyota,nein,2016-03-25 00:00:00,0,52531,2016-03-30 03:15:41
357753,2016-03-23 23:43:52,Volkswagen_Multivan_T4_TD,privat,Angebot,2900,control,bus,1996,manuell,68,transporter,150000,12,diesel,volkswagen,nein,2016-03-23 00:00:00,0,48147,2016-04-06 06:45:57
296212,2016-03-21 10:42:15,Ford_Fiesta_1_3l_Benziner,privat,Angebot,1990,test,kleinwagen,2004,manuell,60,fiesta,150000,2,benzin,ford,nein,2016-03-21 00:00:00,0,24223,2016-04-06 03:17:00
248643,2016-03-19 15:39:53,AUDI_A4_Avant_Quattro_2.5_TDI,privat,Angebot,2215,control,kombi,2002,automatik,179,a4,150000,7,diesel,audi,nein,2016-03-19 00:00:00,0,12167,2016-03-20 17:19:36
371338,2016-04-04 15:54:07,Volkswagen_Touran_1.4_TSI_Cross,privat,Angebot,15190,test,bus,2011,manuell,140,touran,80000,6,benzin,volkswagen,nein,2016-04-04 00:00:00,0,49835,2016-04-06 17:44:51
359286,2016-03-30 22:51:17,Mercedes_cl203_tuev_3.2018_Scheckheft___w___cl_203_Sportcoupe,privat,Angebot,5800,control,,2018,automatik,199,c_klasse,150000,1,,mercedes_benz,nein,2016-03-30 00:00:00,0,14480,2016-04-05 15:46:34
74028,2016-03-30 20:50:14,Ford_Probe_16v_2L_wird_gechlachtet,privat,Angebot,0,control,coupe,1998,manuell,0,,150000,5,benzin,ford,,2016-03-30 00:00:00,0,58769,2016-04-07 13:18:03
130642,2016-03-10 18:37:18,vw_bora_tuev_12/17,privat,Angebot,1700,test,kombi,2000,manuell,105,bora,150000,9,benzin,volkswagen,ja,2016-03-10 00:00:00,0,17194,2016-03-16 07:17:26
282666,2016-03-19 11:57:45,Ford_Galaxy_1.9_TDI,privat,Angebot,650,test,bus,1998,manuell,110,galaxy,150000,0,diesel,ford,,2016-03-19 00:00:00,0,56477,2016-03-19 18:26:37
18477,2016-03-26 18:36:42,Bmw_320sport,privat,Angebot,500,test,limousine,1994,manuell,150,3er,150000,0,,bmw,,2016-03-26 00:00:00,0,78713,2016-04-02 11:18:44
339420,2016-03-28 01:51:26,Renault_Clio_1.2_16V_75_Dynamique,privat,Angebot,11900,test,kleinwagen,2015,manuell,73,clio,10000,5,benzin,renault,nein,2016-03-27 00:00:00,0,44651,2016-04-06 09:15:26
25211,2016-04-02 22:39:16,Volkswagen_Golf_2.0_TDI,privat,Angebot,7200,test,limousine,2004,manuell,140,golf,150000,9,diesel,volkswagen,nein,2016-04-02 00:00:00,0,45896,2016-04-06 23:44:35
177223,2016-03-09 19:52:26,"Audi_A6_2.0TDI*Xenon*Bose*StHz*20""Rotor*Navi*S_line*",privat,Angebot,23950,test,limousine,2011,manuell,177,a6,90000,5,diesel,audi,nein,2016-03-09 00:00:00,0,34632,2016-04-05 14:18:43
321905,2016-03-27 12:38:04,Vw_Passat_3b,privat,Angebot,1000,test,limousine,1998,manuell,101,passat,150000,0,benzin,volkswagen,,2016-03-27 00:00:00,0,31137,2016-03-29 00:47:10
267056,2016-03-23 13:59:21,Mercedes_Benz_C_220_T_CDI_Automatik,privat,Angebot,6900,test,kombi,2006,automatik,150,c_klasse,150000,6,diesel,mercedes_benz,nein,2016-03-23 00:00:00,0,23568,2016-04-05 15:18:27
355551,2016-03-12 22:37:33,~•~?Sehr_gepfleges_Fiesta_§Sparsam§_wenig_Kilometer_§_TÜV2018?~•~,privat,Angebot,1200,control,kleinwagen,2001,manuell,60,fiesta,125000,1,benzin,ford,nein,2016-03-12 00:00:00,0,74909,2016-03-13 02:41:40
50458,2016-03-23 14:42:23,Volkswagen_Touran_2.0_TDI_DPF_BlueMotion_Technology_MATCH,privat,Angebot,10900,test,bus,2012,manuell,140,touran,150000,10,diesel,volkswagen,nein,2016-03-23 00:00:00,0,42855,2016-04-05 15:45:16
291707,2016-04-01 18:38:56,BMW_520I_E34,privat,Angebot,750,control,limousine,1991,automatik,150,5er,150000,11,benzin,bmw,,2016-04-01 00:00:00,0,24872,2016-04-05 14:16:55
332155,2016-04-04 15:43:39,Scheunenfund_!__Mercedes_W108_280S_Oldtimer_Automatik_Bj_1971,privat,Angebot,2950,test,limousine,1971,automatik,140,andere,100000,2,benzin,mercedes_benz,ja,2016-04-04 00:00:00,0,32139,2016-04-04 15:43:39
172721,2016-03-20 10:57:27,VW_Golf_v5_2_3_Generation__150PS,privat,Angebot,1600,control,limousine,2000,manuell,150,golf,150000,3,benzin,volkswagen,,2016-03-20 00:00:00,0,30457,2016-03-25 09:18:50
206250,2016-03-21 19:53:55,Volkswagen_Golf_Cabrio_1.4_TSI_DSG__Navi__Leder__Garantie,privat,Angebot,15900,test,cabrio,2012,automatik,160,golf,60000,3,benzin,volkswagen,nein,2016-03-21 00:00:00,0,45659,2016-03-30 08:45:23
165628,2016-03-08 20:48:53,Smart_fortwo_limited/1_0_6_Austauschmotor_Panoramadach,privat,Angebot,1699,control,kleinwagen,1999,automatik,54,fortwo,150000,10,benzin,smart,nein,2016-03-08 00:00:00,0,48477,2016-04-05 20:46:06
364572,2016-04-03 13:37:42,VW_Golf_3_mit_Tuev_bis_8/16,privat,Angebot,399,control,kleinwagen,1997,manuell,75,golf,150000,0,benzin,volkswagen,,2016-04-03 00:00:00,0,95111,2016-04-05 12:18:22
251279,2016-03-19 22:56:33,Hyundai_i30_1.4_CRDi_Classic___5_Jahre_Garantie_ab_EZ,privat,Angebot,10500,test,limousine,2013,manuell,90,i_reihe,70000,5,diesel,hyundai,nein,2016-03-19 00:00:00,0,50823,2016-04-06 01:17:36
358097,2016-03-29 13:42:56,Honda_Civic_Tourer_1.8_i_Vtec_Sport,privat,Angebot,14999,control,kombi,2014,manuell,141,civic,20000,11,benzin,honda,nein,2016-03-29 00:00:00,0,84130,2016-04-05 22:46:32
285527,2016-04-04 12:06:22,Bastlerfahrzeug,privat,Angebot,250,control,andere,1989,manuell,0,golf,150000,0,benzin,volkswagen,ja,2016-04-04 00:00:00,0,35644,2016-04-05 12:16:18
56923,2016-03-16 09:49:03,Golf_4_1.6_Benzin_&_LPG_Sportwagen_Grau_Matt_Folierung_Alufelgen,privat,Angebot,1200,test,limousine,1998,manuell,101,golf,150000,12,lpg,volkswagen,ja,2016-03-16 00:00:00,0,42105,2016-03-17 07:47:53
318785,2016-03-07 16:43:26,Ford_Mondeo_16V_GLX,privat,Angebot,750,control,limousine,1998,manuell,90,mondeo,150000,4,benzin,ford,nein,2016-03-07 00:00:00,0,22547,2016-03-14 14:45:55
123022,2016-03-16 19:56:53,Volkswagen_Lupo_1.0___Inspektion_neu,privat,Angebot,1690,test,kleinwagen,2000,manuell,50,lupo,125000,6,benzin,volkswagen,nein,2016-03-16 00:00:00,0,1159,2016-03-20 20:49:26
178057,2016-03-18 00:38:14,Audi_A4_2.4l_V6_Quattro,privat,Angebot,1550,test,limousine,1998,manuell,165,a4,150000,11,benzin,audi,,2016-03-17 00:00:00,0,63579,2016-04-05 21:47:46
311502,2016-03-26 15:47:23,Opel_Zafira_1.7_CDTI_Edition,privat,Angebot,6100,test,bus,2008,manuell,125,zafira,150000,9,diesel,opel,nein,2016-03-26 00:00:00,0,95466,2016-04-06 03:46:45
209057,2016-03-15 17:39:36,Opel_Combo_1.3_CDTI_Euro_4_111.000_KM,privat,Angebot,2299,control,bus,2010,manuell,75,combo,125000,5,diesel,opel,ja,2016-03-15 00:00:00,0,86690,2016-03-30 02:17:18
78825,2016-03-18 10:46:23,2xLada_Samara_BJ_1984/1992_weiss/rot_249€/99€_bitte_genau_lesen,privat,Angebot,249,control,,1985,manuell,0,samara,125000,0,benzin,lada,,2016-03-18 00:00:00,0,14774,2016-03-21 07:15:19
49855,2016-03-26 14:44:06,Audi_A4_Avant_2_0_TDI_170_PanoramaGlas_Navi_Xenon_TempoM_SitzH_MF,privat,Angebot,13100,control,kombi,2009,manuell,170,a4,150000,3,diesel,audi,nein,2016-03-26 00:00:00,0,79395,2016-04-02 04:17:22
189259,2016-03-28 16:45:09,Citroën_Saxo_1.4_VTS,privat,Angebot,1300,test,kleinwagen,2001,manuell,75,andere,125000,4,benzin,citroen,nein,2016-03-28 00:00:00,0,24220,2016-04-06 21:46:25
122260,2016-03-15 23:43:48,Audi_A4_2.0_TÜV_neu__17_Zoll_Alufelgen__8fach_bereift,privat,Angebot,3500,control,limousine,2001,manuell,131,a4,150000,5,benzin,audi,nein,2016-03-15 00:00:00,0,91590,2016-03-16 21:46:54
267307,2016-03-30 17:58:28,Mercedes_Benz_E_200_Kompressor_Automatik_Classic,privat,Angebot,9800,control,limousine,2003,automatik,163,e_klasse,60000,9,benzin,mercedes_benz,nein,2016-03-30 00:00:00,0,16548,2016-04-07 08:46:19
125140,2016-03-29 13:52:58,Opel_Insignia_2.0_CDTI_Sports_Tourer_Selection,privat,Angebot,8900,control,kombi,2009,automatik,131,insignia,150000,3,diesel,opel,nein,2016-03-29 00:00:00,0,26215,2016-04-05 23:17:43
153571,2016-03-20 11:53:54,Volkswagen_Touran_2.0_TDI_DPF_Highline,privat,Angebot,14995,test,bus,2010,manuell,140,touran,90000,9,diesel,volkswagen,nein,2016-03-20 00:00:00,0,89601,2016-04-06 10:16:31
288754,2016-03-19 10:51:34,Peugeot_206_Xs_Frontschaden,privat,Angebot,150,test,bus,1999,manuell,88,2_reihe,150000,0,benzin,peugeot,,2016-03-19 00:00:00,0,16269,2016-04-06 11:17:36
78556,2016-03-19 12:25:16,"VW_Polo_6N_1_4L_Sportauspuff_15""Alufelgen*Dezent_Tuning*Servo*",privat,Angebot,690,control,kleinwagen,1997,manuell,60,polo,150000,3,benzin,volkswagen,nein,2016-03-19 00:00:00,0,61184,2016-03-20 18:29:26
365016,2016-03-26 18:44:23,Peugeot_207_95_VTi_Urban_Move,privat,Angebot,5700,test,limousine,2009,manuell,95,2_reihe,70000,9,benzin,peugeot,nein,2016-03-26 00:00:00,0,86935,2016-04-06 07:45:29
107276,2016-03-24 11:52:23,Ford_fiesta,privat,Angebot,500,test,,1995,,0,fiesta,50000,0,,ford,,2016-03-24 00:00:00,0,66763,2016-04-07 03:16:58
185191,2016-03-31 11:55:13,Opel_Zafira_1.6_CNG_Njoy_TÜV_NEU_mit_Gasanlage,privat,Angebot,3200,control,bus,2005,manuell,97,zafira,150000,9,cng,opel,nein,2016-03-31 00:00:00,0,46147,2016-04-06 04:46:51
335522,2016-03-07 14:06:18,Toyota_Verso_S_1.33_VVT_i,privat,Angebot,12900,test,bus,2011,automatik,99,verso,50000,10,benzin,toyota,nein,2016-03-07 00:00:00,0,55129,2016-04-07 09:16:49
150753,2016-03-14 22:56:36,Hochbett,privat,Angebot,0,control,kombi,1930,manuell,99,spark,20000,6,hybrid,chevrolet,nein,2016-03-14 00:00:00,0,6842,2016-03-17 20:15:29
86205,2016-03-05 22:50:43,Mondeo_Kombi__Benzin/LPG,privat,Angebot,300,control,kombi,1999,manuell,115,mondeo,150000,6,lpg,ford,,2016-03-05 00:00:00,0,47179,2016-03-16 23:16:01
323704,2016-04-03 21:53:49,Opel_Astra_Cabrio_1.8i_Bertone_Edition_elektr_Verdeck,privat,Angebot,1199,test,cabrio,1997,manuell,116,astra,150000,1,benzin,opel,nein,2016-04-03 00:00:00,0,36039,2016-04-05 23:15:33
152493,2016-03-30 19:48:25,Opel_Astra_Kombi_1_6_mit_Klima_und_TÜV_guten_Zustand,privat,Angebot,950,test,kombi,1997,,0,astra,150000,1,benzin,opel,,2016-03-30 00:00:00,0,45127,2016-04-01 14:46:17
260578,2016-03-16 20:58:49,Schnaeppchen_fuer_Autofreaks,privat,Angebot,200,control,limousine,1995,manuell,0,escort,125000,6,benzin,ford,nein,2016-03-16 00:00:00,0,45479,2016-03-22 02:46:50
166854,2016-04-01 22:47:31,Chevrolet_Aveo_1.2_LT_Stufenheck_aus_erster_Hand,privat,Angebot,4200,test,kleinwagen,2013,manuell,86,aveo,60000,5,benzin,chevrolet,ja,2016-04-01 00:00:00,0,48336,2016-04-03 20:16:21
220694,2016-03-12 17:49:55,Volkswagen_Polo_1.4_16V_Comfortline_Klimatrinic_101_PS,privat,Angebot,2150,test,kleinwagen,2002,manuell,101,polo,150000,8,benzin,volkswagen,nein,2016-03-12 00:00:00,0,12169,2016-04-07 09:46:10
98797,2016-03-17 14:49:37,Opel_Corsa_B_Schiebedach_Radio/CD_ZV_Sitzheizung,privat,Angebot,1249,control,kleinwagen,1999,manuell,58,corsa,150000,11,benzin,opel,nein,2016-03-17 00:00:00,0,71634,2016-03-20 16:17:36
83482,2016-03-31 23:41:58,Audi_A3_2.0_TFSI_Ambition,privat,Angebot,12300,control,limousine,2010,manuell,200,a3,125000,4,benzin,audi,nein,2016-03-31 00:00:00,0,89356,2016-04-06 19:45:41
213721,2016-03-10 08:58:00,BMW_e36_Rat_Look,privat,Angebot,1350,test,coupe,1993,manuell,150,3er,150000,8,benzin,bmw,nein,2016-03-10 00:00:00,0,31628,2016-04-06 11:17:19
191392,2016-03-28 11:44:10,Audi_A3_1.6_Sportback_tiptronic,privat,Angebot,7460,control,kombi,2006,automatik,102,a3,125000,11,benzin,audi,nein,2016-03-28 00:00:00,0,28719,2016-04-06 13:44:55
99340,2016-03-26 20:46:28,Ford_Mondeo_Turnier_2.0_Ghia,privat,Angebot,10500,control,kombi,2007,manuell,145,mondeo,100000,9,benzin,ford,nein,2016-03-26 00:00:00,0,25821,2016-04-02 13:17:02
275287,2016-03-26 19:45:27,Volkswagen_Eos_1.4_TSI_Edition_2010,privat,Angebot,13000,control,cabrio,2010,manuell,160,eos,80000,1,benzin,volkswagen,nein,2016-03-26 00:00:00,0,58239,2016-04-06 09:17:47
471,2016-03-19 18:38:15,Top_gepflegter_Audi_A6_Avant_S_Line_2.0_TDI_/_AHK_Standheizung,privat,Angebot,14500,test,kombi,2007,manuell,140,a6,100000,3,diesel,audi,nein,2016-03-19 00:00:00,0,94060,2016-04-07 05:17:33
128220,2016-03-30 15:57:23,Volkswagen_Polo_comfortline_1.2_Klima,privat,Angebot,3200,test,kleinwagen,2005,manuell,64,polo,150000,7,benzin,volkswagen,nein,2016-03-30 00:00:00,0,66484,2016-04-07 07:15:53
33561,2016-03-28 09:57:48,Opel_Corsa_1.2_16V__ecoFLEX__Selection_NP.ueber_15000€,privat,Angebot,8499,control,kleinwagen,2014,manuell,69,corsa,30000,7,benzin,opel,nein,2016-03-28 00:00:00,0,79787,2016-04-06 11:16:26
168034,2016-03-23 21:55:50,Volkswagen_Polo_1.2,privat,Angebot,1980,test,kleinwagen,2003,manuell,54,polo,150000,2,benzin,volkswagen,ja,2016-03-23 00:00:00,0,34123,2016-04-06 03:46:40
128461,2016-03-30 15:56:20,Peugeot_Partner,privat,Angebot,699,test,bus,2005,manuell,69,andere,150000,9,diesel,peugeot,ja,2016-03-30 00:00:00,0,70734,2016-04-07 06:44:52
303051,2016-03-16 18:51:12,Mercedes_Benz_CE_230,privat,Angebot,9800,control,coupe,1983,manuell,136,andere,150000,3,benzin,mercedes_benz,nein,2016-03-16 00:00:00,0,70180,2016-04-07 03:16:15
255958,2016-03-24 21:46:41,Opel_corsa__ECOTEC__1.2_mit_tuev_07.2017,privat,Angebot,359,test,,2017,,0,corsa,150000,0,,opel,,2016-03-24 00:00:00,0,72116,2016-03-31 00:16:12
343038,2016-04-02 00:47:26,Audi_A8_4E__4_2_schlachtfest,privat,Angebot,0,test,limousine,2003,automatik,0,a8,150000,0,lpg,audi,,2016-04-01 00:00:00,0,44145,2016-04-06 04:16:25
336394,2016-03-08 08:55:20,Opel_Zafira_1.8_Easytronic__Innovation_110_Jahre,privat,Angebot,8999,test,bus,2009,automatik,140,zafira,90000,9,benzin,opel,nein,2016-03-08 00:00:00,0,21514,2016-03-11 08:15:19
319885,2016-03-19 10:50:34,Peugeot_407sw,privat,Angebot,3200,test,,2017,,0,4_reihe,150000,0,,peugeot,,2016-03-19 00:00:00,0,60528,2016-03-25 18:18:37
117258,2016-03-22 17:00:37,Seat_Ibiza_1.4_16V,privat,Angebot,5990,test,kleinwagen,2009,manuell,86,ibiza,80000,3,benzin,seat,nein,2016-03-22 00:00:00,0,92358,2016-04-06 08:17:48
1126,2016-03-29 18:46:42,Opel_Corsa_1.0_12V,privat,Angebot,1500,control,kleinwagen,2002,manuell,58,corsa,125000,5,benzin,opel,nein,2016-03-29 00:00:00,0,64521,2016-04-06 04:44:51
69571,2016-03-20 11:56:09,Volkswagen_Passat_Variant_1.8_CL,privat,Angebot,500,test,kombi,1991,manuell,90,passat,125000,4,benzin,volkswagen,ja,2016-03-20 00:00:00,0,73660,2016-03-20 11:56:09
131042,2016-03-08 16:53:47,Peugeot_106,privat,Angebot,450,test,kleinwagen,1997,manuell,0,,70000,0,,peugeot,ja,2016-03-08 00:00:00,0,15741,2016-03-17 17:18:04
1027,2016-04-04 22:53:23,Toyota_Avensis_1.8_Kombi,privat,Angebot,1250,test,kombi,2001,manuell,129,avensis,150000,9,benzin,toyota,,2016-04-04 00:00:00,0,15566,2016-04-04 23:39:56
32551,2016-03-21 07:55:37,Passat_35i_VR6,privat,Angebot,2000,control,kombi,1995,automatik,175,,150000,0,benzin,volkswagen,ja,2016-03-21 00:00:00,0,18273,2016-04-06 01:49:17
177822,2016-03-27 14:47:24,Volkswagen_Golf_2_16V_Turbo,privat,Angebot,11499,control,kleinwagen,1989,manuell,249,golf,20000,5,benzin,volkswagen,nein,2016-03-27 00:00:00,0,33039,2016-04-07 11:44:20
341847,2016-03-28 21:38:36,Mercedes_Benz_E_270_CDI,privat,Angebot,6590,control,limousine,2003,automatik,177,e_klasse,150000,11,diesel,mercedes_benz,nein,2016-03-28 00:00:00,0,31008,2016-03-28 21:38:36
194177,2016-03-28 12:49:47,Mazda_MX_5_Der_Sommer_kann_kommen__Ihr_Cabrio_steht_bei_mir!,privat,Angebot,1850,test,cabrio,1999,manuell,110,mx_reihe,150000,2,benzin,mazda,nein,2016-03-28 00:00:00,0,53347,2016-04-06 15:46:39
253343,2016-03-29 14:51:03,Ford_fijest,privat,Angebot,600,test,,2016,manuell,60,fiesta,125000,10,,ford,nein,2016-03-29 00:00:00,0,78126,2016-04-06 00:44:29
302994,2016-03-14 21:51:24,alfa_147_mit_ueberholten_motor,privat,Angebot,2900,test,kleinwagen,2004,manuell,120,147,150000,10,benzin,alfa_romeo,nein,2016-03-14 00:00:00,0,47226,2016-03-31 19:46:39
223107,2016-03-18 12:46:33,Mazda_323_F_1.5,privat,Angebot,1500,control,limousine,2000,manuell,88,3_reihe,150000,3,benzin,mazda,nein,2016-03-18 00:00:00,0,30173,2016-03-18 12:46:33
48968,2016-03-30 17:51:11,Smart_smart_fortwo_cabrio_pulse,privat,Angebot,3900,control,cabrio,2007,,84,fortwo,150000,8,benzin,smart,nein,2016-03-30 00:00:00,0,21077,2016-04-07 08:45:47
259351,2016-03-09 09:54:14,Peugeot_307,privat,Angebot,900,test,kleinwagen,2002,manuell,107,3_reihe,150000,3,,peugeot,nein,2016-03-09 00:00:00,0,41066,2016-03-09 10:45:59
13855,2016-03-27 10:53:33,Mercedes_Benz_230_E_H_Zulassung,privat,Angebot,6400,control,limousine,1981,manuell,136,andere,90000,10,benzin,mercedes_benz,nein,2016-03-27 00:00:00,0,27798,2016-04-07 06:44:32
319504,2016-03-16 10:06:21,BMW_316_M_Paket,privat,Angebot,450,test,coupe,1997,manuell,102,,150000,4,,bmw,ja,2016-03-16 00:00:00,0,55218,2016-03-27 14:15:35
77561,2016-03-29 11:55:48,Kia_Sorento_2.2_CRDi_AWD_Aut.,privat,Angebot,33999,test,suv,2014,automatik,197,sorento,40000,10,diesel,kia,nein,2016-03-29 00:00:00,0,72829,2016-04-05 21:15:33
48318,2016-03-28 18:47:14,Opel_Astra_G_1.6i,privat,Angebot,0,control,,2017,manuell,85,astra,150000,2,benzin,opel,,2016-03-28 00:00:00,0,40229,2016-04-07 00:46:20
318617,2016-03-27 18:38:33,Volkswagen_Golf_1.4_Edition,privat,Angebot,1190,control,limousine,2001,manuell,75,golf,150000,2,benzin,volkswagen,nein,2016-03-27 00:00:00,0,6536,2016-04-05 14:47:45
131752,2016-03-22 07:56:49,Audi_A4_Avant_2_0_TDI_Ambition_Navi_Xenon_Neues_Model,privat,Angebot,5002,control,kombi,2008,manuell,140,a4,125000,12,diesel,audi,nein,2016-03-22 00:00:00,0,76133,2016-03-22 07:56:49
270099,2016-04-05 11:58:35,Nissan_Micra_1.0,privat,Angebot,1000,test,kleinwagen,1998,manuell,54,micra,125000,9,benzin,nissan,nein,2016-04-05 00:00:00,0,71573,2016-04-05 12:43:04
89746,2016-03-31 19:58:46,Opel_Vectra_1999_Tuev_02/2017_Klima_AHK_elek_Fenster_usw_faehrt_gut,privat,Angebot,777,control,kombi,1999,manuell,101,vectra,150000,11,benzin,opel,nein,2016-03-31 00:00:00,0,26954,2016-04-06 15:15:59
97864,2016-03-31 22:55:50,Audi_A4_Avant_3.0_quattro_S_line_Pano_B&O_Standheiz,privat,Angebot,17650,test,kombi,2008,manuell,239,a4,150000,7,diesel,audi,nein,2016-03-31 00:00:00,0,36167,2016-04-06 20:48:24
268089,2016-04-04 11:38:17,Volkswagen_Passat_CC_1.8_TSI_R_Line,privat,Angebot,19890,control,coupe,2011,manuell,160,passat,90000,11,benzin,volkswagen,nein,2016-04-04 00:00:00,0,13088,2016-04-06 12:17:35
135865,2016-04-03 22:53:03,BMW_520d_Sport_Aut.,privat,Angebot,18600,control,limousine,2011,automatik,184,5er,150000,7,diesel,bmw,nein,2016-04-03 00:00:00,0,67661,2016-04-06 00:45:49
251240,2016-03-07 20:39:53,Bmw_318_ti,privat,Angebot,2900,test,coupe,2002,manuell,143,3er,150000,11,benzin,bmw,nein,2016-03-07 00:00:00,0,25813,2016-04-05 13:45:57
260805,2016-04-02 08:52:08,Verk._Opel_Astra_J,privat,Angebot,11900,control,limousine,2012,manuell,101,astra,60000,9,benzin,opel,nein,2016-04-02 00:00:00,0,9337,2016-04-06 07:15:36
206451,2016-03-22 23:36:41,Audi_A4_Quattro_V6_2_6,privat,Angebot,1600,test,kombi,1996,manuell,150,a4,150000,6,benzin,audi,nein,2016-03-22 00:00:00,0,64668,2016-04-07 06:46:31
75659,2016-03-29 20:50:04,Mini_Cooper_Top_Zustand,privat,Angebot,3500,test,kleinwagen,2003,manuell,110,cooper,150000,3,benzin,mini,nein,2016-03-29 00:00:00,0,87437,2016-04-06 07:17:11
17083,2016-03-21 09:56:12,Skoda_Fabia_1.6_TDI_DPF_Ambition,privat,Angebot,4499,control,kleinwagen,2012,manuell,75,fabia,150000,4,diesel,skoda,nein,2016-03-21 00:00:00,0,3172,2016-04-06 02:45:30
166365,2016-03-08 18:44:27,Volkswagen_Passat_Variant_1.9_TDI_Highline,privat,Angebot,2900,test,kombi,2002,manuell,101,passat,150000,10,diesel,volkswagen,nein,2016-03-08 00:00:00,0,23795,2016-03-10 14:18:48
82401,2016-03-17 17:43:28,Peugeot_206,privat,Angebot,1590,control,kleinwagen,2000,manuell,75,2_reihe,125000,2,benzin,peugeot,nein,2016-03-17 00:00:00,0,46049,2016-03-23 05:47:01
194618,2016-03-19 20:53:14,Mitsubishi_Space_Star_1.8_GDI,privat,Angebot,850,control,bus,2000,manuell,122,andere,150000,9,benzin,mitsubishi,nein,2016-03-19 00:00:00,0,30853,2016-04-07 10:17:46
214294,2016-04-03 19:48:43,"Peugeot_206_1_1_XS_""Panoramadach""_Fahrbereit""_an_Bastler",privat,Angebot,350,test,kleinwagen,1999,manuell,60,2_reihe,150000,2,benzin,peugeot,ja,2016-04-03 00:00:00,0,21684,2016-04-05 20:45:01
12917,2016-04-02 10:51:20,Golf_3_1.4_Tuev_NEU_4/5_Tuerer,privat,Angebot,800,test,limousine,1997,manuell,60,golf,150000,7,benzin,volkswagen,nein,2016-04-02 00:00:00,0,49401,2016-04-06 08:45:09
13546,2016-03-17 11:53:01,Mitsubishi_Colt__Maengelfrei,privat,Angebot,5000,control,limousine,2009,manuell,90,colt,80000,5,benzin,mitsubishi,nein,2016-03-17 00:00:00,0,45355,2016-04-06 13:46:02
41466,2016-03-23 15:46:56,Peugeot_206_SW_75,privat,Angebot,899,test,kombi,2002,manuell,75,2_reihe,150000,9,benzin,peugeot,nein,2016-03-23 00:00:00,0,76726,2016-03-23 15:46:56
12973,2016-03-27 13:54:08,BMW_318is,privat,Angebot,8200,test,limousine,1990,manuell,136,3er,150000,10,benzin,bmw,nein,2016-03-27 00:00:00,0,76332,2016-04-07 09:46:22
345217,2016-03-29 01:56:34,Bmw_318_ci_sport_paket_m,privat,Angebot,3500,control,coupe,1999,manuell,118,,125000,11,,bmw,nein,2016-03-29 00:00:00,0,12353,2016-04-05 17:26:02
195744,2016-03-20 07:55:50,Toyota_Yaris_1.3_VVT_i_*HU_wenn_gewuenscht,privat,Angebot,5800,control,kleinwagen,2007,manuell,87,yaris,10000,11,benzin,toyota,nein,2016-03-20 00:00:00,0,37191,2016-04-06 04:44:44
193263,2016-03-24 23:58:02,Mercedes_Benz_A_180__BlueEFFICIENCY__Urban,privat,Angebot,19990,test,limousine,2013,automatik,122,a_klasse,20000,9,benzin,mercedes_benz,nein,2016-03-24 00:00:00,0,19288,2016-04-06 04:46:20
319119,2016-04-04 21:37:42,Opel_Tigra_Twin_Top_1.8,privat,Angebot,5299,test,cabrio,2006,manuell,125,tigra,70000,9,benzin,opel,nein,2016-04-04 00:00:00,0,30451,2016-04-07 00:15:26
328201,2016-03-05 14:14:12,BMW_116i,privat,Angebot,6990,test,limousine,2006,manuell,116,1er,100000,6,benzin,bmw,nein,2016-03-03 00:00:00,0,56112,2016-04-07 03:45:23
162915,2016-03-24 20:59:46,Renault_Twingo_1.2_Initiale,privat,Angebot,1999,test,kleinwagen,2000,manuell,58,twingo,125000,3,benzin,renault,nein,2016-03-24 00:00:00,0,85088,2016-04-05 13:47:10
98242,2016-03-31 16:53:05,Ford_Ka_K2_Snow___Klima__Tuev___CD_Radio__Airbag...,privat,Angebot,549,control,kleinwagen,1999,manuell,60,ka,150000,4,benzin,ford,nein,2016-03-31 00:00:00,0,49477,2016-04-04 09:17:52
347380,2016-03-16 05:36:23,Fiat_Punto_60,privat,Angebot,750,control,kleinwagen,1998,manuell,60,punto,80000,3,benzin,fiat,nein,2016-03-16 00:00:00,0,37124,2016-03-17 07:16:47
179868,2016-03-15 16:37:04,"Volkswagen_T5_Multivan_Comfortline_""Edition_25""_4Motion_DSG",privat,Angebot,35500,control,bus,2012,,179,transporter,80000,5,,volkswagen,nein,2016-03-15 00:00:00,0,87435,2016-04-06 10:15:27
75942,2016-03-11 17:40:31,GOLF_V_1.6_FSI,privat,Angebot,4199,control,limousine,2005,manuell,166,golf,125000,3,benzin,volkswagen,nein,2016-03-11 00:00:00,0,8468,2016-03-24 22:19:44
143159,2016-03-07 16:48:39,Ford_Fusion_Trend_Klima_und_Anhaengerkupplung_TÜV_01/2018,privat,Angebot,1850,control,limousine,2003,manuell,80,fusion,125000,2,benzin,ford,nein,2016-03-07 00:00:00,0,28717,2016-03-18 03:47:30
198734,2016-03-25 13:55:03,Vw_caddy_1_1_6l_diesel,privat,Angebot,1300,test,kleinwagen,1989,manuell,75,caddy,5000,3,diesel,volkswagen,nein,2016-03-25 00:00:00,0,1814,2016-03-30 03:46:29
75189,2016-03-15 23:45:53,Opel_Vectra,privat,Angebot,600,control,limousine,1995,manuell,75,vectra,150000,8,,opel,nein,2016-03-15 00:00:00,0,33154,2016-03-17 21:16:51
323781,2016-03-13 22:06:23,Opel_Corsa_1.0_12V_mit_frischen_TÜV_und_AU,privat,Angebot,850,control,kleinwagen,2002,manuell,58,corsa,150000,1,benzin,opel,nein,2016-03-13 00:00:00,0,56070,2016-04-01 11:16:30
317996,2016-03-07 19:46:54,E46_325i_Coupe_Xenon_Leder_E_Sitze_18_Zoll_TÜV_03/2018_M_Lenkrad,privat,Angebot,5200,control,coupe,2000,manuell,192,3er,150000,0,benzin,bmw,nein,2016-03-07 00:00:00,0,12555,2016-03-12 04:16:12
285754,2016-03-07 19:48:39,Ford_Fusion_1.4_Durashift_EST_+,privat,Angebot,3300,control,kleinwagen,2004,automatik,80,fusion,150000,1,benzin,ford,nein,2016-03-07 00:00:00,0,90530,2016-03-21 01:15:30
211071,2016-04-03 01:56:53,Mercedes_Benz_C_320_T_CDI_DPF_7G_TRONIC,privat,Angebot,13400,control,kombi,2008,automatik,224,c_klasse,150000,7,diesel,mercedes_benz,nein,2016-04-03 00:00:00,0,22049,2016-04-03 08:49:25
218475,2016-03-29 16:55:35,Volkswagen_Passat_Variant_1.9_TDI,privat,Angebot,2450,control,kombi,2005,manuell,101,passat,150000,5,diesel,volkswagen,nein,2016-03-29 00:00:00,0,49086,2016-03-29 16:55:35
53443,2016-03-14 12:37:20,Opel_Astra_GTC_1.6_Turbo_Innovation,privat,Angebot,13990,test,limousine,2013,manuell,179,astra,60000,2,benzin,opel,nein,2016-03-14 00:00:00,0,59557,2016-04-03 13:16:51
294588,2016-03-07 10:36:35,Citroen_C3_Exclusiv,privat,Angebot,3550,test,limousine,2003,manuell,73,c3,125000,3,benzin,citroen,nein,2016-03-07 00:00:00,0,24220,2016-04-07 11:46:59
56799,2016-04-07 04:36:20,Smart_Roadster_Coupe_Softtouch_mit_Lenkradpaddel,privat,Angebot,4750,test,cabrio,2004,automatik,82,roadster,150000,1,benzin,smart,nein,2016-04-07 00:00:00,0,76437,2016-04-07 04:36:20
18721,2016-03-07 13:57:11,Renault_clio,privat,Angebot,750,control,,2017,manuell,60,clio,150000,0,,renault,nein,2016-03-07 00:00:00,0,63868,2016-03-15 20:46:54
93033,2016-04-03 13:40:30,Smart_451_fortwo_cdi_coupe_softouch_passion_Multimedia_Klima,privat,Angebot,4499,control,kleinwagen,2007,automatik,45,fortwo,150000,6,diesel,smart,nein,2016-04-03 00:00:00,0,41065,2016-04-05 12:18:44
276176,2016-03-19 03:48:08,Volkswagen_Tiguan_2.0_TDI_DPF_4Motion_BlueMotion_Techn....,privat,Angebot,18900,test,suv,2011,automatik,140,tiguan,80000,9,diesel,volkswagen,nein,2016-03-18 00:00:00,0,71522,2016-03-31 11:46:23
293914,2016-03-20 10:58:04,Volkswagen_Golf_Cabrio_1.8,privat,Angebot,1399,control,cabrio,1995,manuell,75,golf,150000,8,benzin,volkswagen,nein,2016-03-20 00:00:00,0,41517,2016-04-06 08:46:45
90018,2016-03-18 21:36:20,Volkswagen_Golf,privat,Angebot,500,control,kleinwagen,1994,manuell,60,golf,150000,7,benzin,volkswagen,nein,2016-03-18 00:00:00,0,59077,2016-03-18 21:36:20
7984,2016-03-31 11:37:20,Saab_9_5_Kombi_2.3_Turbo_Aero,privat,Angebot,5500,control,kombi,2002,automatik,250,andere,150000,5,benzin,saab,nein,2016-03-31 00:00:00,0,64397,2016-04-06 03:46:49
196673,2016-03-20 15:43:04,Audi_TT_Roadster_1.8_TFSI_Navi/Xenon/Leder/Bose,privat,Angebot,22000,control,cabrio,2010,manuell,160,tt,50000,11,benzin,audi,nein,2016-03-20 00:00:00,0,70771,2016-04-06 19:45:58
32838,2016-03-06 14:47:26,Nissan_Micra,privat,Angebot,300,control,kleinwagen,1995,manuell,75,micra,150000,1,benzin,nissan,ja,2016-03-06 00:00:00,0,13593,2016-03-11 09:45:42
216003,2016-04-04 22:47:21,Renault_Laguna_2_0_______8_Fach_bereift_mit_Alufelgen,privat,Angebot,699,test,,2016,,0,laguna,150000,0,,renault,nein,2016-04-04 00:00:00,0,6844,2016-04-07 01:45:20
147063,2016-03-25 18:43:27,Mercedes_Benz__A_200_Xenon_Kurvenlicht_TÜV_NEU__TOP_ZUSTAND,privat,Angebot,6990,test,kleinwagen,2005,automatik,136,a_klasse,150000,3,benzin,mercedes_benz,nein,2016-03-25 00:00:00,0,87719,2016-04-07 00:16:17
234102,2016-03-17 19:49:25,Opel_corsa_c,privat,Angebot,1400,control,kleinwagen,2002,manuell,93,corsa,150000,1,benzin,opel,nein,2016-03-17 00:00:00,0,12359,2016-03-29 01:15:31
176891,2016-03-12 20:46:18,Twingo_zu_verkaufen,privat,Angebot,900,test,,2016,manuell,0,twingo,150000,10,,renault,nein,2016-03-12 00:00:00,0,30916,2016-03-26 06:17:31
174542,2016-03-14 09:51:29,BMW_520i,privat,Angebot,5500,control,limousine,2004,manuell,0,5er,150000,6,benzin,bmw,nein,2016-03-14 00:00:00,0,54411,2016-03-15 04:45:51
84473,2016-03-08 17:37:34,Biete_hier_Subaru_Justy_1.3Gx_Zum_ausschlachten_oder_herrichten,privat,Angebot,500,control,kleinwagen,2000,manuell,68,justy,125000,0,benzin,subaru,ja,2016-03-08 00:00:00,0,87668,2016-04-07 06:16:00
260556,2016-03-08 10:56:36,Volkswagen_Caddy_1.6_TDI__5_Si.__BMT_Edition_30,privat,Angebot,19800,test,kombi,2015,manuell,102,caddy,30000,1,diesel,volkswagen,nein,2016-03-08 00:00:00,0,38556,2016-03-20 19:48:34
60100,2016-03-11 13:47:44,Volkswagen_Transporter_T5_DPF_7HJ101/WF2/ZD2/ZP4,privat,Angebot,4900,test,bus,2007,manuell,131,transporter,150000,6,diesel,volkswagen,nein,2016-03-11 00:00:00,0,47574,2016-04-07 09:45:47
307511,2016-03-27 19:45:01,Audi_Q5_2.0_TDI_quattro,privat,Angebot,14560,control,limousine,2010,manuell,170,q5,150000,8,diesel,audi,ja,2016-03-27 00:00:00,0,85467,2016-04-03 17:17:21
284720,2016-03-26 14:53:52,Audi_TT_Roadster_2.0_TDI_quattro,privat,Angebot,20500,control,cabrio,2011,manuell,170,tt,125000,5,diesel,audi,nein,2016-03-26 00:00:00,0,37688,2016-04-04 01:46:43
22922,2016-03-28 18:51:48,Golf_4_2.3l_V5,privat,Angebot,1450,control,,2017,manuell,150,golf,150000,6,benzin,volkswagen,,2016-03-28 00:00:00,0,67065,2016-04-07 01:15:59
267378,2016-04-01 23:49:46,Volkswagen_Golf,privat,Angebot,1599,control,limousine,1998,manuell,75,golf,150000,3,benzin,volkswagen,nein,2016-04-01 00:00:00,0,88212,2016-04-02 04:41:12
154301,2016-03-19 18:56:25,Alfa_Romeo_147_Twin_Spark,privat,Angebot,2800,test,limousine,2004,manuell,105,147,125000,0,benzin,alfa_romeo,,2016-03-19 00:00:00,0,31134,2016-04-03 05:18:06
13154,2016-03-26 15:36:55,Vw_Polo_6N_1_0_openair_mit_Faltdach_5Tueren,privat,Angebot,299,test,kleinwagen,1997,manuell,50,polo,150000,1,benzin,volkswagen,nein,2016-03-26 00:00:00,0,30952,2016-04-06 03:17:34
316586,2016-03-22 08:57:00,VW_Golf_V_1.9_Tdi,privat,Angebot,3999,control,andere,2004,manuell,105,golf,150000,12,diesel,volkswagen,,2016-03-22 00:00:00,0,60388,2016-04-06 05:17:05
169034,2016-03-17 12:38:39,Honda_Civic,privat,Angebot,424,test,,2016,manuell,0,civic,150000,4,benzin,honda,,2016-03-17 00:00:00,0,31655,2016-03-17 12:38:39
305571,2016-03-25 12:40:11,Wer_Kann_mir_Helfen..._auto_auf_Private_Raten,privat,Angebot,0,test,kleinwagen,1999,manuell,60,,150000,12,benzin,sonstige_autos,nein,2016-03-25 00:00:00,0,6124,2016-04-06 13:45:05
190585,2016-03-31 19:49:54,Peugeot_406_Break_mit_Unfall_zum_Herrichten_oder_Ausschlachten,privat,Angebot,299,test,kombi,2001,manuell,115,4_reihe,150000,10,benzin,peugeot,ja,2016-03-31 00:00:00,0,60386,2016-04-02 14:29:51
354533,2016-03-05 17:45:32,Ford_Business_Coupe_Hotrod_Projekt.1937,privat,Angebot,7000,test,coupe,1937,manuell,85,andere,5000,8,benzin,ford,ja,2016-03-05 00:00:00,0,8359,2016-04-07 10:44:39
215939,2016-04-04 15:58:39,Gepflegter_Polo_9N_zu_verkaufen,privat,Angebot,2600,test,,2005,,0,polo,150000,2,benzin,volkswagen,,2016-04-04 00:00:00,0,23813,2016-04-06 18:16:54
318386,2016-03-05 14:13:35,Volkswagen_Golf_Variant_1.9_TDI_Europe,privat,Angebot,800,test,kombi,1997,manuell,90,golf,150000,1,diesel,volkswagen,nein,2016-03-03 00:00:00,0,57539,2016-03-07 18:46:50
115626,2016-03-29 07:56:08,Peugeot__406_Coupe_mit_TÜV,privat,Angebot,600,test,,2016,manuell,136,4_reihe,150000,3,,peugeot,ja,2016-03-29 00:00:00,0,30459,2016-03-29 08:56:46
190702,2016-03-27 13:53:43,Mercedes_C_200_kompressor,privat,Angebot,12700,test,limousine,2007,manuell,184,c_klasse,40000,12,benzin,mercedes_benz,nein,2016-03-27 00:00:00,0,59077,2016-04-07 09:46:21
55224,2016-03-31 14:45:47,Peugeot_308cc_weiss_metallic_Vollleder/Navi/Sitzheizung,privat,Angebot,11900,control,,2016,manuell,140,3_reihe,90000,7,diesel,peugeot,nein,2016-03-31 00:00:00,0,47259,2016-04-04 06:46:30
315488,2016-03-15 12:49:43,Smart_smart_&_pure,privat,Angebot,600,control,kleinwagen,1999,,45,fortwo,150000,12,benzin,smart,nein,2016-03-15 00:00:00,0,75433,2016-03-15 12:49:43
239784,2016-03-29 21:55:19,BMW_316i_Liebhaber_Fahrzeug_082250_km,privat,Angebot,1600,test,coupe,1993,automatik,0,3er,90000,10,benzin,bmw,,2016-03-29 00:00:00,0,48157,2016-03-29 22:44:38
122238,2016-03-13 07:52:50,Toyota_Yaris_1.0_linea_sol___Klima___Standheizung,privat,Angebot,990,test,kleinwagen,2001,manuell,68,yaris,150000,9,benzin,toyota,nein,2016-03-13 00:00:00,0,24848,2016-03-13 07:52:50
55281,2016-04-02 15:58:20,Opel_Corsa_1.4_16V,privat,Angebot,7250,control,kleinwagen,2014,manuell,101,corsa,20000,1,benzin,opel,ja,2016-04-02 00:00:00,0,63543,2016-04-06 14:46:15
326081,2016-03-11 22:49:38,Ford_Streetka_1.6_8V_PININFARINA_mit_hardtop,privat,Angebot,3800,control,cabrio,2005,manuell,95,ka,60000,1,benzin,ford,nein,2016-03-11 00:00:00,0,49419,2016-03-14 06:15:10
85830,2016-03-30 15:37:40,Mercedes_Benz_GLK_220__4Mat_Alcantara/_Kamera_7G_TRONIC,privat,Angebot,32499,test,suv,2014,automatik,170,glk,30000,7,diesel,mercedes_benz,nein,2016-03-30 00:00:00,0,75239,2016-04-07 06:15:35
234276,2016-03-15 14:55:16,BMW_118i_Automatik__TÜV_NEU__Scheckheft__8_f.Bereift,privat,Angebot,6800,control,limousine,2005,automatik,129,1er,150000,5,benzin,bmw,nein,2016-03-15 00:00:00,0,45257,2016-03-22 16:45:53
39009,2016-03-20 23:43:51,Subaru_Legacy_Kombi_2.5_4WD,privat,Angebot,5900,control,kombi,2006,manuell,165,legacy,150000,9,benzin,subaru,nein,2016-03-20 00:00:00,0,78730,2016-04-07 09:45:11
33893,2016-03-17 12:53:56,Xantia_1.8_Servo_Klima_TÜV_9/2016,privat,Angebot,644,test,limousine,1998,manuell,110,andere,150000,1,benzin,citroen,nein,2016-03-17 00:00:00,0,47239,2016-04-06 16:45:19
74693,2016-03-12 00:52:40,Citroen_c3,privat,Angebot,8800,test,,2017,manuell,95,c3,30000,4,benzin,citroen,nein,2016-03-11 00:00:00,0,81547,2016-04-05 15:18:17
179052,2016-03-10 00:56:25,Ford_Fiesta_1.3,privat,Angebot,1000,control,kleinwagen,2000,manuell,61,,150000,7,benzin,ford,nein,2016-03-10 00:00:00,0,58455,2016-04-06 01:17:04
303804,2016-03-29 20:45:36,Mitsubishi_Carisma_1.6_16V,privat,Angebot,750,test,limousine,1996,manuell,0,,150000,0,benzin,mitsubishi,ja,2016-03-29 00:00:00,0,26427,2016-03-31 14:17:25
287174,2016-04-01 14:54:25,BMW_318d_touring,privat,Angebot,3199,test,kombi,2003,manuell,116,3er,150000,4,diesel,bmw,nein,2016-04-01 00:00:00,0,85055,2016-04-03 11:49:11
37547,2016-03-29 11:49:19,Caddy_VW_Volkswagen_inca_tuning_rotiform_kW_Lkw_Zulassung_Diesel,privat,Angebot,8500,test,,2018,manuell,105,caddy,150000,6,diesel,volkswagen,nein,2016-03-29 00:00:00,0,6193,2016-04-03 20:17:37
71463,2016-04-02 23:53:50,Opel_Astra_H_GTC_1.6_Turbo,privat,Angebot,9900,test,limousine,2010,manuell,179,astra,80000,12,benzin,opel,,2016-04-02 00:00:00,0,92363,2016-04-03 06:40:56
119540,2016-03-07 13:52:03,Renault_Twingo_1.2_Initiale,privat,Angebot,500,control,kleinwagen,2000,manuell,58,twingo,150000,11,benzin,renault,nein,2016-03-07 00:00:00,0,37431,2016-03-07 17:48:31
20034,2016-03-07 13:49:07,Honda_Jazz,privat,Angebot,5100,control,kleinwagen,2008,automatik,0,jazz,125000,12,benzin,honda,nein,2016-03-07 00:00:00,0,38100,2016-03-09 06:46:18
140381,2016-03-16 18:52:13,Auto_Mercedes,privat,Angebot,1250,control,kleinwagen,2000,manuell,0,a_klasse,150000,10,benzin,mercedes_benz,,2016-03-16 00:00:00,0,77767,2016-03-16 18:52:13
148732,2016-03-13 12:43:00,Opel_Corsa_1.4_16V_Edition_87PS_17_Zoll_Opel_Garantie_11.2017,privat,Angebot,8900,test,andere,2013,manuell,87,corsa,40000,11,benzin,opel,nein,2016-03-13 00:00:00,0,48653,2016-03-13 12:43:00
264875,2016-04-02 21:39:01,Opel_Astra_1.6,privat,Angebot,2600,test,limousine,2002,manuell,101,astra,150000,11,benzin,opel,nein,2016-04-02 00:00:00,0,84387,2016-04-04 19:47:48
35593,2016-03-12 19:37:18,Peugeot_206_90_Quiksilver,privat,Angebot,2099,test,kleinwagen,2005,manuell,88,2_reihe,150000,6,benzin,peugeot,nein,2016-03-12 00:00:00,0,80807,2016-03-21 01:45:59
164774,2016-04-05 12:46:01,Mercedes_Benz_W110_190DC_Heckflosse,privat,Angebot,1000,test,limousine,1961,manuell,55,andere,5000,10,diesel,mercedes_benz,,2016-04-05 00:00:00,0,71134,2016-04-05 12:46:01
36541,2016-03-13 22:37:00,Ford_Fiesta_1.25_Trend,privat,Angebot,2600,control,kleinwagen,2011,manuell,60,fiesta,60000,4,benzin,ford,ja,2016-03-13 00:00:00,0,38820,2016-03-15 00:44:38
161528,2016-03-28 20:56:24,Volkswagen_Touran_2.0_TDI_Highline,privat,Angebot,5200,control,bus,2004,manuell,140,touran,150000,12,diesel,volkswagen,nein,2016-03-28 00:00:00,0,84513,2016-04-01 06:46:19
213181,2016-03-26 21:55:28,Peugeot_206_cc_limitierte_Sport_Edition_Cabrio_Schwarz,privat,Angebot,3950,control,cabrio,2005,automatik,109,2_reihe,90000,6,benzin,peugeot,nein,2016-03-26 00:00:00,0,56288,2016-04-04 21:17:37
343427,2016-03-28 13:38:12,Toyota_Aygo,privat,Angebot,2490,test,kleinwagen,2006,,0,aygo,150000,9,benzin,toyota,,2016-03-28 00:00:00,0,46499,2016-03-30 04:15:21
165258,2016-03-30 14:53:40,Renault_Megane_1.6_16V_110_Dynamique,privat,Angebot,7199,control,limousine,2009,manuell,110,megane,125000,4,benzin,renault,nein,2016-03-30 00:00:00,0,65614,2016-04-07 08:17:28
124694,2016-03-15 09:54:42,Opel_Corsa_D_1.2_Benzin__E10_geeignet__3_Tuerer_Easytronic,privat,Angebot,5999,control,kleinwagen,2010,automatik,80,corsa,50000,2,benzin,opel,nein,2016-03-15 00:00:00,0,12621,2016-03-18 03:16:41
202290,2016-03-05 16:55:29,Schicker_ford_fiesta_mit_neu_tuev,privat,Angebot,850,control,kleinwagen,1997,manuell,75,fiesta,150000,4,,ford,nein,2016-03-05 00:00:00,0,74599,2016-04-07 14:58:30
211350,2016-03-27 11:51:16,Jeep_Cherokee_4_0_Limited,privat,Angebot,0,test,,1995,automatik,0,cherokee,150000,0,,jeep,,2016-03-27 00:00:00,0,24805,2016-04-07 07:16:08
260595,2016-03-09 22:54:51,Golf_3_Bon_Jovi_1.8l_Blau_TÜV_Inspektion_frisch,privat,Angebot,1200,test,kleinwagen,1996,manuell,75,golf,150000,4,benzin,volkswagen,nein,2016-03-09 00:00:00,0,69231,2016-04-05 15:47:50
227876,2016-03-07 20:46:05,Opel_Corsa,privat,Angebot,9800,test,kleinwagen,2013,manuell,95,corsa,40000,8,diesel,opel,,2016-03-07 00:00:00,0,85414,2016-04-05 15:17:21
288145,2016-03-14 21:56:43,Peugeot_206_60_Special,privat,Angebot,800,test,kleinwagen,1999,manuell,60,2_reihe,150000,5,benzin,peugeot,nein,2016-03-14 00:00:00,0,48161,2016-03-19 12:15:22
317606,2016-04-04 15:46:00,Mitsubishi_Spacewagon_mit_Gasanlage,privat,Angebot,600,test,,2000,manuell,133,andere,150000,0,lpg,mitsubishi,ja,2016-04-04 00:00:00,0,52525,2016-04-06 17:16:45
21963,2016-03-05 16:51:59,Peugeot_206_cc,privat,Angebot,4500,control,cabrio,2005,manuell,109,,125000,0,diesel,peugeot,nein,2016-03-05 00:00:00,0,33617,2016-03-16 00:45:08
105340,2016-03-23 23:50:52,Fiat__Punto_1.2_8V_mit_sehr_wenig_KM__Top_Zustand,privat,Angebot,3690,control,kleinwagen,2005,manuell,60,punto,50000,6,benzin,fiat,nein,2016-03-23 00:00:00,0,36199,2016-04-06 17:16:19
23406,2016-03-31 11:58:41,Tausche_BMW,privat,Angebot,9500,control,kombi,2007,automatik,197,3er,150000,12,diesel,bmw,nein,2016-03-31 00:00:00,0,99867,2016-04-02 07:17:27
77309,2016-04-02 08:37:34,Schlachtfahrzeug_Ford_Focus,privat,Angebot,0,control,,2018,manuell,0,focus,150000,0,diesel,ford,,2016-04-02 00:00:00,0,21255,2016-04-06 07:15:33
67266,2016-03-12 08:53:25,320_d_Vollaustung,privat,Angebot,2200,control,limousine,2002,manuell,150,3er,150000,1,diesel,bmw,,2016-03-12 00:00:00,0,26802,2016-03-12 08:53:25
351222,2016-04-04 15:49:15,Verkaufe_blauen_Nissan_micra,privat,Angebot,650,test,kleinwagen,1995,,54,micra,125000,0,,nissan,nein,2016-04-04 00:00:00,0,50170,2016-04-06 17:44:36
251589,2016-03-20 08:53:40,BMW_Cabrio__TÜV_neu__kein_Wart._stau__Top_Ausstattung__Klima_uvm.,privat,Angebot,4650,test,cabrio,1997,manuell,116,3er,150000,3,benzin,bmw,nein,2016-03-20 00:00:00,0,4451,2016-03-22 15:16:59
315840,2016-03-26 10:49:48,Audi_a2_tuev,privat,Angebot,4400,test,kleinwagen,2000,manuell,0,a2,150000,7,benzin,audi,nein,2016-03-26 00:00:00,0,28259,2016-03-27 22:46:28
113188,2016-04-01 10:56:29,Peugeot_307_HDi_SW_110,privat,Angebot,2499,control,kombi,2002,manuell,107,3_reihe,150000,4,diesel,peugeot,nein,2016-04-01 00:00:00,0,16259,2016-04-07 07:46:11
57555,2016-03-16 08:37:15,Super_Familienfahrzeug_mit_7_Plaetzen,privat,Angebot,1700,test,bus,2000,manuell,125,zafira,150000,12,benzin,opel,,2016-03-16 00:00:00,0,58675,2016-03-17 06:45:21
311786,2016-03-15 17:57:40,Mercedes_Benz_ML_270_CDI,privat,Angebot,10800,control,suv,2004,automatik,163,m_klasse,150000,10,diesel,mercedes_benz,nein,2016-03-15 00:00:00,0,79576,2016-03-19 13:18:47
268645,2016-04-01 14:50:18,Renault_Twingo_1.2,privat,Angebot,580,test,kleinwagen,1997,manuell,54,twingo,150000,5,benzin,renault,ja,2016-04-01 00:00:00,0,44388,2016-04-07 12:15:33
111291,2016-04-04 10:57:33,Citroën_BERLINGO_1.9D_Kasten_LKW,privat,Angebot,1500,control,andere,1999,manuell,69,berlingo,150000,4,diesel,citroen,nein,2016-04-04 00:00:00,0,46446,2016-04-06 12:45:41
321368,2016-03-22 07:53:57,Opel_Astra,privat,Angebot,550,control,coupe,1999,manuell,101,astra,150000,9,benzin,opel,nein,2016-03-22 00:00:00,0,67655,2016-04-01 22:17:52
365293,2016-03-12 18:56:38,AUDI_COUPE_GT_5E_Typ_81__B2____2_2_Liter___136_PS___unverbastelt,privat,Angebot,2200,test,coupe,1985,manuell,136,andere,150000,6,benzin,audi,,2016-03-12 00:00:00,0,57223,2016-03-17 22:17:11
291027,2016-03-07 17:42:30,Mazda_323_zu_verkaufen,privat,Angebot,300,test,,2016,manuell,73,3_reihe,150000,1,,mazda,ja,2016-03-07 00:00:00,0,90513,2016-04-06 05:16:51
123772,2016-03-16 14:52:04,Seat_Leon_FR_2.0_TDI_DPF,privat,Angebot,8500,test,limousine,2008,manuell,170,leon,125000,12,diesel,seat,nein,2016-03-16 00:00:00,0,78576,2016-03-17 12:46:48
257281,2016-03-12 13:52:55,Nissan_Micra_1.0_Fresh,privat,Angebot,1400,control,kleinwagen,2001,manuell,60,micra,100000,6,benzin,nissan,nein,2016-03-12 00:00:00,0,41836,2016-03-12 13:52:55
149567,2016-03-27 14:45:20,"Fiat_Ducato_250__2.2ltr.__101PS__""Gepflegter_Zustand""_L2H1",privat,Angebot,4199,control,andere,2007,manuell,0,ducato,150000,6,diesel,fiat,nein,2016-03-27 00:00:00,0,27446,2016-04-03 10:23:19
176170,2016-04-04 21:49:19,Ford_Ka_1.2_Titanium,privat,Angebot,5600,test,kleinwagen,2010,manuell,69,ka,40000,10,benzin,ford,nein,2016-04-04 00:00:00,0,75181,2016-04-07 00:44:55
117647,2016-03-08 22:49:14,Opel_Corsa_B_Viertuerer,privat,Angebot,100,test,kleinwagen,1996,manuell,60,corsa,150000,12,benzin,opel,nein,2016-03-08 00:00:00,0,79777,2016-04-06 20:19:00
262332,2016-04-03 00:54:53,BMW_318d_DPF,privat,Angebot,7550,control,limousine,2008,manuell,143,3er,150000,3,diesel,bmw,nein,2016-04-02 00:00:00,0,9117,2016-04-07 09:15:42
136111,2016-03-20 11:37:36,VW_Lupo_1.4i_16V_voll_Ausstattung,privat,Angebot,3000,test,bus,2000,manuell,75,lupo,150000,11,benzin,volkswagen,,2016-03-20 00:00:00,0,90461,2016-04-06 08:46:35
127550,2016-03-29 18:38:39,VW_Polo_6n2_TDI,privat,Angebot,1300,control,limousine,2001,manuell,75,polo,150000,0,,volkswagen,nein,2016-03-29 00:00:00,0,26817,2016-04-06 04:16:11
356171,2016-04-04 16:45:32,Ford_Mondeo_Futura_X,privat,Angebot,4950,test,limousine,2006,manuell,125,mondeo,125000,7,benzin,ford,nein,2016-04-04 00:00:00,0,96103,2016-04-06 18:18:18
14182,2016-03-16 21:52:49,Mitsubishi_Colt,privat,Angebot,300,control,,2000,manuell,55,colt,150000,4,benzin,mitsubishi,,2016-03-16 00:00:00,0,26789,2016-04-07 13:15:30
298737,2016-03-13 13:06:25,Fiat_Seicento_1.1_Active,privat,Angebot,990,test,kleinwagen,2003,manuell,54,seicento,150000,3,benzin,fiat,nein,2016-03-13 00:00:00,0,63263,2016-03-19 07:17:51
229213,2016-03-31 20:52:59,Trabant_original_Auspuffhalterungen_2x_NEU,privat,Angebot,10,test,,1960,,0,601,5000,0,,trabant,,2016-03-31 00:00:00,0,19348,2016-04-06 15:46:53
79781,2016-03-08 14:47:36,Chevrolet_Spark_8_Fach_bereift,privat,Angebot,4999,test,kleinwagen,2010,manuell,68,spark,50000,9,benzin,chevrolet,nein,2016-03-08 00:00:00,0,81545,2016-03-14 18:46:46
226692,2016-03-07 22:40:50,"Peugeot_207_1_4i__16V__""Sport""",privat,Angebot,5450,test,,2016,manuell,88,,60000,9,,peugeot,nein,2016-03-07 00:00:00,0,58708,2016-04-07 00:44:34
364044,2016-03-25 15:56:20,Volkswagen_Golf_VR6_Highline_Airride,privat,Angebot,6799,test,kleinwagen,2006,manuell,174,golf,150000,6,benzin,volkswagen,nein,2016-03-25 00:00:00,0,50226,2016-04-06 20:16:59
8813,2016-04-02 19:49:54,Mercedes_Benz_E_320_C,privat,Angebot,8500,control,coupe,1993,manuell,220,e_klasse,150000,12,benzin,mercedes_benz,nein,2016-04-02 00:00:00,0,80689,2016-04-06 20:17:11
24612,2016-03-09 21:56:12,Polo_6n_top_Fahrzeug,privat,Angebot,450,test,,1995,,0,polo,150000,0,,volkswagen,,2016-03-09 00:00:00,0,39649,2016-03-26 14:45:33
247351,2016-03-21 23:40:13,Renault_Megane_Dynamic_top_Auto_mit_vielen_Luxus_TÜV_Renault,privat,Angebot,2100,test,limousine,2003,manuell,0,megane,150000,9,benzin,renault,nein,2016-03-21 00:00:00,0,27576,2016-04-03 03:17:15
270910,2016-03-17 18:46:27,Autoverkauf,privat,Angebot,3200,control,,2017,manuell,0,,125000,9,benzin,peugeot,,2016-03-17 00:00:00,0,38822,2016-03-27 10:47:25
369784,2016-03-27 19:51:57,VW_Bully_T3_CAMPER_Raimo_H_Zulassung_Gruene_Plakette,privat,Angebot,5850,control,bus,1984,manuell,57,transporter,80000,3,benzin,volkswagen,nein,2016-03-27 00:00:00,0,64646,2016-03-27 20:42:25
255404,2016-04-01 20:40:19,Audi_A4_Avant_2.5_TDI,privat,Angebot,2000,test,kombi,2001,automatik,150,a4,150000,11,diesel,audi,nein,2016-04-01 00:00:00,0,52351,2016-04-05 17:27:02
171346,2016-03-07 15:50:11,Mercedes_A_140_Halb_Automatik,privat,Angebot,1000,control,kleinwagen,1998,automatik,0,a_klasse,150000,9,benzin,mercedes_benz,nein,2016-03-07 00:00:00,0,64546,2016-03-08 17:27:57
181981,2016-03-25 23:55:35,Vaneo_Automatik_1_9_gasanlage_lpg_prins,privat,Angebot,1660,control,bus,2002,automatik,0,,150000,8,lpg,mercedes_benz,ja,2016-03-25 00:00:00,0,37434,2016-04-05 18:16:26
190124,2016-03-14 17:47:56,Dacia_Duster_1.6_16V_4x2_Prestige,privat,Angebot,6400,test,suv,2010,manuell,105,duster,100000,7,benzin,dacia,nein,2016-03-14 00:00:00,0,66538,2016-04-06 00:46:16
44177,2016-03-30 14:58:50,Fiat_500_Top_Zustand,privat,Angebot,5590,control,kleinwagen,2009,manuell,69,500,50000,5,benzin,fiat,nein,2016-03-30 00:00:00,0,93055,2016-04-07 06:15:47
174052,2016-03-27 21:37:23,»TWINGO_1.2«,privat,Angebot,1850,test,kleinwagen,2003,manuell,59,twingo,100000,6,benzin,renault,nein,2016-03-27 00:00:00,0,74321,2016-04-03 20:46:12
272307,2016-03-10 00:49:33,Sperr_diverential,privat,Angebot,380,control,cabrio,1999,manuell,146,mx_reihe,100000,4,,mazda,,2016-03-09 00:00:00,0,40474,2016-03-12 07:16:07
193386,2016-03-11 13:36:56,Volkswagen_Polo,privat,Angebot,500,test,kleinwagen,1991,,45,polo,125000,5,benzin,volkswagen,nein,2016-03-11 00:00:00,0,6556,2016-04-07 11:44:27
32150,2016-03-21 01:53:03,Honda_Civic_Coupe_1.6i_Automatik_86TKM_Rentnerfahrzeug,privat,Angebot,1800,test,coupe,1996,automatik,105,civic,90000,3,benzin,honda,nein,2016-03-21 00:00:00,0,21109,2016-03-21 08:40:15
265284,2016-03-20 12:49:59,VW_T4_Bus_8_Sitzer_ABL_Transporter_1_9_TDI,privat,Angebot,1450,test,bus,1997,manuell,68,transporter,150000,0,diesel,volkswagen,,2016-03-20 00:00:00,0,85540,2016-03-21 15:20:15
370827,2016-03-19 18:51:31,"Audi_A6_2.0_TDI_DPF_multitronic_18""Rueckfahrkamera_eSd",privat,Angebot,20450,test,limousine,2011,automatik,177,a6,150000,12,diesel,audi,nein,2016-03-19 00:00:00,0,49536,2016-03-22 00:47:27
130809,2016-03-06 20:38:54,Honda_civic_mit_LPG_Autogas,privat,Angebot,2200,control,,2016,manuell,0,civic,150000,0,,honda,nein,2016-03-06 00:00:00,0,58708,2016-03-07 18:18:48
104680,2016-03-05 19:47:09,Renault_Twingo_1.2_16V_Aut._Dynamique,privat,Angebot,1699,test,kleinwagen,2003,automatik,75,twingo,90000,10,benzin,renault,nein,2016-03-05 00:00:00,0,76275,2016-03-06 04:15:18
132441,2016-03-31 11:36:17,Peugeot_307_Sw,privat,Angebot,2500,control,kombi,2002,manuell,108,,150000,4,diesel,peugeot,nein,2016-03-31 00:00:00,0,16259,2016-04-06 05:15:34
13455,2016-03-20 00:58:24,E36_316i_Klimaautomatik___Sitzheizung__Tuev,privat,Angebot,999,control,limousine,1997,manuell,102,3er,5000,0,benzin,bmw,nein,2016-03-19 00:00:00,0,1968,2016-03-20 07:51:20
109889,2016-04-01 09:57:00,Skoda_Octavia_Combi_2.0_TDI_DPF,privat,Angebot,6650,test,kombi,2007,manuell,170,octavia,150000,12,diesel,skoda,nein,2016-04-01 00:00:00,0,56651,2016-04-01 10:43:27
30058,2016-04-01 12:50:19,Audi_A4_Avant_2.5_TDI_quattro_Xenon_Klimaaut._Sitzhzg,privat,Angebot,2690,test,kombi,2002,manuell,179,a4,150000,5,diesel,audi,nein,2016-04-01 00:00:00,0,39418,2016-04-07 09:17:50
80772,2016-04-03 19:47:41,Hyundai_Atos_Prime_neuer_Tuev,privat,Angebot,1350,test,kleinwagen,2001,manuell,55,andere,125000,2,benzin,hyundai,nein,2016-04-03 00:00:00,0,66649,2016-04-05 20:44:36
86419,2016-03-17 13:49:32,Hyundai_sonata_y3__basterler,privat,Angebot,500,control,limousine,1995,automatik,145,andere,150000,5,benzin,hyundai,,2016-03-17 00:00:00,0,49424,2016-04-06 18:45:32
121417,2016-04-04 23:55:52,Nissan_Serena_1.6_SLX_mit_TÜV_07.2017__AHK,privat,Angebot,1650,control,bus,1997,manuell,97,andere,150000,0,benzin,nissan,,2016-04-04 00:00:00,0,29229,2016-04-07 09:15:25
354175,2016-03-14 12:56:33,Volkswagen_Transporter_T4,privat,Angebot,1399,test,bus,1997,manuell,68,transporter,150000,10,diesel,volkswagen,nein,2016-03-14 00:00:00,0,71634,2016-04-05 13:47:23
370506,2016-03-08 04:00:02,Mercedes_Benz_c_200_k_Avantgarde_Sport_Edition__W203,privat,Angebot,7450,control,limousine,2005,manuell,163,c_klasse,150000,7,benzin,mercedes_benz,,2016-03-08 00:00:00,0,50859,2016-04-06 06:46:48
95576,2016-04-03 12:25:15,Volkswagen_Passat_CC_2.0_TDI_DSG,privat,Angebot,12800,control,coupe,2009,automatik,170,passat,150000,1,diesel,volkswagen,nein,2016-04-03 00:00:00,0,61169,2016-04-06 18:47:11
167245,2016-03-14 11:39:15,A6_mit_Motorschaden,privat,Angebot,6000,test,limousine,2004,automatik,224,a6,150000,7,diesel,audi,,2016-03-14 00:00:00,0,63874,2016-03-14 11:39:15
366014,2016-03-06 14:06:20,BMW_335d_Coupe_Aut._M_Ausstattung_M_Fahrwerk,privat,Angebot,12200,control,coupe,2007,automatik,286,3er,150000,10,diesel,bmw,nein,2016-03-06 00:00:00,0,57648,2016-03-06 16:22:13
285372,2016-03-29 19:42:34,BMW_523i,privat,Angebot,1600,control,limousine,1997,manuell,170,5er,150000,9,benzin,bmw,nein,2016-03-29 00:00:00,0,9122,2016-04-06 05:17:37
3161,2016-03-23 09:52:31,Smart_Fortwo_Klima_TÜV_Neu!!!!,privat,Angebot,1599,test,kleinwagen,2001,manuell,54,fortwo,125000,6,benzin,smart,nein,2016-03-23 00:00:00,0,4318,2016-03-26 02:45:44
340378,2016-03-17 00:59:34,Skoda_Roomster_1.2_12V_HTP_Klima,privat,Angebot,3600,test,bus,2009,manuell,69,roomster,150000,7,benzin,skoda,nein,2016-03-16 00:00:00,0,41539,2016-03-25 05:44:31
348414,2016-03-30 13:56:07,Volkswagen_Passat_Variant_1.8_5V_Comfortline,privat,Angebot,2250,test,kombi,1998,automatik,125,passat,150000,12,benzin,volkswagen,nein,2016-03-30 00:00:00,0,64673,2016-03-30 13:56:07
321640,2016-03-19 21:51:16,Mercedes_Benz_C_250_T_CDI_DPF_Avantgarde/Harman/Leder/Navi/xno,privat,Angebot,11900,control,kombi,2010,manuell,204,c_klasse,150000,5,diesel,mercedes_benz,nein,2016-03-19 00:00:00,0,12487,2016-03-23 11:15:38
278532,2016-03-16 15:47:55,Wer_heute_kommt_ohne_Diskussion_kann_ihn_fuer_500€_mitnehmen,privat,Angebot,750,test,kombi,1997,manuell,60,polo,150000,7,benzin,volkswagen,nein,2016-03-16 00:00:00,0,37176,2016-03-16 15:47:55
106543,2016-03-21 13:39:41,Renault_Twingo_an_Bastler_abzugeben,privat,Angebot,150,test,,1995,,0,twingo,150000,11,benzin,renault,,2016-03-21 00:00:00,0,33775,2016-03-25 09:47:51
69171,2016-03-30 09:52:31,Automobil,privat,Angebot,250,control,kleinwagen,1998,manuell,0,lupo,150000,6,benzin,volkswagen,,2016-03-30 00:00:00,0,72213,2016-03-30 09:52:31
300602,2016-03-10 09:36:57,Smart_smart_fortwo_coupe_Brabus,privat,Angebot,4499,test,kleinwagen,2005,automatik,75,fortwo,125000,7,benzin,smart,nein,2016-03-10 00:00:00,0,48712,2016-03-21 18:46:08
352214,2016-03-26 16:46:29,GOLF_PLUS_2.0_TDI__1._HAND__EZ:_2010__TOP_GEPFLEGT,privat,Angebot,7900,control,bus,2010,manuell,140,golf,150000,1,diesel,volkswagen,nein,2016-03-26 00:00:00,0,45897,2016-03-31 12:45:26
25858,2016-03-20 12:42:11,Dodge_RAM_TÜV_neu__AHK_3_5_to,privat,Angebot,5350,test,bus,1999,automatik,245,,100000,7,benzin,sonstige_autos,nein,2016-03-20 00:00:00,0,66128,2016-03-24 03:17:54
344948,2016-03-06 08:37:30,VW_Polo_1.4_Highline_sehr_seltene_Ausstattung_Leder_Automatik,privat,Angebot,4999,test,kleinwagen,2002,automatik,75,polo,125000,4,benzin,volkswagen,nein,2016-03-06 00:00:00,0,12557,2016-04-07 09:45:25
109234,2016-03-19 05:01:45,CITROEN_BERLINGO__1.8_lt_BJ.99_Tuev_05.17_zahnriemen_gerissen,privat,Angebot,399,test,,2017,manuell,66,berlingo,150000,0,benzin,citroen,ja,2016-03-19 00:00:00,0,50769,2016-03-19 06:53:44
179167,2016-03-16 18:39:32,Volkswagen_Caddy_1.9_TDI_2_sitzer,privat,Angebot,4690,control,kombi,2005,manuell,105,caddy,150000,1,diesel,volkswagen,nein,2016-03-16 00:00:00,0,77656,2016-03-23 04:21:18
284966,2016-03-31 10:58:41,Ford_Fiesta_Ghia_Ausstattung,privat,Angebot,350,control,kleinwagen,1997,manuell,75,fiesta,150000,12,benzin,ford,nein,2016-03-31 00:00:00,0,26316,2016-03-31 11:46:45
312566,2016-04-01 15:53:06,Dacia_Duster_zu_verkaufen,privat,Angebot,9250,test,kombi,2012,manuell,77,duster,40000,5,benzin,dacia,nein,2016-04-01 00:00:00,0,47623,2016-04-03 12:22:36
198351,2016-03-31 15:56:08,VW_Jetta_2.0_TDi_Sportline_/NO_GOLF/PASSAT/TOURAN/EOS/,privat,Angebot,5999,control,limousine,2006,manuell,140,jetta,150000,4,diesel,volkswagen,nein,2016-03-31 00:00:00,0,35418,2016-04-04 08:46:18
51753,2016-03-28 14:47:15,BMW__316i_1991,privat,Angebot,2250,test,limousine,1991,manuell,99,3er,150000,2,benzin,bmw,nein,2016-03-28 00:00:00,0,33330,2016-04-06 19:15:39
261589,2016-03-12 12:39:04,Hochzeitauto/oldtimer,privat,Angebot,0,test,coupe,1962,,0,,5000,0,,sonstige_autos,,2016-03-12 00:00:00,0,33378,2016-03-12 12:39:04
31747,2016-04-01 20:50:30,Opel_Corsa_C_1_0/_FESTPREIS/_EZ_2000_130000km_TÜV_11/16,privat,Angebot,890,test,kleinwagen,2000,manuell,58,corsa,150000,11,benzin,opel,ja,2016-04-01 00:00:00,0,24229,2016-04-05 18:18:46
329692,2016-03-10 17:55:40,Wunderschoenes_BMW_3er_Cabrio,privat,Angebot,5600,control,cabrio,2000,automatik,170,3er,150000,8,benzin,bmw,nein,2016-03-10 00:00:00,0,10557,2016-04-05 19:46:09
227710,2016-03-09 22:49:12,Suzuki_Jimny_Automatik_Comfort_4x4_klima,privat,Angebot,5499,test,suv,2015,automatik,86,jimny,5000,8,benzin,suzuki,ja,2016-03-09 00:00:00,0,13437,2016-03-14 19:45:17
258258,2016-03-29 13:45:37,Ford_Focus_DBW,privat,Angebot,0,control,kleinwagen,2002,manuell,100,,150000,10,diesel,ford,,2016-03-29 00:00:00,0,41836,2016-04-05 22:47:34
325837,2016-03-30 23:51:39,BMW_320i_Individual_Liebhaberfahrzeug,privat,Angebot,3490,control,limousine,1998,automatik,150,3er,150000,3,benzin,bmw,nein,2016-03-30 00:00:00,0,55130,2016-04-01 20:10:37
116069,2016-03-11 17:51:38,Golf_Plus_Automatik_122_PS,privat,Angebot,11950,control,bus,2008,automatik,122,golf,20000,9,benzin,volkswagen,nein,2016-03-11 00:00:00,0,23669,2016-04-05 18:45:37
55219,2016-03-24 12:36:18,Chevrolet_Kalos,privat,Angebot,300,test,kleinwagen,2005,,50,andere,150000,3,benzin,chevrolet,ja,2016-03-24 00:00:00,0,27619,2016-04-07 04:45:44
183521,2016-03-18 22:47:12,207_TÜV_noch_1_Jahr,privat,Angebot,1300,test,kleinwagen,2006,manuell,0,2_reihe,150000,12,benzin,peugeot,,2016-03-18 00:00:00,0,66111,2016-03-18 22:47:12
81062,2016-03-20 10:51:54,Pasat_1.9_tdi,privat,Angebot,1800,control,,2017,manuell,0,passat,150000,7,diesel,volkswagen,,2016-03-20 00:00:00,0,84069,2016-04-06 07:45:48
31157,2016-03-27 21:52:58,Audi_A3_Alcantara_mit_frischem_Service,privat,Angebot,2000,test,limousine,2000,manuell,101,a3,150000,7,benzin,audi,nein,2016-03-27 00:00:00,0,1156,2016-04-01 23:45:10
150955,2016-03-08 16:57:59,Toyota_Yaris_Hybrid_1.5_VVT_i_Life,privat,Angebot,10900,test,kleinwagen,2012,automatik,75,yaris,40000,9,hybrid,toyota,nein,2016-03-08 00:00:00,0,79183,2016-04-05 00:17:45
139455,2016-03-23 15:38:48,BMW_525d,privat,Angebot,6700,test,limousine,2004,manuell,177,5er,150000,6,diesel,bmw,nein,2016-03-23 00:00:00,0,41238,2016-04-05 18:17:04
292954,2016-03-10 21:53:16,Audi_A3_2.0_FSI,privat,Angebot,6590,control,limousine,2004,manuell,150,a3,100000,1,benzin,audi,nein,2016-03-10 00:00:00,0,76344,2016-04-07 00:45:28
175375,2016-03-07 21:43:17,Audi_A3_TÜV_NEU!,privat,Angebot,8500,control,kombi,2007,,0,a3,90000,10,benzin,audi,,2016-03-07 00:00:00,0,81379,2016-03-09 13:15:12
52578,2016-03-17 21:47:08,Mercedes_Benz_B_200_Turbo_Panoramadach_AMG_Alu_TÜV_neu,privat,Angebot,6500,test,bus,2005,manuell,193,b_klasse,100000,9,benzin,mercedes_benz,nein,2016-03-17 00:00:00,0,88326,2016-04-07 11:46:43
218356,2016-03-17 13:50:54,E_Klasse_210_E_X_P_O_R_T,privat,Angebot,1000,control,limousine,1999,automatik,204,e_klasse,150000,1,benzin,mercedes_benz,,2016-03-17 00:00:00,0,48159,2016-03-20 15:45:42
359035,2016-03-28 00:54:52,Audi_A4_2.4,privat,Angebot,1950,control,limousine,2000,manuell,165,a4,150000,3,benzin,audi,nein,2016-03-28 00:00:00,0,58642,2016-04-06 10:17:57
138541,2016-03-24 20:55:57,Wegen_Krankheit_zu_verkaufen,privat,Angebot,9800,test,suv,2011,manuell,107,duster,70000,8,diesel,dacia,nein,2016-03-24 00:00:00,0,67112,2016-04-05 14:46:28
359843,2016-03-21 15:53:42,Renault_Espace_3.0_an_Bastler,privat,Angebot,1050,control,bus,2002,automatik,177,espace,150000,11,diesel,renault,ja,2016-03-21 00:00:00,0,84573,2016-04-06 14:44:41
191048,2016-03-17 17:57:25,Audi_90_5_Zylinder_quattro,privat,Angebot,2300,control,limousine,1989,manuell,136,90,150000,11,benzin,audi,,2016-03-17 00:00:00,0,94474,2016-03-25 17:44:56
170818,2016-03-07 22:54:09,Mercedes_500_sec_bj_83_aut,privat,Angebot,3100,test,coupe,1983,automatik,0,s_klasse,150000,4,benzin,mercedes_benz,ja,2016-03-07 00:00:00,0,48599,2016-03-09 12:45:08
46547,2016-03-21 10:55:33,Harlekin_Trabbi_mit_vielen_Ersatzteilen_zum_herrichten,privat,Angebot,600,test,kleinwagen,1989,manuell,26,601,70000,11,andere,trabant,ja,2016-03-21 00:00:00,0,33758,2016-04-06 05:15:21
96543,2016-03-31 10:52:31,Ford_Mondeo_Turnier_2.0_TDCi_Trend,privat,Angebot,7285,control,kombi,2008,manuell,140,mondeo,150000,8,diesel,ford,nein,2016-03-31 00:00:00,0,3185,2016-04-06 04:15:18
45439,2016-03-16 20:44:27,Seat_Seat_Ibiza_1.4_16V_5Tueren_8_fachbereift_TÜV_NEU,privat,Angebot,3990,control,kleinwagen,2005,manuell,75,ibiza,90000,2,benzin,seat,nein,2016-03-16 00:00:00,0,48249,2016-03-24 15:15:52
35821,2016-03-31 12:54:59,Opel_Zafira_1.9,privat,Angebot,3500,test,,2016,manuell,0,zafira,150000,10,diesel,opel,nein,2016-03-31 00:00:00,0,13585,2016-03-31 13:41:46
113023,2016-03-23 15:51:00,Audi_A4_S4_Top_Zustand_TÜV_neu,privat,Angebot,5900,test,kombi,2004,manuell,140,a4,150000,12,diesel,audi,nein,2016-03-23 00:00:00,0,45699,2016-03-27 20:46:12
35123,2016-03-23 14:37:40,Audi_A6_2.7_TDI_tiptronic_DPF_quattro,privat,Angebot,12500,test,limousine,2006,automatik,179,a6,150000,3,diesel,audi,nein,2016-03-23 00:00:00,0,37589,2016-04-05 15:18:18
201635,2016-03-19 14:38:21,Peugeot_206_Gold,privat,Angebot,2100,test,kleinwagen,2004,manuell,75,andere,90000,3,benzin,peugeot,nein,2016-03-19 00:00:00,0,59065,2016-03-28 16:18:56
175637,2016-04-04 15:49:53,Fiat_Fiat_500,privat,Angebot,7999,test,kleinwagen,2012,manuell,0,500,20000,5,benzin,fiat,nein,2016-04-04 00:00:00,0,76771,2016-04-06 17:44:40
83217,2016-03-05 18:54:14,VERKAUFE/_TAUSCHE_OPEL_B_CORSA,privat,Angebot,450,test,,2016,manuell,45,corsa,150000,1,benzin,opel,,2016-03-05 00:00:00,0,64686,2016-03-10 05:17:02
195940,2016-03-12 22:53:36,MINI_John_Cooper_Works_Coupé,privat,Angebot,23900,control,kleinwagen,2011,manuell,211,cooper,40000,8,benzin,mini,nein,2016-03-12 00:00:00,0,75173,2016-04-06 13:45:50
36866,2016-03-29 15:47:55,Ford_Explorer,privat,Angebot,1300,control,suv,1995,automatik,156,andere,150000,7,benzin,ford,ja,2016-03-29 00:00:00,0,68169,2016-04-04 00:18:00
293355,2016-03-28 22:50:38,BMW_316_ti,privat,Angebot,3450,control,andere,2017,manuell,0,3er,150000,0,benzin,bmw,,2016-03-28 00:00:00,0,49406,2016-04-07 08:17:35
173561,2016-03-27 22:49:39,VW_t4_Transporter_Lkw_Zulassung,privat,Angebot,1650,test,,1990,,0,transporter,150000,0,,volkswagen,,2016-03-27 00:00:00,0,15913,2016-04-05 22:46:51
149279,2016-03-22 10:45:07,Vw_bus_allrad_syncro_Doppelkabiner_Pritschenwagen_ladeflaeche,privat,Angebot,4800,control,,2016,manuell,0,transporter,150000,6,,volkswagen,nein,2016-03-22 00:00:00,0,21706,2016-04-05 22:16:17
319449,2016-03-18 17:48:41,Liebhaberstueck__BMW_740i_V8_+Gasanlage,privat,Angebot,2300,test,limousine,1994,automatik,286,7er,150000,6,benzin,bmw,,2016-03-18 00:00:00,0,34134,2016-04-05 22:45:04
149263,2016-04-02 13:52:50,190er_w201_2_6_/_Hobby___Aufgabe_/ABS_/ASD/Klima/199_TÜV_05/16,privat,Angebot,2999,test,limousine,1991,automatik,160,c_klasse,150000,1,benzin,mercedes_benz,ja,2016-04-02 00:00:00,0,22846,2016-04-06 12:46:05
253397,2016-03-12 13:55:32,Renault_twingo_Automatik_Orginal_94.000_tkm_1.Hand_ist_angemeldet,privat,Angebot,890,control,kleinwagen,1997,automatik,0,twingo,100000,7,benzin,renault,nein,2016-03-12 00:00:00,0,60320,2016-03-12 15:46:50
39065,2016-03-28 21:46:39,Mercedes_Benz_SL_500,privat,Angebot,27000,control,cabrio,2001,automatik,306,sl,60000,12,benzin,mercedes_benz,nein,2016-03-28 00:00:00,0,69168,2016-04-07 04:17:38
198022,2016-04-02 16:06:24,Opel_Omega_2.5_TD,privat,Angebot,1900,control,kombi,2000,manuell,131,omega,150000,9,diesel,opel,nein,2016-04-02 00:00:00,0,57539,2016-04-05 23:15:41
14256,2016-04-06 09:25:34,Mercedes_Benz_320,privat,Angebot,8000,control,limousine,2004,automatik,204,andere,150000,6,diesel,mercedes_benz,nein,2016-04-06 00:00:00,0,65428,2016-04-06 09:25:34
187782,2016-03-19 15:45:50,Touran_Highline_KLIMAAUTOMATIK,privat,Angebot,2700,control,kombi,2004,,0,touran,150000,0,diesel,volkswagen,,2016-03-19 00:00:00,0,12557,2016-03-19 15:45:50
167589,2016-03-09 01:57:50,Mercedes_Benz_C_180_T_Kompressor_Avantgarde,privat,Angebot,4500,control,kombi,2003,automatik,143,c_klasse,150000,11,benzin,mercedes_benz,nein,2016-03-09 00:00:00,0,66877,2016-04-04 20:46:23
180028,2016-03-25 17:42:07,Audi_A4_2.0_TDI_DPF_Attraction_mit_Anschlussgarantie,privat,Angebot,19999,test,limousine,2012,manuell,143,a4,40000,11,diesel,audi,nein,2016-03-25 00:00:00,0,85290,2016-04-06 22:44:59
241160,2016-03-07 18:54:54,Peugeot_206_CC_110_Vollleder_ROT,privat,Angebot,1800,control,cabrio,2002,manuell,109,2_reihe,150000,3,benzin,peugeot,nein,2016-03-07 00:00:00,0,46397,2016-03-08 17:19:39
203924,2016-03-28 18:36:20,W_203_C200K_Tuev_04_/_2017,privat,Angebot,3000,control,limousine,2002,manuell,163,c_klasse,150000,8,benzin,mercedes_benz,nein,2016-03-28 00:00:00,0,47445,2016-04-02 23:17:35
189409,2016-04-02 16:46:24,Renault_Megane_Grandtour_dCi_110_FAP_EDC_Paris,privat,Angebot,14500,control,kombi,2013,automatik,110,megane,30000,11,diesel,renault,nein,2016-04-02 00:00:00,0,45219,2016-04-06 15:45:44
342647,2016-03-15 17:58:16,BMW_325i_Touring_Aut.,privat,Angebot,12000,control,kombi,2006,automatik,218,3er,90000,7,benzin,bmw,nein,2016-03-15 00:00:00,0,4425,2016-04-06 18:48:13
236696,2016-04-06 22:25:31,DACIA_LOGAN_DCI_1_5_DIESEL_Gruene_Umweltplakette,privat,Angebot,2250,control,limousine,2006,manuell,68,logan,150000,10,diesel,dacia,nein,2016-04-06 00:00:00,0,60385,2016-04-06 22:25:31
350312,2016-04-01 23:53:14,BMW_X5_3.0d_1.Hand.BMW_Scheckheftgepflegt.Garagenwag,privat,Angebot,17500,control,suv,2007,automatik,235,x_reihe,125000,8,diesel,bmw,nein,2016-04-01 00:00:00,0,58455,2016-04-04 03:17:01
213977,2016-03-29 20:42:11,Bmw_e39_520i_TÜV_neu_Langstrecken_Fahrzeug_Tuning,privat,Angebot,1999,test,limousine,1999,manuell,150,5er,150000,4,benzin,bmw,nein,2016-03-29 00:00:00,0,23795,2016-04-06 06:45:34
87614,2016-03-30 16:56:43,Mercedes_CLK_320_Top_Scheckheft_Rostfrei!!!,privat,Angebot,8300,test,coupe,2003,automatik,218,clk,125000,3,benzin,mercedes_benz,nein,2016-03-30 00:00:00,0,51147,2016-04-01 11:47:10
363866,2016-03-24 19:52:57,Alfa_156_JTS_Selespeed_Distinctive!_Viel_Ausstattung!_Re_Import!,privat,Angebot,370,control,limousine,2002,automatik,166,156,150000,8,benzin,alfa_romeo,,2016-03-24 00:00:00,0,27432,2016-03-26 05:46:52
262134,2016-04-02 17:49:17,BMW_320i_touring*Bluetooth*M_Paket*Klimaautomatik*8_Fach_Bereift,privat,Angebot,1250,control,kombi,1997,manuell,150,3er,150000,5,benzin,bmw,nein,2016-04-02 00:00:00,0,59192,2016-04-06 17:17:41
164594,2016-03-28 18:45:43,Volkswagen_Passat_Variant_1.6_FSI_Trendline,privat,Angebot,5900,control,kombi,2006,manuell,116,passat,150000,5,benzin,volkswagen,nein,2016-03-28 00:00:00,0,53340,2016-04-01 03:45:26
63766,2016-03-27 18:36:57,MINI_ONE_LEDER/KLIMAAUTOMATIK/SCHECKHEFT_LANGSTRECKE__BMW_COOPER_,privat,Angebot,3280,control,kleinwagen,2002,manuell,90,one,150000,9,benzin,mini,nein,2016-03-27 00:00:00,0,40227,2016-03-29 08:15:20
16089,2016-03-22 15:52:50,BMW_320i_Touring_Aut.,privat,Angebot,10390,control,kombi,2006,automatik,150,3er,150000,6,benzin,bmw,nein,2016-03-22 00:00:00,0,86470,2016-04-06 05:45:45
81695,2016-03-07 16:55:07,Peugeot__206_Baujahr_2000,privat,Angebot,449,control,,2016,,60,2_reihe,150000,8,,peugeot,nein,2016-03-07 00:00:00,0,66540,2016-03-07 21:44:23
173577,2016-03-26 17:37:55,BMW_5.28i_//_Top_Angebot_//,privat,Angebot,1650,control,limousine,2000,manuell,193,,150000,0,benzin,bmw,,2016-03-26 00:00:00,0,65428,2016-04-06 17:46:06
238801,2016-03-06 12:36:24,BMW_740_i_mit_vollausstattung__Head_up_Displey_zu__verkaufen,privat,Angebot,19900,test,limousine,2009,automatik,326,7er,100000,3,benzin,bmw,,2016-03-06 00:00:00,0,21509,2016-04-06 05:44:54
312052,2016-04-01 13:50:12,Biete_Audi_A4_B5_1_8t_zum_Tausch,privat,Angebot,0,test,limousine,1998,manuell,0,a4,150000,8,benzin,audi,nein,2016-04-01 00:00:00,0,17033,2016-04-01 13:50:12
346260,2016-03-30 09:36:53,Opel_Vectra_B_Kombi,privat,Angebot,700,control,kombi,1997,manuell,115,vectra,150000,0,benzin,opel,ja,2016-03-30 00:00:00,0,58099,2016-04-01 04:44:23
224377,2016-04-03 20:56:48,Opel_Corsa_C_1.2,privat,Angebot,1655,test,kleinwagen,2001,manuell,75,corsa,100000,3,benzin,opel,nein,2016-04-03 00:00:00,0,33181,2016-04-05 21:47:25
213142,2016-03-11 23:25:21,Renault_Twingo,privat,Angebot,999,control,kleinwagen,2001,manuell,55,twingo,150000,9,benzin,renault,ja,2016-03-11 00:00:00,0,56244,2016-04-06 15:45:04
213400,2016-03-28 18:39:12,VW_Lupo_1_4_16_V,privat,Angebot,1150,control,kleinwagen,2000,manuell,75,lupo,150000,4,benzin,volkswagen,nein,2016-03-28 00:00:00,0,78658,2016-03-30 10:15:22
70703,2016-03-27 00:36:22,Audi_A4_1.8_T,privat,Angebot,1850,test,limousine,1996,manuell,150,a4,150000,4,benzin,audi,nein,2016-03-27 00:00:00,0,91580,2016-03-30 14:17:24
196121,2016-03-05 23:53:36,VW_Caddy_Life__1.9_TDI_DPF__7_Sitze__TÜV_8/17,privat,Angebot,6500,control,kombi,2006,manuell,105,caddy,125000,9,diesel,volkswagen,nein,2016-03-05 00:00:00,0,72820,2016-03-13 00:46:53
295422,2016-03-17 15:48:33,Mazda_6_Sport_kombi_exclusiv_2_0l_cdti,privat,Angebot,4900,test,kombi,2006,manuell,121,,150000,11,diesel,mazda,nein,2016-03-17 00:00:00,0,34253,2016-03-21 20:45:30
40030,2016-04-01 13:49:39,Citroën_C3_1.4_HDi_Confort,privat,Angebot,3100,test,kleinwagen,2005,manuell,68,c3,90000,8,diesel,citroen,nein,2016-04-01 00:00:00,0,93413,2016-04-03 10:44:21
103543,2016-03-07 00:38:33,Volkswagen_Passat_Variant_2.0_TDI_DPF_Comfortline,privat,Angebot,5500,test,kombi,2006,manuell,170,passat,150000,8,diesel,volkswagen,nein,2016-03-06 00:00:00,0,87719,2016-03-30 21:18:25
30624,2016-03-25 12:30:42,Ich_verkaufe_mein_ford_mondeo_tdci,privat,Angebot,700,test,,2017,manuell,130,mondeo,150000,6,diesel,ford,,2016-03-25 00:00:00,0,56332,2016-03-29 19:44:43
274125,2016-03-17 21:52:16,Mercedes_Benz_230CE,privat,Angebot,2600,test,coupe,1990,automatik,136,andere,150000,9,benzin,mercedes_benz,nein,2016-03-17 00:00:00,0,57537,2016-03-19 16:10:33
280216,2016-03-29 15:45:37,Vw_Jetta_2.0_TDI_Klima_TÜV_08/2017,privat,Angebot,6550,control,limousine,2006,manuell,140,jetta,150000,10,diesel,volkswagen,,2016-03-29 00:00:00,0,13347,2016-04-06 01:16:30
126825,2016-04-01 12:56:25,Ford_Mondeo_1.8,privat,Angebot,1790,test,limousine,2001,manuell,110,mondeo,125000,3,benzin,ford,nein,2016-04-01 00:00:00,0,95447,2016-04-03 08:47:20
122864,2016-03-12 13:53:34,Subaru_Justy,privat,Angebot,150,control,,1995,automatik,75,justy,50000,0,benzin,subaru,,2016-03-12 00:00:00,0,35282,2016-04-06 19:17:55
84620,2016-03-09 13:38:16,Citroën_ZX_zu_verkaufen,privat,Angebot,200,control,,2016,manuell,75,andere,150000,4,benzin,citroen,,2016-03-09 00:00:00,0,40470,2016-03-17 07:17:59
82231,2016-04-03 16:38:00,Volkswagen_Scirocco_1.4_TSI,privat,Angebot,14490,control,coupe,2011,manuell,160,scirocco,60000,2,benzin,volkswagen,nein,2016-04-03 00:00:00,0,29456,2016-04-05 15:46:04
184274,2016-03-28 15:46:54,Ford_Mondeo_2.5__Turnier_V6_Ghia,privat,Angebot,1270,control,kombi,2001,manuell,170,mondeo,150000,4,benzin,ford,nein,2016-03-28 00:00:00,0,16515,2016-03-28 15:46:54
5807,2016-03-26 13:44:29,Renault_Koleos,privat,Angebot,8499,control,suv,2008,manuell,173,andere,150000,3,diesel,renault,nein,2016-03-26 00:00:00,0,29699,2016-04-06 01:16:34
298272,2016-03-28 14:50:12,Nissan_Qashqai_1.5_dCi_acenta,privat,Angebot,8900,test,limousine,2010,manuell,106,qashqai,150000,6,diesel,nissan,nein,2016-03-28 00:00:00,0,90579,2016-04-06 19:16:24
129329,2016-03-17 22:51:37,E200_w124_limosine,privat,Angebot,1000,test,limousine,1994,manuell,136,e_klasse,150000,8,benzin,mercedes_benz,nein,2016-03-17 00:00:00,0,35274,2016-03-21 05:48:30
95240,2016-04-04 19:41:36,Bmw_e61_530D,privat,Angebot,8500,test,kombi,2005,manuell,218,,150000,4,,bmw,nein,2016-04-04 00:00:00,0,94099,2016-04-06 21:45:36
59147,2016-03-25 23:51:37,Opel_Vectra_2.0_Elegance,privat,Angebot,1490,control,limousine,1999,manuell,136,vectra,150000,4,benzin,opel,nein,2016-03-25 00:00:00,0,35066,2016-03-27 18:18:45
275046,2016-04-02 12:54:14,Mercedes_c320_cdi_TÜV_04/18,privat,Angebot,12999,test,limousine,2009,manuell,224,c_klasse,150000,3,diesel,mercedes_benz,nein,2016-04-02 00:00:00,0,46562,2016-04-06 11:15:20
204323,2016-03-23 00:59:51,Audi_A3_2.0_TDI_Sportback_DPF_Ambientee,privat,Angebot,3550,test,kombi,2006,manuell,170,a3,150000,7,diesel,audi,nein,2016-03-22 00:00:00,0,88422,2016-03-23 05:54:52
320017,2016-03-28 12:45:30,Reserviert:___VW_Polo__schwarz,privat,Angebot,100,test,kleinwagen,1999,manuell,0,polo,150000,3,benzin,volkswagen,,2016-03-28 00:00:00,0,70794,2016-03-28 12:45:30
144782,2016-03-12 11:51:53,Fiat_Seicento_1.1,privat,Angebot,777,test,kleinwagen,1999,manuell,54,seicento,150000,7,benzin,fiat,nein,2016-03-12 00:00:00,0,63454,2016-03-13 03:15:49
51132,2016-03-20 15:53:50,Super_Cabrio_Alfa_Romeo_mit_TÜV_bis_11/17,privat,Angebot,12500,control,cabrio,1988,manuell,85,spider,125000,1,benzin,alfa_romeo,ja,2016-03-20 00:00:00,0,41065,2016-03-27 03:45:33
350188,2016-03-28 14:37:10,VW_Golf_4_Top_Zustand_Scheckheft_Nichtraucher_5_Tuerer,privat,Angebot,2200,test,limousine,1999,manuell,75,golf,125000,7,benzin,volkswagen,nein,2016-03-28 00:00:00,0,30163,2016-04-02 18:45:57
252569,2016-04-03 14:55:00,Audi_A3_TÜV_neu,privat,Angebot,6000,test,limousine,2007,manuell,102,a3,125000,8,benzin,audi,,2016-04-03 00:00:00,0,6110,2016-04-05 14:15:38
350249,2016-03-07 23:52:47,Renault_Twingo_mit_Faltdach._TÜV_neu!,privat,Angebot,1200,test,limousine,2002,manuell,0,,150000,6,benzin,renault,nein,2016-03-07 00:00:00,0,88131,2016-03-28 16:47:44
278489,2016-03-28 17:42:44,Opel_Omega_B_2.5l_V6,privat,Angebot,350,test,kombi,1996,manuell,170,omega,150000,12,benzin,opel,,2016-03-28 00:00:00,0,83137,2016-04-06 23:15:57
273594,2016-03-29 18:51:58,Hyundai_Terracan_2.9_CRDi_GLS,privat,Angebot,3600,control,suv,2004,manuell,163,andere,150000,4,diesel,hyundai,nein,2016-03-29 00:00:00,0,42799,2016-04-06 04:45:51
356706,2016-03-16 16:44:07,Nur_heute_4000€_Audi_A4__TÜV_NEU_3/18_mit_18,privat,Angebot,4300,control,,2018,manuell,131,a4,150000,3,,audi,nein,2016-03-16 00:00:00,0,4157,2016-03-17 14:44:55
